{
"type": "FeatureCollection",
"name": "state_boundaries_simplified",
"crs": { "type": "name", "properties": { "name": "urn:ogc:def:crs:OGC:1.3:CRS84" } },
"features": [
{ "type": "Feature", "properties": { "Name": "West Bengal" }, "geometry": { "type": "MultiPolygon", "coordinates": [ [ [ [ 88.018608093261776, 21.57277870178234 ], [ 88.02054595947294, 21.566669464111385 ], [ 88.016670227050824, 21.572208404541065 ], [ 88.0158309936525, 21.581670761108509 ], [ 88.018608093261776, 21.57277870178234 ] ] ], [ [ [ 88.177780151367358, 21.60111045837413 ], [ 88.18888854980473, 21.581939697265621 ], [ 88.186668395996378, 21.559999465942496 ], [ 88.167778015137003, 21.591665267944332 ], [ 88.177780151367358, 21.60111045837413 ] ] ], [ [ [ 88.834724426269588, 21.607221603393668 ], [ 88.876113891601619, 21.592222213745117 ], [ 88.903610229492415, 21.555833816528256 ], [ 88.842781066894602, 21.553888320922965 ], [ 88.828330993652457, 21.576942443847763 ], [ 88.834724426269588, 21.607221603393668 ] ] ], [ [ [ 88.497711181640682, 21.599754333496136 ], [ 88.533889770507983, 21.578060150146477 ], [ 88.531387329101733, 21.542499542236452 ], [ 88.506111145019759, 21.541110992431701 ], [ 88.511672973633097, 21.558061599731491 ], [ 88.503051757812557, 21.565280914306641 ], [ 88.504173278808636, 21.544452667236321 ], [ 88.481704711914276, 21.554725646972699 ], [ 88.497711181640682, 21.599754333496136 ] ] ], [ [ [ 88.936050415039105, 22.621570587158192 ], [ 88.936508178711094, 22.619136810302781 ], [ 88.934570312500099, 22.621492385864258 ], [ 88.936050415039105, 22.621570587158192 ] ] ], [ [ [ 88.897536566435022, 22.363639802847025 ], [ 88.898612976074261, 22.336673736572326 ], [ 88.877372741699162, 22.361070632934673 ], [ 88.860832214355455, 22.370832443237354 ], [ 88.861663818359418, 22.410554885864251 ], [ 88.880577087402628, 22.403211593627923 ], [ 88.875396728515682, 22.385429382324332 ], [ 88.883750915527386, 22.371992111206097 ], [ 88.897536566435022, 22.363639802847025 ] ] ], [ [ [ 88.920062676498176, 22.391111373901474 ], [ 88.927688598633097, 22.402713775634876 ], [ 88.907775878906293, 22.415832519531254 ], [ 88.916380266565156, 22.427462800697231 ], [ 88.894721984863224, 22.466112136840874 ], [ 88.906967163086094, 22.496198654174904 ], [ 88.907659913045734, 22.521206601031068 ], [ 88.901863098144588, 22.546442031860401 ], [ 88.895042419433651, 22.559640884399531 ], [ 88.920021057128963, 22.565420150756893 ], [ 88.959960937499943, 22.54862022399908 ], [ 88.998611450195369, 22.430292129516651 ], [ 88.964164733886889, 22.409166336059684 ], [ 88.95777893066429, 22.36472129821782 ], [ 88.935279846191463, 22.395830154418885 ], [ 88.941963195800824, 22.400281906128043 ], [ 88.940208435058651, 22.418500900268544 ], [ 88.94660186767571, 22.420572280883906 ], [ 88.939445495605526, 22.419010162353505 ], [ 88.934150695801065, 22.395862579345806 ], [ 88.953475952148366, 22.365531921386776 ], [ 88.942169189453409, 22.309921264648548 ], [ 88.906440734863338, 22.337751388549744 ], [ 88.896530151367244, 22.380910873413072 ], [ 88.920062676498176, 22.391111373901474 ] ] ], [ [ [ 88.781387329101847, 22.500562667846729 ], [ 88.809837341308707, 22.481193542480582 ], [ 88.812347412109531, 22.454179763794059 ], [ 88.827301025390668, 22.446769714355465 ], [ 88.821685791015781, 22.434789657592891 ], [ 88.834831237792912, 22.43380355834972 ], [ 88.819229125976719, 22.43225288391125 ], [ 88.803970336914219, 22.444452285766715 ], [ 88.800804138183807, 22.461118698120227 ], [ 88.781387329101847, 22.500562667846729 ] ] ], [ [ [ 88.886725864116585, 22.37279596175469 ], [ 88.882186889648438, 22.403636932373093 ], [ 88.855979919433864, 22.423391342163026 ], [ 88.867736816406307, 22.487867355346616 ], [ 88.860237121582202, 22.500257492065359 ], [ 88.843612670898381, 22.507398605346744 ], [ 88.856666564941449, 22.509973526001026 ], [ 88.868278503417955, 22.522939682006935 ], [ 88.868957519531364, 22.540473937988331 ], [ 88.87750244140652, 22.54111289978027 ], [ 88.891618768917411, 22.557003113934879 ], [ 88.905776977539176, 22.521133422851559 ], [ 88.892326354980526, 22.465353012084911 ], [ 88.902778625488452, 22.414724349975646 ], [ 88.921669006347656, 22.400552749633896 ], [ 88.895812988281534, 22.383964538574155 ], [ 88.898056030273494, 22.366666793823299 ], [ 88.886725864116585, 22.37279596175469 ] ] ], [ [ [ 88.138023376465128, 21.898029327392688 ], [ 88.138595581054958, 21.898099899292102 ], [ 88.13780975341821, 21.896150588989251 ], [ 88.138023376465128, 21.898029327392688 ] ] ], [ [ [ 88.031387329101605, 22.06056022644054 ], [ 88.029167175292898, 22.058889389038203 ], [ 88.027496337890796, 22.061946868896477 ], [ 88.029441833496165, 22.062498092651481 ], [ 88.031387329101605, 22.06056022644054 ] ] ], [ [ [ 88.635826110839886, 22.050819396972706 ], [ 88.629447937011889, 22.0525016784669 ], [ 88.628608703613565, 22.061950683593853 ], [ 88.632225036621364, 22.061668395996083 ], [ 88.635826110839886, 22.050819396972706 ] ] ], [ [ [ 88.731437683105582, 22.045246124267631 ], [ 88.733390808105625, 22.043600082397568 ], [ 88.733985900878906, 22.042261123657223 ], [ 88.730934143066392, 22.043598175048775 ], [ 88.731437683105582, 22.045246124267631 ] ] ], [ [ [ 88.690055847168068, 22.079984664917053 ], [ 88.688964843750156, 22.081111907959087 ], [ 88.688995361328182, 22.081903457641594 ], [ 88.690361022949446, 22.081071853637805 ], [ 88.690055847168068, 22.079984664917053 ] ] ], [ [ [ 88.657226562500284, 21.954120635986428 ], [ 88.628334045410142, 21.960336685180778 ], [ 88.652938842773423, 22.01913070678722 ], [ 88.715782165527628, 22.000640869140621 ], [ 88.693084716797173, 21.969800949096786 ], [ 88.686439514160099, 21.973501205444336 ], [ 88.692871093750284, 21.984052658081104 ], [ 88.690086364746264, 21.989540100097653 ], [ 88.686668395996264, 21.991109848022511 ], [ 88.684822082519588, 21.97406005859386 ], [ 88.693611145019759, 21.959931684564598 ], [ 88.657226562500284, 21.954120635986428 ] ] ], [ [ [ 88.759162902832017, 21.998607635498047 ], [ 88.752777099609645, 21.988332748413026 ], [ 88.742835998535213, 21.983400344848686 ], [ 88.758293151855753, 22.007120132446229 ], [ 88.759162902832017, 21.998607635498047 ] ] ], [ [ [ 88.884299057976676, 22.084521029242513 ], [ 88.905284192685428, 22.085727736853563 ], [ 88.891072357940274, 22.065770689572336 ], [ 88.903711819479568, 22.049018867340859 ], [ 88.893551869534136, 22.015817602340601 ], [ 88.86954294019877, 22.027973256739607 ], [ 88.803563741445984, 22.033718466530164 ], [ 88.763770604159689, 22.021623288023711 ], [ 88.747925920316206, 22.059844052104143 ], [ 88.807676102138188, 22.125641823179365 ], [ 88.843840685872522, 22.12031994463652 ], [ 88.85303302153747, 22.099153382250186 ], [ 88.874925294634167, 22.084639168042411 ], [ 88.884299057976676, 22.084521029242513 ] ] ], [ [ [ 88.106948852539333, 21.893600463867177 ], [ 88.109298706054858, 21.883880615234371 ], [ 88.104446411132855, 21.897779464721676 ], [ 88.112777709960938, 21.910554885864368 ], [ 88.106948852539333, 21.893600463867177 ] ] ], [ [ [ 88.134788513183878, 21.926744461059624 ], [ 88.144622802734375, 21.91526031494146 ], [ 88.129447937012003, 21.898889541626041 ], [ 88.116111755371378, 21.918319702148555 ], [ 88.134788513183878, 21.926744461059624 ] ] ], [ [ [ 88.163330078125057, 21.937221527099606 ], [ 88.171401977539333, 21.932218551635856 ], [ 88.165267944336165, 21.916110992431687 ], [ 88.159721374511776, 21.928609848022571 ], [ 88.163330078125057, 21.937221527099606 ] ] ], [ [ [ 88.141387939453125, 22.02639007568359 ], [ 88.087501525879176, 21.932779312133789 ], [ 88.047225952148494, 21.911670684814446 ], [ 88.073326110839886, 21.995281219482525 ], [ 88.141387939453125, 22.02639007568359 ] ] ], [ [ [ 88.720397949218679, 22.097198486328175 ], [ 88.705932617187656, 22.089693069458114 ], [ 88.692886352539333, 22.078077316284237 ], [ 88.694839477538991, 22.087472915649403 ], [ 88.720397949218679, 22.097198486328175 ] ] ], [ [ [ 88.729278564453338, 22.113620758056641 ], [ 88.729850769043196, 22.12344932556157 ], [ 88.736274719238281, 22.128776550292969 ], [ 88.735519409179673, 22.123619079589847 ], [ 88.729278564453338, 22.113620758056641 ] ] ], [ [ [ 88.984756469726506, 22.382432937622177 ], [ 88.983612060546804, 22.325338363647568 ], [ 89.023330688476562, 22.297502517700249 ], [ 88.993888854980568, 22.286111831665156 ], [ 89.017745971679631, 22.268312454223697 ], [ 89.014549255371264, 22.251598358154343 ], [ 89.032394409179958, 22.257299423217763 ], [ 89.037048339843906, 22.226713180542106 ], [ 89.066902160644801, 22.19831466674804 ], [ 89.068641662597926, 22.14736175537114 ], [ 89.096260070800824, 22.155012130737411 ], [ 89.062187194824162, 22.128429412841907 ], [ 89.02294921875, 22.166261672973683 ], [ 89.019721984863267, 22.20555305480962 ], [ 88.972518920898722, 22.209711074829105 ], [ 88.947219848632983, 22.255559921264641 ], [ 88.967361450195597, 22.407690048217816 ], [ 88.984756469726506, 22.382432937622177 ] ] ], [ [ [ 88.695190429687784, 22.208612442016655 ], [ 88.73189544677733, 22.193990707397457 ], [ 88.764976501465128, 22.192199707031303 ], [ 88.768898010253906, 22.180019378662106 ], [ 88.789169311523665, 22.169448852539052 ], [ 88.73805236816429, 22.134540557861438 ], [ 88.683052062988438, 22.080831527709897 ], [ 88.691116333007855, 22.057052612304691 ], [ 88.735740661621151, 22.031614303588984 ], [ 88.739677429199389, 22.017696380615231 ], [ 88.721046447753963, 22.005300521850518 ], [ 88.663772583007969, 22.023761749267518 ], [ 88.634185791015568, 22.106210708618221 ], [ 88.652862548828239, 22.163391113281296 ], [ 88.695190429687784, 22.208612442016655 ] ] ], [ [ [ 88.865142822265739, 22.166990280151474 ], [ 88.899940490722656, 22.148092269897514 ], [ 88.923027038574261, 22.108129501342766 ], [ 88.915748596191563, 22.090299606323292 ], [ 88.896446228027287, 22.090795516967777 ], [ 88.892219543457301, 22.114448547363217 ], [ 88.894966125488267, 22.091222763061573 ], [ 88.872253417968921, 22.08780479431158 ], [ 88.84586334228544, 22.121961593627987 ], [ 88.830696105957031, 22.127080917358459 ], [ 88.860244750976719, 22.142448425293075 ], [ 88.860985601405503, 22.147692845493964 ], [ 88.848846435546932, 22.168888092041126 ], [ 88.865142822265739, 22.166990280151474 ] ] ], [ [ [ 88.860545134503738, 22.14760327268451 ], [ 88.804611206054901, 22.130540847778317 ], [ 88.777641296386875, 22.111221313476548 ], [ 88.739166259765682, 22.056991577148548 ], [ 88.704719543457315, 22.065000534057553 ], [ 88.749160766601833, 22.135000228881783 ], [ 88.809196472168182, 22.179410934448356 ], [ 88.829589843750057, 22.165290832519588 ], [ 88.838272094726491, 22.167032241821342 ], [ 88.840507507324503, 22.174940109252979 ], [ 88.828453063965057, 22.208322525024524 ], [ 88.835472106933594, 22.20673561096196 ], [ 88.838867187500156, 22.193601608276364 ], [ 88.844276428222713, 22.189271926879822 ], [ 88.847633361816577, 22.189632415771527 ], [ 88.850250244140909, 22.192199707031303 ], [ 88.853744506836108, 22.204702377319382 ], [ 88.862342834472813, 22.200693130493278 ], [ 88.868057250976719, 22.170711517334038 ], [ 88.850791931152401, 22.173564910888718 ], [ 88.843299865722713, 22.167179107666115 ], [ 88.846138000488267, 22.147348403930661 ], [ 88.860545134503738, 22.14760327268451 ] ] ], [ [ [ 88.932373046875043, 22.225000381469723 ], [ 88.954185485840114, 22.221603393554808 ], [ 88.961585998535369, 22.197210311889645 ], [ 88.94140625000027, 22.19218826293945 ], [ 88.931480407715114, 22.177011489868271 ], [ 88.908065795898551, 22.196310043335014 ], [ 88.916671752929844, 22.208261489868217 ], [ 88.918792724609546, 22.23080825805669 ], [ 88.932373046875043, 22.225000381469723 ] ] ], [ [ [ 88.812599182128963, 22.283391952514584 ], [ 88.825675964355412, 22.241441726684613 ], [ 88.798469543457017, 22.225973129272568 ], [ 88.805541992187543, 22.208353042602528 ], [ 88.818229675293082, 22.195589065551758 ], [ 88.827499389648665, 22.194986343383729 ], [ 88.834053039550895, 22.16685295104973 ], [ 88.809616088867472, 22.18333816528326 ], [ 88.794151306152628, 22.170570373535146 ], [ 88.767440795898494, 22.194210052490295 ], [ 88.747245788574489, 22.198629379272511 ], [ 88.752937316894588, 22.231452941894577 ], [ 88.791564941406406, 22.25843620300293 ], [ 88.795051574707088, 22.276075363159233 ], [ 88.812599182128963, 22.283391952514584 ] ] ], [ [ [ 88.849861145019815, 22.362916946411186 ], [ 88.936927795410156, 22.299112319946403 ], [ 88.93033599853544, 22.25941276550293 ], [ 88.954078674316577, 22.225240707397457 ], [ 88.918968200683764, 22.23303222656261 ], [ 88.91387176513679, 22.219903945922898 ], [ 88.887046813965128, 22.236299514770554 ], [ 88.895477294921974, 22.252389907837021 ], [ 88.887611389160426, 22.265932083129989 ], [ 88.876770019531534, 22.274492263794052 ], [ 88.872619628906406, 22.274549484252983 ], [ 88.865097045898494, 22.270809173583974 ], [ 88.863151550293026, 22.276399612426868 ], [ 88.849967956542955, 22.28930854797369 ], [ 88.843330383301009, 22.289720535278363 ], [ 88.864860534668026, 22.270151138305657 ], [ 88.887237548828409, 22.264909744262749 ], [ 88.885658264160213, 22.236213684082085 ], [ 88.913887023925824, 22.216108322143551 ], [ 88.904487609863452, 22.197242736816406 ], [ 88.918609619140796, 22.165349960327148 ], [ 88.898223876953111, 22.177907943725696 ], [ 88.872268676757812, 22.171369552612347 ], [ 88.866180419921875, 22.194147109985401 ], [ 88.883438110351833, 22.200052261352592 ], [ 88.88608551025419, 22.206823348999084 ], [ 88.8835067749025, 22.212270736694329 ], [ 88.841011047363324, 22.214263916015629 ], [ 88.875839233398381, 22.252803802490345 ], [ 88.839431762695483, 22.215526580810597 ], [ 88.841949462890625, 22.211740493774521 ], [ 88.849464416504176, 22.20978927612304 ], [ 88.882278442383083, 22.211599349975639 ], [ 88.881080627441477, 22.200164794921939 ], [ 88.85446929931652, 22.206212997436531 ], [ 88.844268798828168, 22.19031715393071 ], [ 88.836791992187486, 22.207059860229599 ], [ 88.829902648925952, 22.210130691528381 ], [ 88.824615478515682, 22.204336166381886 ], [ 88.825462341308878, 22.198400497436573 ], [ 88.819488525390852, 22.196359634399414 ], [ 88.800559997558594, 22.225841522216861 ], [ 88.818550109863338, 22.230939865112248 ], [ 88.828422546386776, 22.24190521240234 ], [ 88.829566955566463, 22.253721237182667 ], [ 88.815452575683651, 22.282972335815536 ], [ 88.806526184082259, 22.285749435424798 ], [ 88.812232971191463, 22.315832138061516 ], [ 88.804168701172031, 22.329721450805717 ], [ 88.807777404785327, 22.333890914917106 ], [ 88.818336486816477, 22.358892440796012 ], [ 88.836112976074503, 22.358335494995234 ], [ 88.849861145019815, 22.362916946411186 ] ] ], [ [ [ 88.971669241424607, 22.043113648417993 ], [ 88.962294060627215, 22.061097666959839 ], [ 88.997037460887071, 22.137085625926876 ], [ 88.97260520030396, 22.194477247940171 ], [ 89.003085050140299, 22.198831512202517 ], [ 89.019413541124052, 22.151418412457069 ], [ 89.04989339096042, 22.131098512566165 ], [ 89.031387767845473, 22.085257786026556 ], [ 89.077445983886662, 21.990392684936634 ], [ 89.062469482421932, 21.933736801147575 ], [ 89.043327331543125, 21.932901382446396 ], [ 89.04103851318375, 21.951044082641531 ], [ 89.04146575927733, 21.932630538940369 ], [ 89.049423217773594, 21.929708480835007 ], [ 89.030792236328182, 21.92630577087413 ], [ 89.00099945068375, 21.94735145568853 ], [ 89.017677307128963, 21.980081558227539 ], [ 89.011817932129006, 21.985221862793026 ], [ 89.002303772865218, 21.984162538621504 ], [ 88.992439270019531, 21.973630905151484 ], [ 88.989692687988381, 21.985670089721669 ], [ 88.974468613742644, 21.992768727799223 ], [ 88.979156494140668, 22.004720687866321 ], [ 88.968078613281477, 22.01554107666021 ], [ 88.979260202063216, 22.038357718133568 ], [ 88.971669241424607, 22.043113648417993 ] ] ], [ [ [ 88.971193459276421, 21.993248852563923 ], [ 88.990966796875213, 21.970291137695309 ], [ 89.013015747070469, 21.980443954467827 ], [ 88.990936279296918, 21.951934814453232 ], [ 89.021347045898708, 21.921659469604549 ], [ 89.013702392578409, 21.902275085449279 ], [ 88.968833923340071, 21.921138763427674 ], [ 88.971969604492145, 21.928653717041062 ], [ 88.964675903320597, 21.934801101684684 ], [ 88.976188659668139, 21.938953399658253 ], [ 88.976387023925938, 21.946111679077195 ], [ 88.962501525878906, 21.934999465942496 ], [ 88.966102600097813, 21.922929763794002 ], [ 88.938423156738452, 21.934160232543995 ], [ 88.9127197265625, 21.994359970092827 ], [ 88.901435852050938, 22.065282821655323 ], [ 88.930717468262017, 22.098100662231381 ], [ 88.923248291015852, 22.122941970825195 ], [ 88.930938720703409, 22.122644424438594 ], [ 88.940345764160327, 22.127977371215881 ], [ 88.936477661132926, 22.142812728881953 ], [ 88.938316345215057, 22.126890182495181 ], [ 88.913169860840114, 22.13002967834478 ], [ 88.893447875976548, 22.166742324829215 ], [ 88.921112060546875, 22.16167068481445 ], [ 88.94309997558598, 22.190498352050888 ], [ 88.960891723632926, 22.189123153686641 ], [ 88.984992980957031, 22.127742767333974 ], [ 88.966941833496136, 22.078611373901371 ], [ 88.924636840820597, 22.064592361450192 ], [ 88.923942565918139, 22.024202346801808 ], [ 88.931106567383083, 22.000001907348746 ], [ 88.946105957031293, 22.000001907348746 ], [ 88.93486022949223, 22.055139541626087 ], [ 88.962806701660256, 22.057729721069435 ], [ 88.96146392822277, 22.048997879028374 ], [ 88.977096557617472, 22.038393020629822 ], [ 88.962219238281534, 22.0172214508056 ], [ 88.971193459276421, 21.993248852563923 ] ] ], [ [ [ 88.504722595214844, 21.912780761718807 ], [ 88.490280151367415, 21.889444351196286 ], [ 88.476936340332259, 21.89833068847668 ], [ 88.488609313965142, 21.910280227661122 ], [ 88.504722595214844, 21.912780761718807 ] ] ], [ [ [ 88.422561645507855, 21.903940200805657 ], [ 88.42277526855473, 21.906110763549911 ], [ 88.425483703613565, 21.90472221374517 ], [ 88.422561645507855, 21.903940200805657 ] ] ], [ [ [ 88.723325850140242, 21.968745805827901 ], [ 88.750748128634442, 21.979063378654022 ], [ 88.75070953369152, 21.954851150512638 ], [ 88.775840759277628, 21.941450119018555 ], [ 88.786453247070298, 21.952650070190536 ], [ 88.788116455078281, 21.941459655761655 ], [ 88.805267333984304, 21.933059692382752 ], [ 88.790321350097713, 21.920320510864371 ], [ 88.761680603027401, 21.930810928344833 ], [ 88.73388671875027, 21.924442291259766 ], [ 88.723325850140242, 21.968745805827901 ] ] ], [ [ [ 88.873623263345607, 22.013546516555959 ], [ 88.904167175293026, 22.008611679077145 ], [ 88.8974609375, 21.92283821105957 ], [ 88.849700927734489, 21.920391082763668 ], [ 88.790557861328395, 21.941669464111389 ], [ 88.787223815918026, 21.954999923706055 ], [ 88.775558471679858, 21.943330764770568 ], [ 88.751663208007926, 21.956939697265621 ], [ 88.756942749023494, 21.974445343017628 ], [ 88.749901466138979, 21.983296691131287 ], [ 88.782623726027452, 21.986335043018123 ], [ 88.753771923261013, 21.988255714318921 ], [ 88.760242843762001, 21.997327098198781 ], [ 88.762903783033423, 22.014865107033145 ], [ 88.802031685501831, 22.029197893563328 ], [ 88.873623263345607, 22.013546516555959 ] ] ], [ [ [ 88.452453613281421, 21.906337738037159 ], [ 88.445678710937784, 21.906129837036186 ], [ 88.442260742187784, 21.908769607543995 ], [ 88.456474304199219, 21.913814544677791 ], [ 88.452453613281421, 21.906337738037159 ] ] ], [ [ [ 88.965766906738324, 21.641534805297855 ], [ 88.969902038574375, 21.640340805053764 ], [ 88.986549377441463, 21.644840240478569 ], [ 88.991386413574503, 21.643569946289066 ], [ 88.992500305175824, 21.616666793823288 ], [ 88.955917358398722, 21.61756706237793 ], [ 88.939720153808707, 21.6466674804688 ], [ 88.955207824707188, 21.677091598510749 ], [ 88.961616516113565, 21.664192199707028 ], [ 88.962020874023722, 21.64867973327636 ], [ 88.965766906738324, 21.641534805297855 ] ] ], [ [ [ 88.537216186523494, 21.638620376586843 ], [ 88.587501525878892, 21.601942062377923 ], [ 88.575546264648665, 21.574171066284233 ], [ 88.550003051757869, 21.56361007690435 ], [ 88.536949157715, 21.58695030212407 ], [ 88.542861938476719, 21.589162826538082 ], [ 88.556358337402273, 21.599111557006886 ], [ 88.556663513183821, 21.604446411132809 ], [ 88.536933898925952, 21.588397979736385 ], [ 88.510002136230568, 21.602220535278317 ], [ 88.52437591552733, 21.653200149536183 ], [ 88.537216186523494, 21.638620376586843 ] ] ], [ [ [ 88.728851318359361, 21.637081146240345 ], [ 88.735580444335994, 21.611051559448175 ], [ 88.757186889648537, 21.598979949951293 ], [ 88.748138427734432, 21.590951919555657 ], [ 88.746948242187656, 21.577499389648533 ], [ 88.735832214355582, 21.571672439575135 ], [ 88.707206726074503, 21.594221115112418 ], [ 88.728851318359361, 21.637081146240345 ] ] ], [ [ [ 88.771942138671875, 21.65306282043468 ], [ 88.782218933105639, 21.596111297607532 ], [ 88.7980575561525, 21.591665267944332 ], [ 88.751945495605511, 21.576665878296001 ], [ 88.758239746093807, 21.600038528442486 ], [ 88.736076354980653, 21.612409591674808 ], [ 88.729568481445483, 21.639949798584098 ], [ 88.771942138671875, 21.65306282043468 ] ] ], [ [ [ 88.892356872558821, 21.652090072631825 ], [ 88.893890380859432, 21.649166107177738 ], [ 88.889007568359318, 21.654573440551811 ], [ 88.889999389648594, 21.654470443725632 ], [ 88.892356872558821, 21.652090072631825 ] ] ], [ [ [ 88.984489440918026, 21.70568847656261 ], [ 88.987907409668182, 21.652980804443356 ], [ 88.996391296386662, 21.649038314819329 ], [ 89.022758483886719, 21.654026031494197 ], [ 89.022338867187656, 21.636095046997173 ], [ 89.037490844726619, 21.618129730224595 ], [ 89.028762817383097, 21.60482215881359 ], [ 89.000000000000114, 21.601671218872063 ], [ 88.992362976074318, 21.644140243530316 ], [ 88.982894897460938, 21.64591217041021 ], [ 88.968399047851548, 21.64169883728033 ], [ 88.964019775390625, 21.645740509033192 ], [ 88.963256835937486, 21.662990570068416 ], [ 88.950843811035327, 21.700721740722763 ], [ 88.973159790039233, 21.697389602661133 ], [ 88.984489440918026, 21.70568847656261 ] ] ], [ [ [ 88.204505920410142, 21.721181869506889 ], [ 88.216590881347713, 21.700540542602599 ], [ 88.198333740234474, 21.694444656372177 ], [ 88.195556640624986, 21.681943893432667 ], [ 88.204139709472642, 21.672529220581055 ], [ 88.226325988769588, 21.670211791992301 ], [ 88.231666564941449, 21.643610000610352 ], [ 88.211669921875284, 21.620830535888732 ], [ 88.211944580078111, 21.601667404174915 ], [ 88.181388854980625, 21.686109542846737 ], [ 88.204505920410142, 21.721181869506889 ] ] ], [ [ [ 88.576881408691634, 21.69173431396495 ], [ 88.585830688476605, 21.658054351806683 ], [ 88.605712890625284, 21.624401092529286 ], [ 88.602218627929744, 21.62055778503429 ], [ 88.553977966308651, 21.639530181884833 ], [ 88.570808410644801, 21.666000366211041 ], [ 88.567527770996321, 21.690469741821396 ], [ 88.576881408691634, 21.69173431396495 ] ] ], [ [ [ 88.311080932617116, 21.706350326538139 ], [ 88.346107482910213, 21.688610076904403 ], [ 88.358070373535199, 21.647500991821342 ], [ 88.315277099609304, 21.608055114746037 ], [ 88.31579589843777, 21.677591323852543 ], [ 88.300369262695597, 21.704029083252063 ], [ 88.311080932617116, 21.706350326538139 ] ] ], [ [ [ 88.220909118652344, 21.762149810791069 ], [ 88.272003173828281, 21.754405975341907 ], [ 88.262069702148608, 21.730173110961857 ], [ 88.310279846191676, 21.676389694213928 ], [ 88.288330078125298, 21.6230583190918 ], [ 88.288612365722827, 21.5977783203125 ], [ 88.306106567382926, 21.583328247070366 ], [ 88.291664123535327, 21.563053131103569 ], [ 88.248336791992358, 21.563888549804734 ], [ 88.24277496337902, 21.596666336059567 ], [ 88.216392517090057, 21.616388320922901 ], [ 88.234733581543253, 21.635377883911076 ], [ 88.233329772949276, 21.668056488037095 ], [ 88.197776794433537, 21.689168930053768 ], [ 88.220382690429759, 21.700029373168888 ], [ 88.220909118652344, 21.762149810791069 ] ] ], [ [ [ 88.454032897949276, 21.709341049194329 ], [ 88.470687866211208, 21.672990798950192 ], [ 88.442230224609418, 21.614999771118168 ], [ 88.418556213378949, 21.68256950378429 ], [ 88.454032897949276, 21.709341049194329 ] ] ], [ [ [ 88.634445190429744, 21.656665802002003 ], [ 88.630279541015852, 21.649166107177738 ], [ 88.64039611816429, 21.678573608398551 ], [ 88.639442443847869, 21.668056488037095 ], [ 88.634445190429744, 21.656665802002003 ] ] ], [ [ [ 88.195602416992415, 21.724479675293022 ], [ 88.195869445800724, 21.730068206787102 ], [ 88.201377868652628, 21.736669540405323 ], [ 88.199996948242244, 21.728889465332088 ], [ 88.195602416992415, 21.724479675293022 ] ] ], [ [ [ 89.059204101562486, 21.721803665161126 ], [ 89.095039367675952, 21.643960952758722 ], [ 89.051589965820369, 21.617530822754023 ], [ 89.028488159179673, 21.635318756103565 ], [ 89.024726867675994, 21.694860458374073 ], [ 89.022003173828125, 21.7003803253175 ], [ 89.009796142578125, 21.704870223999119 ], [ 89.059204101562486, 21.721803665161126 ] ] ], [ [ [ 88.412338256836051, 21.731260299682614 ], [ 88.428565979003835, 21.702011108398491 ], [ 88.413307189941349, 21.691066741943473 ], [ 88.411163330078395, 21.658662796020501 ], [ 88.431938171386776, 21.627359390258732 ], [ 88.398612976074318, 21.595556259155384 ], [ 88.379722595214957, 21.680831909179741 ], [ 88.403541564941676, 21.716672897338981 ], [ 88.368637084961222, 21.727340698242241 ], [ 88.386741638183864, 21.733850479125973 ], [ 88.394996643066335, 21.755001068115337 ], [ 88.401771545410199, 21.737825393676761 ], [ 88.412338256836051, 21.731260299682614 ] ] ], [ [ [ 88.697120666503849, 21.712879180908207 ], [ 88.707427978515568, 21.68119049072271 ], [ 88.751373291015682, 21.648719787597649 ], [ 88.722892761230625, 21.638620376586843 ], [ 88.687042236328281, 21.683330535888661 ], [ 88.697120666503849, 21.712879180908207 ] ] ], [ [ [ 88.591941833496321, 21.69416618347179 ], [ 88.606338500976491, 21.679977416992184 ], [ 88.588546752929958, 21.657331466674854 ], [ 88.58039093017571, 21.68299484252935 ], [ 88.591941833496321, 21.690559387207077 ], [ 88.587791442871364, 21.701440811157287 ], [ 88.591941833496321, 21.69416618347179 ] ] ], [ [ [ 88.806655883789048, 21.706672668457024 ], [ 88.796943664550781, 21.655277252197266 ], [ 88.73055267333983, 21.684720993041985 ], [ 88.758331298828224, 21.682500839233459 ], [ 88.806655883789048, 21.706672668457024 ] ] ], [ [ [ 88.545669555664162, 21.736129760742255 ], [ 88.560043334960923, 21.729360580444336 ], [ 88.570831298828395, 21.732500076293942 ], [ 88.590698242187429, 21.690628051757912 ], [ 88.580245971679858, 21.684680938720692 ], [ 88.569938659668139, 21.710620880126942 ], [ 88.552803039550767, 21.724040985107475 ], [ 88.543014526367116, 21.723913192749137 ], [ 88.568298339843977, 21.709760665893608 ], [ 88.574203491211165, 21.694026947021477 ], [ 88.562721252441392, 21.706363677978629 ], [ 88.556945800781421, 21.706390380859432 ], [ 88.552780151367344, 21.702779769897575 ], [ 88.565055847168196, 21.702941894531303 ], [ 88.569168090820483, 21.669443130493214 ], [ 88.550918579101605, 21.636489868164055 ], [ 88.529579162597869, 21.652652740478512 ], [ 88.517242431640724, 21.710840225219773 ], [ 88.545669555664162, 21.736129760742255 ] ] ], [ [ [ 88.883056640625284, 21.745279312133778 ], [ 88.940277099609659, 21.69527816772472 ], [ 88.920829772949503, 21.632221221923835 ], [ 88.887779235840071, 21.658054351806683 ], [ 88.873054504394588, 21.694444656372177 ], [ 88.883056640625284, 21.745279312133778 ] ] ], [ [ [ 88.977996826172102, 21.726875305175728 ], [ 88.999725341796932, 21.715278625488281 ], [ 89.02052307128929, 21.713550567626999 ], [ 89.00778961181669, 21.707130432128956 ], [ 89.024162292480526, 21.6877326965332 ], [ 89.007759094238338, 21.65222167968755 ], [ 88.990074157714957, 21.654121398925835 ], [ 88.992759704589773, 21.700000762939506 ], [ 88.977996826172102, 21.726875305175728 ] ] ], [ [ [ 88.831672668457074, 21.766109466552731 ], [ 88.86528015136723, 21.758611679077195 ], [ 88.839164733886989, 21.706943511962834 ], [ 88.859954833984659, 21.637226104736374 ], [ 88.8442001342775, 21.626995086670039 ], [ 88.842781066894602, 21.645280838012813 ], [ 88.830566406250057, 21.65195274353032 ], [ 88.828613281250043, 21.650554656982418 ], [ 88.845832824707088, 21.620000839233509 ], [ 88.808898925781193, 21.638790130615295 ], [ 88.822776794433864, 21.665000915527397 ], [ 88.815002441406193, 21.710000991821293 ], [ 88.762512207031534, 21.701370239257802 ], [ 88.78159332275419, 21.715999603271527 ], [ 88.79083251953125, 21.749170303344783 ], [ 88.797622680664176, 21.747030258178825 ], [ 88.808891296386662, 21.748331069946282 ], [ 88.831672668457074, 21.766109466552731 ] ] ], [ [ [ 88.365386962890895, 21.764165878296012 ], [ 88.370826721191406, 21.760818481445416 ], [ 88.360237121582315, 21.747350692749084 ], [ 88.359672546386989, 21.734880447387798 ], [ 88.365280151367344, 21.722219467163196 ], [ 88.398056030273381, 21.713333129882752 ], [ 88.360557556152401, 21.686389923095703 ], [ 88.337509155273665, 21.710769653320362 ], [ 88.348892211914062, 21.725553512573228 ], [ 88.342788696289062, 21.754390716552845 ], [ 88.365386962890895, 21.764165878296012 ] ] ], [ [ [ 89.005119323730753, 21.764976501464947 ], [ 89.025413513183764, 21.756969451904297 ], [ 89.059280395508097, 21.725919723510735 ], [ 89.017410278320497, 21.717779159545952 ], [ 89.016372680664333, 21.732442855835 ], [ 89.001571655273608, 21.750020980835021 ], [ 89.005119323730753, 21.764976501464947 ] ] ], [ [ [ 88.92710113525419, 21.761949539184627 ], [ 88.968894958496378, 21.739198684692383 ], [ 88.987480163574219, 21.744720458984425 ], [ 88.969444274902614, 21.722778320312557 ], [ 88.983329772949446, 21.705831527710082 ], [ 88.950241088867358, 21.70232963562017 ], [ 88.922782897949389, 21.719707489013786 ], [ 88.92710113525419, 21.761949539184627 ] ] ], [ [ [ 88.716201782226491, 21.807380676269524 ], [ 88.728057861328281, 21.777778625488381 ], [ 88.759262084961208, 21.759218215942376 ], [ 88.752227783203224, 21.748609542846687 ], [ 88.752769470215128, 21.73157882690429 ], [ 88.776657104492131, 21.721109390258849 ], [ 88.748275756836108, 21.707090377807674 ], [ 88.741561889648366, 21.718269348144634 ], [ 88.73586273193375, 21.719291687011708 ], [ 88.746261596679744, 21.706190109253036 ], [ 88.758613586425824, 21.709722518920895 ], [ 88.762756347656421, 21.692930221557621 ], [ 88.729293823242244, 21.686756134033203 ], [ 88.730773925781307, 21.68203163146978 ], [ 88.754997253418026, 21.665639877319332 ], [ 88.748046874999929, 21.658330917358516 ], [ 88.711112976074219, 21.690179824829098 ], [ 88.694999694824503, 21.743890762329212 ], [ 88.716201782226491, 21.807380676269524 ] ] ], [ [ [ 88.999671936035313, 21.785469055175778 ], [ 89.01158142089848, 21.780227661132919 ], [ 88.997695922851833, 21.771390914917049 ], [ 88.996665954589901, 21.765832901000909 ], [ 89.001396179199219, 21.745950698852649 ], [ 89.015396118164105, 21.725650787353505 ], [ 89.004280090332074, 21.716072082519524 ], [ 88.97666931152348, 21.728610992431697 ], [ 88.988662719726619, 21.739849090576222 ], [ 88.987876892089901, 21.746648788452259 ], [ 88.968711853027457, 21.740705490112415 ], [ 88.951110839843793, 21.757778167724663 ], [ 88.999671936035313, 21.785469055175778 ] ] ], [ [ [ 88.787498474121378, 21.745000839233388 ], [ 88.756660461425952, 21.733409881591911 ], [ 88.76438903808598, 21.760499954223572 ], [ 88.749755859375099, 21.769649505615355 ], [ 88.766372680664233, 21.78679084777843 ], [ 88.782104492187713, 21.825193405151481 ], [ 88.793556213379134, 21.809740066528317 ], [ 88.787261962890838, 21.795797348022511 ], [ 88.795829772949276, 21.787221908569389 ], [ 88.782218933105639, 21.766946792602653 ], [ 88.787498474121378, 21.745000839233388 ] ] ], [ [ [ 88.999572753906534, 21.811670303344716 ], [ 89.0164794921875, 21.811969757080128 ], [ 89.023735046386776, 21.759050369262756 ], [ 89.014007568359432, 21.765970230102646 ], [ 88.998809814453395, 21.766941070556694 ], [ 89.012786865234318, 21.779800415039112 ], [ 88.990180969238324, 21.790039062499996 ], [ 88.999572753906534, 21.811670303344716 ] ] ], [ [ [ 88.82807922363304, 21.804029464721786 ], [ 88.830276489257983, 21.766664505004872 ], [ 88.79083251953125, 21.750009536743111 ], [ 88.784187316894588, 21.766292572021481 ], [ 88.821670532226506, 21.822900772094719 ], [ 88.82807922363304, 21.804029464721786 ] ] ], [ [ [ 88.915832519531293, 21.825834274291996 ], [ 88.93723297119169, 21.816669464111325 ], [ 88.933326721191463, 21.814441680908253 ], [ 88.927780151367188, 21.806388854980586 ], [ 88.926666259765668, 21.7983283996582 ], [ 88.917778015136989, 21.791664123535213 ], [ 88.923332214355398, 21.788055419921989 ], [ 88.911392211914119, 21.761671066284233 ], [ 88.912780761718807, 21.755279541015735 ], [ 88.897781372070241, 21.751943588256882 ], [ 88.906936645507756, 21.794170379638672 ], [ 88.895835876465128, 21.788061141967709 ], [ 88.883056640625284, 21.808057785034297 ], [ 88.915832519531293, 21.825834274291996 ] ] ], [ [ [ 88.856109619140838, 21.865280151367241 ], [ 88.855278015136889, 21.858060836791925 ], [ 88.857498168945583, 21.855556488037109 ], [ 88.877220153808764, 21.851669311523434 ], [ 88.875000000000227, 21.845554351806754 ], [ 88.882232666015682, 21.79721832275402 ], [ 88.898056030273494, 21.778610229492188 ], [ 88.891387939453182, 21.753610610962024 ], [ 88.921386718750284, 21.743610382080075 ], [ 88.913330078125227, 21.72777938842772 ], [ 88.864440917968906, 21.779170989990277 ], [ 88.83499908447294, 21.781667709350639 ], [ 88.837219238281293, 21.843055725097642 ], [ 88.856109619140838, 21.865280151367241 ] ] ], [ [ [ 88.750633239746307, 21.795400619506882 ], [ 88.746109008789347, 21.772222518920838 ], [ 88.728332519531321, 21.77972221374511 ], [ 88.750633239746307, 21.814214706420898 ], [ 88.750633239746307, 21.795400619506882 ] ] ], [ [ [ 88.582221984863509, 21.777780532836964 ], [ 88.585609436035156, 21.753890991210991 ], [ 88.619766235351605, 21.738311767578228 ], [ 88.616371154785199, 21.727626800537163 ], [ 88.579719543457088, 21.725839614868168 ], [ 88.569000244140611, 21.769178390502859 ], [ 88.582221984863509, 21.777780532836964 ] ] ], [ [ [ 88.609725952148722, 21.790279388427845 ], [ 88.630836486816463, 21.742500305175895 ], [ 88.608886718750057, 21.708055496215817 ], [ 88.598846435547145, 21.715522766113327 ], [ 88.619445800781534, 21.725553512573228 ], [ 88.623054504394588, 21.736665725707997 ], [ 88.586250305176065, 21.756597518920898 ], [ 88.591201782226619, 21.783309936523548 ], [ 88.609725952148722, 21.790279388427845 ] ] ], [ [ [ 88.136947631836094, 21.875 ], [ 88.172500610351605, 21.811952590942489 ], [ 88.165832519531307, 21.807220458984364 ], [ 88.163642883300724, 21.799549102783249 ], [ 88.170661926269815, 21.742401123046928 ], [ 88.143402099609489, 21.679552078247124 ], [ 88.155281066894688, 21.681388854980508 ], [ 88.15472412109375, 21.649999618530277 ], [ 88.109169006347699, 21.625833511352482 ], [ 88.041664123535213, 21.649166107177738 ], [ 88.036666870117188, 21.675001144409173 ], [ 88.072853088378849, 21.780181884765675 ], [ 88.136947631836094, 21.875 ] ] ], [ [ [ 88.302490234374943, 21.724561691284169 ], [ 88.297279357910199, 21.705600738525494 ], [ 88.278030395508097, 21.728170394897401 ], [ 88.288909912109659, 21.778484344482425 ], [ 88.302490234374943, 21.724561691284169 ] ] ], [ [ [ 88.384902954101719, 21.764440536499023 ], [ 88.386695861816463, 21.740678787231442 ], [ 88.362396240234531, 21.732326507568356 ], [ 88.361518859863324, 21.747659683227646 ], [ 88.384902954101719, 21.764440536499023 ] ] ], [ [ [ 88.458610534668011, 21.788650512695423 ], [ 88.474998474121136, 21.791389465332028 ], [ 88.467216491699276, 21.737220764160146 ], [ 88.45591735839848, 21.711418151855582 ], [ 88.433135986328239, 21.70448112487805 ], [ 88.423362731933878, 21.767724990844837 ], [ 88.438789367676009, 21.780349731445316 ], [ 88.446037292480696, 21.797958374023491 ], [ 88.458610534668011, 21.788650512695423 ] ] ], [ [ [ 88.171112060547031, 21.808610916137695 ], [ 88.174148559570469, 21.799720764160273 ], [ 88.169166564941335, 21.7905597686768 ], [ 88.165267944336165, 21.80027961730962 ], [ 88.171112060547031, 21.808610916137695 ] ] ], [ [ [ 88.183334350585938, 21.787500381469773 ], [ 88.179168701171918, 21.790000915527447 ], [ 88.180831909179858, 21.795833587646424 ], [ 88.185279846191463, 21.790554046630845 ], [ 88.183334350585938, 21.787500381469773 ] ] ], [ [ [ 88.20054626464848, 21.768608093261836 ], [ 88.202217102050767, 21.761390686035266 ], [ 88.196388244629205, 21.757499694824265 ], [ 88.193885803222884, 21.763330459594833 ], [ 88.20054626464848, 21.768608093261836 ] ] ], [ [ [ 88.544570922851719, 21.810319900512685 ], [ 88.572219848632969, 21.787782669067386 ], [ 88.561943054199219, 21.770000457763725 ], [ 88.572502136230511, 21.735555648803814 ], [ 88.541717529297046, 21.737678527832077 ], [ 88.519447326660199, 21.719165802001953 ], [ 88.504386901855526, 21.75741004943858 ], [ 88.525482177734531, 21.773660659789968 ], [ 88.532630920410384, 21.78296089172375 ], [ 88.535285949707088, 21.792020797729602 ], [ 88.504173278808636, 21.770828247070369 ], [ 88.544570922851719, 21.810319900512685 ] ] ], [ [ [ 88.421806335449432, 21.811090469360355 ], [ 88.429634094238509, 21.799587249755962 ], [ 88.442687988281193, 21.799650192260845 ], [ 88.420860290527571, 21.767230987548828 ], [ 88.422760009765838, 21.719820022583118 ], [ 88.382659912109361, 21.779100418090874 ], [ 88.421806335449432, 21.811090469360355 ] ] ], [ [ [ 88.282791137695583, 21.765010833740288 ], [ 88.280563354492131, 21.767219543457092 ], [ 88.279167175293239, 21.769721984863331 ], [ 88.28194427490233, 21.768611907958984 ], [ 88.282791137695583, 21.765010833740288 ] ] ], [ [ [ 88.273963928222713, 21.790790557861381 ], [ 88.287391662597926, 21.784429550170842 ], [ 88.283332824707244, 21.769443511962947 ], [ 88.263626098632983, 21.792360305786129 ], [ 88.273963928222713, 21.790790557861381 ] ] ], [ [ [ 88.505279541015796, 21.782989501953118 ], [ 88.50101470947294, 21.781831741333111 ], [ 88.506385803222599, 21.788333892822376 ], [ 88.506935119629176, 21.787500381469773 ], [ 88.505279541015796, 21.782989501953118 ] ] ], [ [ [ 88.331130981445483, 21.860687255859432 ], [ 88.35272216796875, 21.854242324829155 ], [ 88.350372314453068, 21.826400756836037 ], [ 88.36081695556669, 21.796831130981509 ], [ 88.379966735840014, 21.78726959228521 ], [ 88.376953125000057, 21.767499923706048 ], [ 88.342933654785099, 21.759588241577262 ], [ 88.340278625488452, 21.74047660827642 ], [ 88.345001220703409, 21.721666336059627 ], [ 88.317100524902571, 21.70890998840337 ], [ 88.298339843750171, 21.777151107788185 ], [ 88.311111450195469, 21.783056259155387 ], [ 88.310859680176065, 21.795635223388604 ], [ 88.293891906738395, 21.802780151367294 ], [ 88.310348510742358, 21.793485641479531 ], [ 88.296012878417912, 21.774049758911133 ], [ 88.285980224609432, 21.789068222045895 ], [ 88.25977325439446, 21.804206848144577 ], [ 88.307022094726847, 21.829690933227649 ], [ 88.31535339355473, 21.844659805297848 ], [ 88.311660766601733, 21.853937149047965 ], [ 88.331130981445483, 21.860687255859432 ] ] ], [ [ [ 88.181945800781193, 21.825828552246197 ], [ 88.185478210449261, 21.820650100708058 ], [ 88.185554504394645, 21.81916427612305 ], [ 88.177780151367358, 21.824718475341857 ], [ 88.181945800781193, 21.825828552246197 ] ] ], [ [ [ 88.941390991210994, 21.847221374511829 ], [ 88.953903198242188, 21.82529258728027 ], [ 88.97666931152348, 21.820556640624993 ], [ 88.970001220703168, 21.802778244018555 ], [ 88.954170227050838, 21.808059692382859 ], [ 88.940277099609659, 21.793054580688576 ], [ 88.940422058105682, 21.782365798950252 ], [ 88.958885192871151, 21.770833969116321 ], [ 88.921386718750284, 21.76611137390147 ], [ 88.914169311523551, 21.755559921264698 ], [ 88.938888549804915, 21.816667556762749 ], [ 88.924446105957315, 21.835832595825128 ], [ 88.932777404785199, 21.836944580078125 ], [ 88.941390991210994, 21.847221374511829 ] ] ], [ [ [ 88.484878540039219, 21.834690093994254 ], [ 88.496086120605398, 21.807781219482475 ], [ 88.453140258789347, 21.805660247802791 ], [ 88.450332641601747, 21.815130233764759 ], [ 88.484878540039219, 21.834690093994254 ] ] ], [ [ [ 88.592216491699162, 21.850000381469719 ], [ 88.618049621582074, 21.829244613647571 ], [ 88.607223510742244, 21.815832138061573 ], [ 88.614166259765781, 21.798059463501087 ], [ 88.589454650878949, 21.798324584960991 ], [ 88.576042175293125, 21.817033767700256 ], [ 88.592216491699162, 21.850000381469719 ] ] ], [ [ [ 88.979057312011889, 21.893489837646431 ], [ 89.028892517089886, 21.865842819213974 ], [ 89.02475738525419, 21.849216461181751 ], [ 88.998130798340028, 21.871059417724656 ], [ 88.989242553711165, 21.868122100830018 ], [ 89.029991149902514, 21.834529876709095 ], [ 88.994155883789062, 21.814172744751033 ], [ 88.970497131347642, 21.775091171264588 ], [ 88.942787170410099, 21.786500930786122 ], [ 88.976638793945369, 21.805089950561527 ], [ 88.977867126464943, 21.82351112365728 ], [ 88.950286865234375, 21.838090896606552 ], [ 88.979125976562543, 21.867441177368278 ], [ 88.979057312011889, 21.893489837646431 ] ] ], [ [ [ 88.791664123535199, 21.876668930053771 ], [ 88.786109924316619, 21.868331909179734 ], [ 88.785835266113452, 21.865278244018658 ], [ 88.787780761718736, 21.863611221313533 ], [ 88.793609619140909, 21.866390228271598 ], [ 88.800552368164062, 21.877780914306694 ], [ 88.798889160156463, 21.870832443237241 ], [ 88.801391601562557, 21.868061065673938 ], [ 88.829719543457188, 21.86222076416021 ], [ 88.794998168945469, 21.791389465332028 ], [ 88.788887023925952, 21.795829772949272 ], [ 88.795562744140796, 21.801670074462944 ], [ 88.794441223144688, 21.812501907348675 ], [ 88.789718627929744, 21.821390151977539 ], [ 88.784156799316406, 21.82611083984375 ], [ 88.765830993652514, 21.828889846801815 ], [ 88.782211303711094, 21.859720230102528 ], [ 88.776947021484418, 21.866952896118153 ], [ 88.791664123535199, 21.876668930053771 ] ] ], [ [ [ 88.50955246222604, 21.857431745272237 ], [ 88.526750462352283, 21.846122247894797 ], [ 88.521216918185587, 21.831290535251238 ], [ 88.512599103499724, 21.831691188039258 ], [ 88.50955246222604, 21.857431745272237 ] ] ], [ [ [ 88.470322956129223, 21.892135489759536 ], [ 88.486866611227242, 21.886573060512386 ], [ 88.49072265625027, 21.850320816040149 ], [ 88.448066711425952, 21.815282821655376 ], [ 88.448905944824261, 21.805530548095813 ], [ 88.463562011718793, 21.790710449218807 ], [ 88.424026489257983, 21.812400817871147 ], [ 88.418266296386648, 21.811611175537223 ], [ 88.401527404785313, 21.798030853271541 ], [ 88.392997741699276, 21.835889816284283 ], [ 88.39998626709, 21.872499465942376 ], [ 88.418846130371037, 21.889299392700195 ], [ 88.41900634765652, 21.902402877807678 ], [ 88.470322956129223, 21.892135489759536 ] ] ], [ [ [ 88.83655548095696, 21.917892456054741 ], [ 88.890068054199446, 21.914655685424918 ], [ 88.915176391601733, 21.928180694580188 ], [ 88.973892211914233, 21.897779464721676 ], [ 88.97666931152348, 21.867500305175767 ], [ 88.955558776855582, 21.853889465332141 ], [ 88.958885192871151, 21.869722366333058 ], [ 88.949447631836051, 21.886671066284126 ], [ 88.94333648681669, 21.884721755981435 ], [ 88.956947326660341, 21.869722366333058 ], [ 88.947219848632983, 21.840562820434684 ], [ 88.939163208007741, 21.853612899780387 ], [ 88.917778015136989, 21.860557556152454 ], [ 88.915000915527344, 21.880832672119197 ], [ 88.906936645507756, 21.878889083862305 ], [ 88.921669006347656, 21.853889465332141 ], [ 88.939163208007741, 21.850000381469719 ], [ 88.922782897949389, 21.835559844970696 ], [ 88.923057556152571, 21.824438095092894 ], [ 88.913612365722599, 21.827222824096676 ], [ 88.888046264648381, 21.812221527099712 ], [ 88.878051757812727, 21.853889465332141 ], [ 88.857215881347656, 21.858610153198349 ], [ 88.854164123535142, 21.889444351196286 ], [ 88.819618225097827, 21.928199768066456 ], [ 88.83655548095696, 21.917892456054741 ] ] ], [ [ [ 88.621665954589886, 21.897779464721676 ], [ 88.633331298828352, 21.869722366333058 ], [ 88.653518676757855, 21.867708206176758 ], [ 88.63889312744169, 21.78471755981456 ], [ 88.611946105957088, 21.816669464111325 ], [ 88.621109008789105, 21.831390380859492 ], [ 88.594718933105625, 21.85444450378418 ], [ 88.621665954589886, 21.897779464721676 ] ] ], [ [ [ 88.718055725097926, 21.907222747802667 ], [ 88.78056335449223, 21.859439849853572 ], [ 88.768608093262003, 21.85250091552739 ], [ 88.763885498046804, 21.828611373901417 ], [ 88.777221679687599, 21.821670532226499 ], [ 88.757766723632912, 21.781110763549854 ], [ 88.751663208007926, 21.815282821655376 ], [ 88.725830078125043, 21.794446945190483 ], [ 88.718330383300952, 21.808059692382859 ], [ 88.707496643066449, 21.811389923095756 ], [ 88.705001831054688, 21.827779769897457 ], [ 88.712501525878963, 21.82529258728027 ], [ 88.716667175293026, 21.82611083984375 ], [ 88.728057861328281, 21.837499618530277 ], [ 88.704444885253963, 21.829444885254016 ], [ 88.702499389648608, 21.8241691589356 ], [ 88.696662902832259, 21.838054656982475 ], [ 88.717498779297145, 21.855556488037109 ], [ 88.696945190429858, 21.848611831664982 ], [ 88.718055725097926, 21.907222747802667 ] ] ], [ [ [ 88.53800201416044, 21.853582382202188 ], [ 88.536491394043239, 21.853717803955131 ], [ 88.541618347168253, 21.857379913330185 ], [ 88.540794372558651, 21.855062484741204 ], [ 88.53800201416044, 21.853582382202188 ] ] ], [ [ [ 88.557102242404, 21.824523234005127 ], [ 88.532987038769718, 21.831698747525827 ], [ 88.550262451171818, 21.880958557129013 ], [ 88.544219970703125, 21.904630661010742 ], [ 88.576393127441349, 21.88861083984386 ], [ 88.557102242404, 21.824523234005127 ] ] ], [ [ [ 88.582748413085923, 21.865549087524531 ], [ 88.581138610839943, 21.872528076171921 ], [ 88.584686279296932, 21.876590728759822 ], [ 88.585800170898438, 21.873992919921875 ], [ 88.582748413085923, 21.865549087524531 ] ] ], [ [ [ 88.816947937011889, 21.90111160278315 ], [ 88.840835571289105, 21.886943817138782 ], [ 88.829437255859659, 21.86471748352055 ], [ 88.800277709961222, 21.870555877685653 ], [ 88.809165954589901, 21.883329391479542 ], [ 88.811386108398608, 21.896389007568352 ], [ 88.816947937011889, 21.90111160278315 ] ] ], [ [ [ 88.63999938964848, 21.921680450439563 ], [ 88.667503356933864, 21.911670684814446 ], [ 88.652778625488338, 21.873332977294922 ], [ 88.634452819824276, 21.870559692382809 ], [ 88.623382568359418, 21.901409149169986 ], [ 88.63999938964848, 21.921680450439563 ] ] ], [ [ [ 88.72360992431669, 21.93194389343267 ], [ 88.736114501953168, 21.91805648803722 ], [ 88.799446105957088, 21.91972160339354 ], [ 88.814163208007884, 21.902780532836861 ], [ 88.808609008789119, 21.895282745361381 ], [ 88.808052062988509, 21.884443283081051 ], [ 88.796669006347756, 21.87667083740234 ], [ 88.789718627929744, 21.86471748352055 ], [ 88.793601989746364, 21.874160766601559 ], [ 88.79083251953125, 21.879169464111445 ], [ 88.776107788086094, 21.869720458984478 ], [ 88.718887329101733, 21.909166336059627 ], [ 88.72360992431669, 21.93194389343267 ] ] ], [ [ [ 88.852076082052974, 22.391946792602582 ], [ 88.860595703125171, 22.365623474121204 ], [ 88.874748229980455, 22.358118057250966 ], [ 88.876289367675767, 22.355310440063526 ], [ 88.849235534668026, 22.364542007446406 ], [ 88.818885803222699, 22.363611221313469 ], [ 88.802619934082188, 22.328983306884748 ], [ 88.804428100586151, 22.282730102539059 ], [ 88.792709350586122, 22.276189804077148 ], [ 88.790794372558764, 22.259702682495234 ], [ 88.743614196777628, 22.229166030883782 ], [ 88.746391296386719, 22.203058242797848 ], [ 88.739997863769815, 22.214721679687607 ], [ 88.733612060546875, 22.195554733276413 ], [ 88.701957702636719, 22.209442138671811 ], [ 88.66562652587919, 22.21745109558104 ], [ 88.635040283203182, 22.216400146484432 ], [ 88.658065795898608, 22.239360809326218 ], [ 88.684921264648366, 22.29427528381353 ], [ 88.67888641357429, 22.323062896728512 ], [ 88.690551757812713, 22.326665878296005 ], [ 88.666122436523494, 22.339040756225696 ], [ 88.679168701172159, 22.293891906738384 ], [ 88.630912780761989, 22.222049713134819 ], [ 88.639343261718921, 22.208120346069336 ], [ 88.67246246337919, 22.201198577880852 ], [ 88.619285583496193, 22.108840942382869 ], [ 88.598892211914006, 22.12972259521484 ], [ 88.604919433593992, 22.1591911315918 ], [ 88.600875854492244, 22.162771224975643 ], [ 88.583076477050952, 22.169719696044918 ], [ 88.582130432129077, 22.181222915649521 ], [ 88.57386016845733, 22.188510894775501 ], [ 88.576416015625171, 22.197380065918072 ], [ 88.572837829589901, 22.188331604003906 ], [ 88.581672668457301, 22.169509887695366 ], [ 88.603370666503949, 22.159088134765568 ], [ 88.597572326660341, 22.130620956420831 ], [ 88.619964599609432, 22.104549407959031 ], [ 88.62729644775402, 22.054809570312496 ], [ 88.629539489746151, 22.05061149597174 ], [ 88.636657714843693, 22.045289993286126 ], [ 88.603401184082088, 22.023559570312553 ], [ 88.606353759765781, 22.047721862792969 ], [ 88.596733093261776, 22.063297271728509 ], [ 88.601661682128963, 22.073610305786179 ], [ 88.596580505371378, 22.067266464233505 ], [ 88.596229553222599, 22.061040878295888 ], [ 88.604919433593992, 22.04832839965831 ], [ 88.599906921386719, 22.023595809936644 ], [ 88.614440917968807, 22.019720077514698 ], [ 88.598701477050724, 21.974700927734368 ], [ 88.615060384422677, 21.936926800532145 ], [ 88.603267585378859, 21.934386813045776 ], [ 88.606714711253176, 21.912796919411729 ], [ 88.578593421225648, 21.89156988113287 ], [ 88.572645552397915, 21.907924105783483 ], [ 88.550277709961122, 21.921390533447269 ], [ 88.551391601562599, 21.934722900390732 ], [ 88.543609619140781, 21.970001220703175 ], [ 88.556388854980639, 21.972789764404414 ], [ 88.563331604004119, 21.96055603027343 ], [ 88.567779541015909, 21.958890914917042 ], [ 88.557670593262003, 21.973239898681637 ], [ 88.546249389648366, 21.973489761352649 ], [ 88.542633056640554, 21.97063064575201 ], [ 88.540885925293239, 21.960212707519528 ], [ 88.548667907714886, 21.922279357910206 ], [ 88.570541381835923, 21.903608322143661 ], [ 88.562393188476619, 21.898880004882916 ], [ 88.545043945312543, 21.906040191650501 ], [ 88.540557861328296, 21.90386962890636 ], [ 88.547927856445583, 21.88169097900397 ], [ 88.528053283691619, 21.853055953979592 ], [ 88.494262695312543, 21.879091262817486 ], [ 88.521774291992244, 21.913742065429805 ], [ 88.525535583496165, 21.929441452026374 ], [ 88.521720886230511, 21.942680358886772 ], [ 88.49369812011723, 21.967052459716903 ], [ 88.519119262695597, 21.988243103027337 ], [ 88.537025451660227, 21.978805541992301 ], [ 88.543319702148494, 21.981994628906303 ], [ 88.549980163574446, 21.996206283569336 ], [ 88.556632995605511, 22.02318000793457 ], [ 88.554618835449489, 22.035709381103565 ], [ 88.541419982910213, 21.981710433959954 ], [ 88.517570495605526, 21.988727569580075 ], [ 88.491569519042969, 21.966890335083008 ], [ 88.521827697754006, 21.939010620117184 ], [ 88.520660400390895, 21.915395736694389 ], [ 88.483238220214901, 21.909959793090874 ], [ 88.473556518554958, 21.895341873168878 ], [ 88.455612182617458, 21.899948120117237 ], [ 88.462219238281293, 21.922460556030327 ], [ 88.45289611816429, 21.939537048339961 ], [ 88.468238830566335, 21.952831268310536 ], [ 88.470207214355455, 21.95890045166021 ], [ 88.463684082031406, 21.963520050048832 ], [ 88.445930480956974, 21.965959548950195 ], [ 88.460891723632869, 22.011579513549908 ], [ 88.441627502441449, 21.991060256958111 ], [ 88.445327758789333, 21.964155197143544 ], [ 88.468925476074446, 21.957969665527386 ], [ 88.451484680175952, 21.942026138305778 ], [ 88.458480834961208, 21.918840408325199 ], [ 88.419723510742244, 21.906551361084031 ], [ 88.408668518066463, 21.885330200195419 ], [ 88.384742736816577, 21.899152755737358 ], [ 88.407775878906193, 21.919492721557614 ], [ 88.39881134033196, 21.953092575073232 ], [ 88.373886108398438, 21.965278625488391 ], [ 88.394309997558636, 21.970661163330124 ], [ 88.375816345214901, 21.969720840454215 ], [ 88.372779846191449, 21.96665954589843 ], [ 88.374443054199389, 21.962818145751999 ], [ 88.398056030273381, 21.95222091674815 ], [ 88.406364440918182, 21.919784545898484 ], [ 88.382797241210881, 21.900680541992191 ], [ 88.397499084472813, 21.885280609130792 ], [ 88.385772705078182, 21.839403152465934 ], [ 88.390670776367173, 21.798980712890572 ], [ 88.364006042480526, 21.797830581665149 ], [ 88.354881286621151, 21.822799682617301 ], [ 88.370544433594034, 21.897798538208125 ], [ 88.368461608887003, 21.905702590942372 ], [ 88.359283447265895, 21.921625137329208 ], [ 88.349983215331974, 21.927389144897504 ], [ 88.369155883789119, 21.897251129150494 ], [ 88.353576660156534, 21.857154846191349 ], [ 88.325653076171932, 21.862150192260799 ], [ 88.30893707275419, 21.856399536132809 ], [ 88.309799194335938, 21.877683639526477 ], [ 88.300590515136662, 21.861326217651357 ], [ 88.26197814941429, 21.858690261840927 ], [ 88.26973724365233, 21.885192871093686 ], [ 88.254898071289119, 21.871339797973622 ], [ 88.260597229003906, 21.857860565185543 ], [ 88.313827514648494, 21.846607208251946 ], [ 88.25897216796902, 21.807621002197379 ], [ 88.258361816406293, 21.800769805908313 ], [ 88.263626098632983, 21.78800010681163 ], [ 88.281936645507969, 21.761100769043022 ], [ 88.251663208007869, 21.801942825317386 ], [ 88.282737731933651, 21.757581710815426 ], [ 88.265686035156179, 21.730030059814382 ], [ 88.273887634277273, 21.75462532043457 ], [ 88.217224121093849, 21.764444351196392 ], [ 88.163330078125057, 21.879444122314517 ], [ 88.1772079467775, 21.926111221313473 ], [ 88.15366363525419, 21.959173202514652 ], [ 88.207778930664105, 22.022500991821328 ], [ 88.223892211914162, 22.075275421142578 ], [ 88.207511901855412, 22.157779693603569 ], [ 88.165557861328281, 22.19889068603527 ], [ 88.069725036621136, 22.211944580078121 ], [ 88.103889465332301, 22.291387557983505 ], [ 88.106516343434194, 22.374258493701902 ], [ 88.14631763524001, 22.408982627555254 ], [ 88.121566490221795, 22.466145986287735 ], [ 88.172882050955479, 22.482102768424006 ], [ 88.11358809915366, 22.466145986287735 ], [ 88.136797964079136, 22.414649098484329 ], [ 88.08820230939142, 22.36931733105175 ], [ 88.090196907158457, 22.306578164925043 ], [ 88.048332214355526, 22.219720840454155 ], [ 87.977638244629176, 22.254501342773441 ], [ 87.958686828613324, 22.284669876098629 ], [ 87.946388244628849, 22.406110763549858 ], [ 87.923332214355639, 22.434999465942379 ], [ 87.883766174316463, 22.44158935546875 ], [ 87.929725646972699, 22.40361022949212 ], [ 87.942222595215014, 22.366388320922901 ], [ 87.947219848632812, 22.333059310913143 ], [ 87.936386108398665, 22.316669464111445 ], [ 87.940002441406293, 22.329999923706051 ], [ 87.930831909179744, 22.333333969116321 ], [ 87.940002441406293, 22.260278701782216 ], [ 88.008613586425938, 22.20138931274413 ], [ 88.034721374511875, 22.209444046020618 ], [ 88.075279235840128, 22.186670303344776 ], [ 88.135559082031534, 22.184722900390682 ], [ 88.193336486816676, 22.112777709960927 ], [ 88.18888854980473, 22.099166870117294 ], [ 88.15616607666044, 22.064779281616325 ], [ 88.062232971191392, 22.01305961608892 ], [ 87.99194335937527, 22.10250091552734 ], [ 87.963356018066506, 22.103477478027397 ], [ 88.008605957031421, 22.073060989379989 ], [ 88.017768859863452, 22.040279388427795 ], [ 88.053054809570483, 22.010278701782269 ], [ 87.980278015136761, 21.857780456542965 ], [ 87.929168701172159, 21.800556182861435 ], [ 87.88984680175804, 21.793535232543935 ], [ 87.894447326660199, 21.783056259155387 ], [ 87.877502441406534, 21.764724731445359 ], [ 87.884719848632869, 21.779443740844716 ], [ 87.789718627929901, 21.694999694824322 ], [ 87.753334045410455, 21.699722290039123 ], [ 87.739723205566449, 21.678333282470639 ], [ 87.689727783203125, 21.657501220703114 ], [ 87.650001525879077, 21.6486110687257 ], [ 87.643608093261946, 21.659999847412223 ], [ 87.482032775878963, 21.608703613281314 ], [ 87.476927307220549, 21.646998302257682 ], [ 87.461833864122426, 21.651185429281053 ], [ 87.469541838654891, 21.732462108310077 ], [ 87.445039054995306, 21.733886484917875 ], [ 87.445381970685347, 21.76795305621653 ], [ 87.385315054709096, 21.776506245037666 ], [ 87.369333575748627, 21.765175289835 ], [ 87.354778031266235, 21.792450089648845 ], [ 87.338087021571894, 21.784758204642991 ], [ 87.296930970934639, 21.811433795105877 ], [ 87.276593459651892, 21.805092160925785 ], [ 87.248611491913778, 21.854314940438485 ], [ 87.238624767288329, 21.903358826643903 ], [ 87.255184032758038, 21.92663254832916 ], [ 87.235919287790935, 21.956977609265476 ], [ 87.196217677870635, 21.959414856741908 ], [ 87.170203122114387, 21.979330289319851 ], [ 87.161555152265251, 21.935497878100126 ], [ 87.096419812996928, 21.913880827369688 ], [ 87.098662653834765, 21.865731989911659 ], [ 87.037786931607599, 21.86805086157089 ], [ 87.001741584369611, 21.913830649514527 ], [ 87.032042667998027, 21.992615077343601 ], [ 87.01743309793612, 22.046239264970261 ], [ 86.960147808050621, 22.087863910083101 ], [ 86.837868243142452, 22.097616795259505 ], [ 86.828377370587503, 22.117668792329308 ], [ 86.808914881273537, 22.119084118248779 ], [ 86.795754473427976, 22.156842100804788 ], [ 86.721856082936085, 22.146670751775048 ], [ 86.727012647127211, 22.216712655269383 ], [ 86.776095980702181, 22.218005777415549 ], [ 86.781655682741686, 22.236985301667684 ], [ 86.795177022888609, 22.227851078451618 ], [ 86.778230595209536, 22.2180177385622 ], [ 86.802284202362429, 22.217849770139523 ], [ 86.812519159348653, 22.241098022672553 ], [ 86.794397714616693, 22.243334811621555 ], [ 86.792268049826561, 22.266233944729297 ], [ 86.803062576386438, 22.244312144987887 ], [ 86.813474408957191, 22.267451987817243 ], [ 86.816860248196235, 22.253669527065767 ], [ 86.824064768215891, 22.266750000667756 ], [ 86.886793785841121, 22.257310240535855 ], [ 86.888179504540531, 22.297251595389664 ], [ 86.83320819038525, 22.324397976925077 ], [ 86.845593803993211, 22.39979105412964 ], [ 86.764804328260681, 22.426561852274929 ], [ 86.75115051805038, 22.455727588730401 ], [ 86.750712328837949, 22.482407151574964 ], [ 86.800952636803288, 22.488276390471388 ], [ 86.789314044219324, 22.547669040235874 ], [ 86.766775408962147, 22.556003558237364 ], [ 86.765867116988503, 22.575623834769015 ], [ 86.658590752221642, 22.575622571469989 ], [ 86.633186308850156, 22.610961160461763 ], [ 86.635095890887271, 22.665529332036122 ], [ 86.548073088043253, 22.720802473839736 ], [ 86.514050158428589, 22.718427813783695 ], [ 86.510626666304404, 22.704729636562952 ], [ 86.419431647106421, 22.790920532279983 ], [ 86.438742579852203, 22.831196957669636 ], [ 86.434859725224328, 22.860577724300292 ], [ 86.450985116988221, 22.862296202026762 ], [ 86.46734787149795, 22.900815548336084 ], [ 86.43584817926066, 22.92582854649789 ], [ 86.476620338454509, 22.951793887562729 ], [ 86.489080778132376, 22.937588960834461 ], [ 86.525511518796918, 22.947227620463817 ], [ 86.547049245774588, 22.989339114272084 ], [ 86.518936168022464, 22.970508932219467 ], [ 86.501405035009782, 22.994636874803831 ], [ 86.446801183009697, 22.988069757394964 ], [ 86.419175762896074, 23.000509124512543 ], [ 86.393984245399736, 22.98096167880168 ], [ 86.376834712228188, 22.998420408231173 ], [ 86.32612697848117, 22.994848132915358 ], [ 86.304621454309782, 23.016717822842963 ], [ 86.237142932386348, 22.994951383170118 ], [ 86.185594726774667, 23.005173336381468 ], [ 86.141669356966062, 23.057205005373547 ], [ 86.146138391961216, 23.075223294745165 ], [ 86.049219518876953, 23.105995975415098 ], [ 86.04373147993924, 23.144863990043849 ], [ 85.958124019537763, 23.160868401868004 ], [ 85.921893211516092, 23.145054363714678 ], [ 85.894208238489014, 23.155195537799333 ], [ 85.882589566046462, 23.198319479715217 ], [ 85.864372167767399, 23.221883761674164 ], [ 85.836819037779648, 23.220129073869348 ], [ 85.838043110033539, 23.246953846402658 ], [ 85.819707494361452, 23.268415984509634 ], [ 85.883597376980546, 23.350297173928904 ], [ 85.869795107593106, 23.388841149994182 ], [ 85.902682925116451, 23.398452202252866 ], [ 85.886148126161814, 23.404935703671985 ], [ 85.884559727771361, 23.429884113809727 ], [ 85.863657582213392, 23.431571243136574 ], [ 85.870878829761992, 23.475469465322721 ], [ 86.054175786607487, 23.486867051101697 ], [ 86.016822836370608, 23.547466448400403 ], [ 86.042056718415694, 23.586120401758187 ], [ 86.092165460022869, 23.562946608010687 ], [ 86.158668576837755, 23.559427267643201 ], [ 86.148514759281241, 23.465292820441192 ], [ 86.177145507385504, 23.469763661286709 ], [ 86.228881091683988, 23.443282016827002 ], [ 86.232922745996234, 23.462186417971672 ], [ 86.246056552929616, 23.459597688049673 ], [ 86.230439378546123, 23.430970187232102 ], [ 86.247522285469685, 23.411597358478488 ], [ 86.264172186460016, 23.430771197402294 ], [ 86.310189197169407, 23.411768648171677 ], [ 86.317697813082418, 23.426741362649771 ], [ 86.305702920808997, 23.435034569454569 ], [ 86.34891269805216, 23.440330502731289 ], [ 86.363676013876628, 23.471429352839611 ], [ 86.37934213207005, 23.473696334185433 ], [ 86.361730250394785, 23.48525721231621 ], [ 86.375397950356032, 23.509059574839913 ], [ 86.365183238701363, 23.531013902524514 ], [ 86.387839269393083, 23.573990586780024 ], [ 86.447241488652963, 23.597941065308063 ], [ 86.461892495303985, 23.629714404914921 ], [ 86.528841445096049, 23.629805031559375 ], [ 86.598314093999591, 23.67385283020548 ], [ 86.713003654731679, 23.69853077906469 ], [ 86.747990235897703, 23.678877292870567 ], [ 86.799347341102361, 23.688901711698435 ], [ 86.811743547644127, 23.745045696109067 ], [ 86.828316114468265, 23.753212245281052 ], [ 86.804113983459587, 23.801408275328416 ], [ 86.805484089439346, 23.837458646009779 ], [ 86.826744490319157, 23.814116794345136 ], [ 86.874711628526029, 23.847528773012655 ], [ 86.88987159726085, 23.819581062803522 ], [ 86.881322306447359, 23.863062292561914 ], [ 86.915717941683496, 23.883144124198594 ], [ 86.946920027457054, 23.845973615401963 ], [ 86.97390190617925, 23.868857025919318 ], [ 87.122568465665523, 23.796119083784053 ], [ 87.149612678485283, 23.796660055168154 ], [ 87.167315855044535, 23.825040292254243 ], [ 87.129470151026524, 23.868857483487023 ], [ 87.196772262692761, 23.857856278721133 ], [ 87.189406210313649, 23.842292977839502 ], [ 87.233922479339725, 23.856421947767942 ], [ 87.217457240530806, 23.829800581225566 ], [ 87.240721371381056, 23.825752559777889 ], [ 87.25583731548042, 23.843777707952636 ], [ 87.241048854912819, 23.870356939770012 ], [ 87.246248883190674, 23.908673094235571 ], [ 87.26953006855662, 23.874366038644759 ], [ 87.295384218440802, 23.902033053700471 ], [ 87.293001311385538, 23.958990883297488 ], [ 87.262480561822386, 23.967175397721086 ], [ 87.262849629266952, 24.003538620452563 ], [ 87.247738267473849, 23.998659418300413 ], [ 87.233743194473647, 24.024378252924858 ], [ 87.245437782642554, 24.044989470013782 ], [ 87.288262235629432, 24.028448697751251 ], [ 87.337022990474054, 24.033939659330795 ], [ 87.319109047589578, 24.007811937888999 ], [ 87.329222679910174, 23.998658926724829 ], [ 87.360654421782755, 24.012768408267277 ], [ 87.460062444772632, 23.984117226724582 ], [ 87.437988136109439, 24.012873250863695 ], [ 87.476400535137955, 24.011963515626242 ], [ 87.512010896555807, 24.036018041340792 ], [ 87.493335909047445, 24.054062266488948 ], [ 87.492764430508075, 24.076897023358597 ], [ 87.511105581598969, 24.082783030097648 ], [ 87.489657423841663, 24.090229181998787 ], [ 87.497595617716797, 24.117796064065317 ], [ 87.558890852283326, 24.081365644549102 ], [ 87.580950590272622, 24.087487497800325 ], [ 87.585243732440205, 24.124077815546638 ], [ 87.610288775137889, 24.132343055416623 ], [ 87.57588615729702, 24.160887653988741 ], [ 87.694118355506063, 24.150562345582077 ], [ 87.694645653103123, 24.186081430612713 ], [ 87.637953433663128, 24.215384716189888 ], [ 87.638868918447272, 24.25468666083497 ], [ 87.658365148483284, 24.235871744696734 ], [ 87.706023770187315, 24.260358951834608 ], [ 87.713205558338728, 24.293859382022802 ], [ 87.730172287943219, 24.288441041483779 ], [ 87.761521935476921, 24.308169748098599 ], [ 87.76460240680818, 24.339741231049583 ], [ 87.801396787296397, 24.383072793752167 ], [ 87.794242855003631, 24.399583507776914 ], [ 87.812343511821581, 24.414081846997661 ], [ 87.78956956377408, 24.420352793805669 ], [ 87.803474920230272, 24.454209663297078 ], [ 87.823885071981849, 24.45833520173198 ], [ 87.810734629147717, 24.477001608390058 ], [ 87.828321980527519, 24.498508432496767 ], [ 87.811532362764424, 24.492124478209103 ], [ 87.80989935224035, 24.51410829574003 ], [ 87.802220336697729, 24.494350759864737 ], [ 87.79425980621302, 24.5012566099638 ], [ 87.808866980468082, 24.547400011643699 ], [ 87.791476814683051, 24.572011852105668 ], [ 87.770651891900144, 24.57074725603082 ], [ 87.771738508440876, 24.58366516284735 ], [ 87.852047198646801, 24.553853700682556 ], [ 87.908873494337882, 24.585689183213248 ], [ 87.911510474599908, 24.61020100577408 ], [ 87.875232469991559, 24.613667838853775 ], [ 87.905724740265271, 24.614706279790642 ], [ 87.914303546125723, 24.63698743038438 ], [ 87.917111957283282, 24.665679128907144 ], [ 87.888635142689438, 24.67912656052367 ], [ 87.907849978157685, 24.721229348541378 ], [ 87.817752904154503, 24.760861006462157 ], [ 87.836174418530703, 24.789774900442719 ], [ 87.836616796587293, 24.765786780977805 ], [ 87.868701163615469, 24.774255271830647 ], [ 87.8816748898669, 24.798923287687227 ], [ 87.870082367382267, 24.826110321746047 ], [ 87.900309272626089, 24.822960007892235 ], [ 87.890802997557287, 24.855102752554515 ], [ 87.952484584951108, 24.908037338593008 ], [ 87.962339968695488, 24.937756099864174 ], [ 87.939928382169001, 24.991286846428036 ], [ 87.795778260877114, 25.087238253516954 ], [ 87.800764527846582, 25.117679969727842 ], [ 87.779269837357532, 25.143545323847338 ], [ 87.778717250388624, 25.250462440272276 ], [ 87.711415628304181, 25.25760290356202 ], [ 87.762834827756237, 25.265517799528261 ], [ 87.818541903451703, 25.241878140992348 ], [ 87.846658128900572, 25.264476139274151 ], [ 87.847187062329766, 25.304292678895607 ], [ 87.784252202943748, 25.340051880186969 ], [ 87.789563928642309, 25.376789522667138 ], [ 87.76490719260768, 25.383818577095948 ], [ 87.766669655754086, 25.415000167299137 ], [ 87.778692080492675, 25.410317860556891 ], [ 87.787095213612787, 25.449202494772273 ], [ 87.82142846983561, 25.435838358897172 ], [ 87.839233016783126, 25.467893833214429 ], [ 87.864313866328004, 25.464317016480841 ], [ 87.884033792141139, 25.520489331676909 ], [ 87.902791958254909, 25.504710643364373 ], [ 87.915776828107425, 25.533717211902275 ], [ 87.95921178424625, 25.538649638292487 ], [ 88.004323411726872, 25.496207942266217 ], [ 88.002001815588073, 25.514294287577613 ], [ 88.013563552807909, 25.514013126656934 ], [ 88.030633734197167, 25.490572651081148 ], [ 88.073258209625394, 25.483600022867645 ], [ 88.077062043050987, 25.506733533483352 ], [ 88.052233638067236, 25.549113735436528 ], [ 88.031489110909021, 25.554065768382458 ], [ 88.040216536745035, 25.573628330157554 ], [ 88.02090820282541, 25.570438598971901 ], [ 88.035270308586092, 25.580994893679115 ], [ 88.021659490846957, 25.59606974367621 ], [ 88.043774181477133, 25.610337833272805 ], [ 88.034479036551232, 25.630514008983454 ], [ 88.055250692831024, 25.644684582226525 ], [ 88.036052987336944, 25.648759601701531 ], [ 88.050752187704646, 25.654230062694687 ], [ 88.049743117332525, 25.702167123132771 ], [ 88.021079369616245, 25.696292081395512 ], [ 88.000652145382702, 25.722820069136301 ], [ 87.96794413554494, 25.725973896874301 ], [ 87.942034905459138, 25.774246090065802 ], [ 87.904433951931836, 25.772445503875719 ], [ 87.900173531796781, 25.807026068887804 ], [ 87.917720133798639, 25.816095440496465 ], [ 87.889204641341948, 25.829699022948478 ], [ 87.915748382953964, 25.853316332107216 ], [ 87.829672184332168, 25.871505272521876 ], [ 87.810842115266425, 25.927881707790782 ], [ 87.820981815798262, 25.936138759640443 ], [ 87.834463837583527, 25.93023865378704 ], [ 87.83966978665741, 25.933839493742301 ], [ 87.855477396694596, 26.035028279744111 ], [ 87.886283302071675, 26.043279791975412 ], [ 87.926690407493581, 26.0838647802289 ], [ 87.948858085250791, 26.060048526330554 ], [ 87.95363435754787, 26.075243076391768 ], [ 87.982355260574082, 26.072645823258867 ], [ 87.964246835125522, 26.094943141570706 ], [ 87.988808202416337, 26.105121344496634 ], [ 87.968966018587963, 26.119219584204579 ], [ 87.981957679704024, 26.127276397865764 ], [ 87.975192399027378, 26.143015519209328 ], [ 88.010499526036256, 26.145333261028853 ], [ 88.03485339597114, 26.179077015378507 ], [ 88.073293525992483, 26.175088056234934 ], [ 88.116467829663392, 26.223713692554906 ], [ 88.141978529359918, 26.226319193061723 ], [ 88.146006196004862, 26.250130942197341 ], [ 88.227724113821196, 26.284785068584661 ], [ 88.253290704898106, 26.334328251558865 ], [ 88.278265149895887, 26.325477442703079 ], [ 88.300545144013057, 26.350339919063799 ], [ 88.283348551697046, 26.377885239537886 ], [ 88.238347116060709, 26.380783862501399 ], [ 88.237340566361269, 26.396093832849594 ], [ 88.273408808960909, 26.418954518144023 ], [ 88.215228381132434, 26.477136099212323 ], [ 88.227621555860139, 26.491869215137829 ], [ 88.198387466871694, 26.484704248683812 ], [ 88.182626006883893, 26.504147939261472 ], [ 88.235454276741166, 26.544717782007666 ], [ 88.232831907577236, 26.570957618994768 ], [ 88.215820204716351, 26.573193103770187 ], [ 88.218409663201527, 26.553336692317956 ], [ 88.168591496944373, 26.55339630357803 ], [ 88.146002841695591, 26.522151565726524 ], [ 88.105479046914894, 26.550752389363613 ], [ 88.160398707941297, 26.636359038394424 ], [ 88.187942013953133, 26.77184412540263 ], [ 88.167822609129757, 26.837623943740187 ], [ 88.174084873671518, 26.865299417398951 ], [ 88.136480100507626, 26.898549656268465 ], [ 88.144842596539263, 26.922521689997218 ], [ 88.120315151430205, 26.950680918524647 ], [ 88.134658040430324, 26.986025462704234 ], [ 88.092257496137819, 27.004565343303724 ], [ 88.07777012031076, 27.035403679960432 ], [ 88.037874125742775, 27.036319865381468 ], [ 88.02110027880282, 27.087785168636962 ], [ 87.991033198221089, 27.105582742330057 ], [ 88.019404309852064, 27.171178438027237 ], [ 88.012566403079603, 27.216409070623108 ], [ 88.028867675993013, 27.22064892765005 ], [ 88.078874635783521, 27.201167859979734 ], [ 88.096192221286856, 27.133361497981021 ], [ 88.153651400756829, 27.10968963271964 ], [ 88.181731559745415, 27.132428934150965 ], [ 88.2322414512292, 27.118419361717002 ], [ 88.302042028330575, 27.128858826063844 ], [ 88.324449741321558, 27.105394736016049 ], [ 88.430688040793854, 27.079363653618515 ], [ 88.529950625640936, 27.14796227690525 ], [ 88.525653303612316, 27.170218019192827 ], [ 88.541294719932068, 27.181669840135786 ], [ 88.595803224747897, 27.189238699041816 ], [ 88.655196897436156, 27.159489153855933 ], [ 88.685833293414049, 27.176012784137558 ], [ 88.724429485054728, 27.135324655179833 ], [ 88.802033265295165, 27.139495191546295 ], [ 88.842479076427736, 27.111152666950318 ], [ 88.867707709616653, 27.112442607345546 ], [ 88.881171879182304, 27.061996600735203 ], [ 88.877138652864062, 26.944365020119733 ], [ 88.921683757810769, 26.993927223373603 ], [ 88.95247525780394, 26.968406932564577 ], [ 88.943923825406799, 26.934147335303035 ], [ 88.980346215332503, 26.917185932891037 ], [ 89.021572487275492, 26.940685878007184 ], [ 89.050895955041454, 26.915969936647805 ], [ 89.048858479857344, 26.899114494896825 ], [ 89.095698829762284, 26.891673138850013 ], [ 89.100694020595782, 26.842526200802233 ], [ 89.134483491542838, 26.807638870590043 ], [ 89.26239531002615, 26.813777867695464 ], [ 89.318495327691465, 26.851319977283726 ], [ 89.378981770380136, 26.86217825377339 ], [ 89.38977078308082, 26.841854038715098 ], [ 89.439479193176552, 26.840335174985512 ], [ 89.469526332057285, 26.802692950704412 ], [ 89.56016942454805, 26.812860141786093 ], [ 89.565900989572796, 26.79935341328569 ], [ 89.649868913189678, 26.776738546226962 ], [ 89.643522401047321, 26.748541202065354 ], [ 89.617448495396872, 26.729306881510126 ], [ 89.62377905076481, 26.718448895067667 ], [ 89.65787419055529, 26.71865293536354 ], [ 89.671755497314692, 26.73980957387154 ], [ 89.724083878970845, 26.722288370491906 ], [ 89.752804682284037, 26.735312987848879 ], [ 89.771371670735661, 26.701004256269801 ], [ 89.862931173275328, 26.700780368434945 ], [ 89.851882895105561, 26.697063091155322 ], [ 89.866474392860582, 26.64554637436764 ], [ 89.849835864541788, 26.623025137135944 ], [ 89.869583066800217, 26.613895254322703 ], [ 89.87425124571746, 26.583919081724673 ], [ 89.857604766410049, 26.575875310250272 ], [ 89.849833492091122, 26.490763146180946 ], [ 89.869089307804273, 26.453585413678354 ], [ 89.847864418225996, 26.422791139236725 ], [ 89.85638325974459, 26.412919309966853 ], [ 89.834593356802031, 26.413813255873521 ], [ 89.828073709660032, 26.3945126513992 ], [ 89.846301445751337, 26.40466302951884 ], [ 89.856413239220558, 26.384161780801357 ], [ 89.824941247433372, 26.381512094902597 ], [ 89.820385010278628, 26.352641714702308 ], [ 89.820461660826894, 26.372910854430053 ], [ 89.781060331654928, 26.352740796558017 ], [ 89.782664113694608, 26.332619923339458 ], [ 89.75059826184274, 26.321317628508762 ], [ 89.757207599477667, 26.288690647946627 ], [ 89.719898774487504, 26.306941378963248 ], [ 89.738399108843367, 26.269724683340289 ], [ 89.702327914379723, 26.259262392238249 ], [ 89.732160927236094, 26.236608159412626 ], [ 89.700546943243509, 26.217859870788214 ], [ 89.734075352090883, 26.20986041779134 ], [ 89.711760232947825, 26.202229665186291 ], [ 89.713221344554057, 26.187067849093111 ], [ 89.698657787099307, 26.190671451080306 ], [ 89.709873946022626, 26.171767415735161 ], [ 89.726009764532051, 26.177179090002245 ], [ 89.736747963130341, 26.171958366282869 ], [ 89.701377735760971, 26.151754842426268 ], [ 89.681318474044204, 26.163586201799934 ], [ 89.702059638808322, 26.17397665626622 ], [ 89.673471444797343, 26.201428108522869 ], [ 89.691503874569477, 26.211671115741343 ], [ 89.679409839729729, 26.214790054883654 ], [ 89.68605023481895, 26.230659570896787 ], [ 89.661996195576435, 26.219220169827427 ], [ 89.634439633125922, 26.229410098380473 ], [ 89.649995805613429, 26.190205666557354 ], [ 89.630181446202698, 26.195762144410953 ], [ 89.627812729833948, 26.183909098926733 ], [ 89.658660706010707, 26.176226948625441 ], [ 89.646095910842931, 26.16443633113682 ], [ 89.632492377542448, 26.180775166033431 ], [ 89.607455459208211, 26.179141282889304 ], [ 89.619759594721572, 26.167758731642571 ], [ 89.591397712381806, 26.157613129915976 ], [ 89.59659671298698, 26.135032420347471 ], [ 89.604239358438718, 26.117454221280695 ], [ 89.62534568656919, 26.128596631735416 ], [ 89.630357191706537, 26.1182724715825 ], [ 89.593882359032904, 26.102161321912074 ], [ 89.608622033894065, 26.088393086841496 ], [ 89.62995842955192, 26.107043473591943 ], [ 89.650054974047961, 26.063011855054086 ], [ 89.620510711164926, 26.053277323362448 ], [ 89.605398801399517, 26.063753468161163 ], [ 89.612825851183032, 26.052643901722735 ], [ 89.578721898919639, 26.02626173720817 ], [ 89.577197352779606, 25.968847123802448 ], [ 89.565968404541593, 25.980342223299068 ], [ 89.557695618765848, 25.965355310637364 ], [ 89.540364136325039, 25.969981691416937 ], [ 89.540895659597197, 26.005901436425933 ], [ 89.480352125378957, 25.996067735280707 ], [ 89.430815192891174, 26.011115936910656 ], [ 89.432801767734688, 26.037501193520612 ], [ 89.423843053560788, 26.046920125536012 ], [ 89.390856726783355, 26.022921236346605 ], [ 89.392792581847615, 26.007190611085353 ], [ 89.349061767366621, 26.010350735763268 ], [ 89.300436868335666, 26.050432240104868 ], [ 89.275755681057305, 26.049080182044655 ], [ 89.281054250928548, 26.065615456271402 ], [ 89.254407028785678, 26.064120778820708 ], [ 89.266798474256476, 26.092637296192184 ], [ 89.2516224202882, 26.091350368724541 ], [ 89.22942972984022, 26.123856859274849 ], [ 89.162425335130493, 26.132972620271413 ], [ 89.157279849861752, 26.163196343251581 ], [ 89.134641083891481, 26.181014557230665 ], [ 89.149405367201496, 26.209050140813037 ], [ 89.140942163738316, 26.235840794028064 ], [ 89.10010436644329, 26.279467662468406 ], [ 89.104710843676969, 26.315799794842121 ], [ 89.122126361715928, 26.287146166132107 ], [ 89.136307411132805, 26.320106882090148 ], [ 89.083486346662426, 26.322360099948963 ], [ 89.101342870132257, 26.336533856786897 ], [ 89.098315604218627, 26.358929710106263 ], [ 89.079707538504024, 26.362822335088538 ], [ 89.096250286650601, 26.391154902926353 ], [ 89.033560026838316, 26.39544238488504 ], [ 89.005484221983963, 26.421567294179152 ], [ 88.994039295395439, 26.412818635233851 ], [ 88.965139762374974, 26.457808191598627 ], [ 88.946168526655626, 26.447938467220098 ], [ 88.944766322074116, 26.425591672310119 ], [ 88.926192437256034, 26.432050530410923 ], [ 88.926559405337841, 26.406788248925995 ], [ 88.904788579916968, 26.408458963238139 ], [ 88.918223768034892, 26.400377376988285 ], [ 88.910112666433875, 26.369801607405762 ], [ 88.958429187302499, 26.361681024408661 ], [ 88.946293399666644, 26.345826592906036 ], [ 88.956024848241185, 26.329987846838829 ], [ 88.961410278013886, 26.352295653213925 ], [ 88.98721856171629, 26.348320914951401 ], [ 88.985545884284221, 26.33276380602198 ], [ 89.000967692161396, 26.329747496819195 ], [ 88.982657336216761, 26.309497089654418 ], [ 88.995737926054403, 26.29023780243687 ], [ 89.006851406642426, 26.304390045071731 ], [ 89.018405931288854, 26.289813103043794 ], [ 89.021585807494517, 26.309019004928867 ], [ 89.020083432674014, 26.289094249082329 ], [ 89.04512347984037, 26.275136396039002 ], [ 89.045868399704887, 26.295351061298437 ], [ 89.059466517960871, 26.293434717698691 ], [ 89.05068532166689, 26.241653390292385 ], [ 88.957316511533691, 26.240296484758616 ], [ 88.926280497306706, 26.283778083527586 ], [ 88.898268692924773, 26.288643882037231 ], [ 88.861384789030311, 26.272663271708694 ], [ 88.877864215830826, 26.233377959281423 ], [ 88.841725309954299, 26.230719686617309 ], [ 88.812941776386495, 26.255990228793276 ], [ 88.819109728603195, 26.294494224614663 ], [ 88.793564109594925, 26.309970009897405 ], [ 88.666226328951254, 26.262656834594093 ], [ 88.675130237807963, 26.320072048858265 ], [ 88.746508004121637, 26.322385469307829 ], [ 88.733866341911622, 26.328655282629807 ], [ 88.745869982877622, 26.347066526114208 ], [ 88.733261952693539, 26.353831746662056 ], [ 88.702763545129798, 26.334394475733376 ], [ 88.681011704704147, 26.379407860656396 ], [ 88.702269819371537, 26.38844358605435 ], [ 88.623771105105732, 26.43478771736266 ], [ 88.62289012730659, 26.471078521461479 ], [ 88.594753257674142, 26.470637176507754 ], [ 88.592951821119129, 26.449814088853095 ], [ 88.560928838669284, 26.456462552394157 ], [ 88.55676363097119, 26.484799196946831 ], [ 88.526481317640631, 26.481378858416413 ], [ 88.521393026309411, 26.510507227466906 ], [ 88.489750542366124, 26.51035894660782 ], [ 88.485009326823004, 26.540685323683217 ], [ 88.435969621726457, 26.545026763086913 ], [ 88.409256633921657, 26.634847908378962 ], [ 88.386956535508418, 26.611984420735126 ], [ 88.39841760751753, 26.603512011506933 ], [ 88.376038908313561, 26.594695571079793 ], [ 88.33186734082831, 26.48180632749785 ], [ 88.35482322736523, 26.447021638881314 ], [ 88.371238854915987, 26.488205450306562 ], [ 88.405008137125336, 26.485808773491634 ], [ 88.419759002299969, 26.465746064836505 ], [ 88.485245227111548, 26.460256701728539 ], [ 88.523237745491443, 26.360542725690777 ], [ 88.482361689846783, 26.3497028235379 ], [ 88.457723054865099, 26.376659943636213 ], [ 88.435577229525521, 26.335766702918779 ], [ 88.404350237062417, 26.329834812126872 ], [ 88.414938337956485, 26.314822876483195 ], [ 88.384660882714996, 26.313258656203125 ], [ 88.349667682761947, 26.282249870041277 ], [ 88.350509631456958, 26.220422706188735 ], [ 88.269341667647453, 26.186483734386361 ], [ 88.241825728810753, 26.189083343056765 ], [ 88.17727584586757, 26.148056599801407 ], [ 88.158379336505092, 26.079826437207068 ], [ 88.183345165761011, 26.072885600754127 ], [ 88.169536395265879, 26.045199478187076 ], [ 88.183207343535202, 26.026777045046188 ], [ 88.139712328731434, 26.012916979817355 ], [ 88.115178123799865, 25.962776134380867 ], [ 88.122374157435047, 25.948372618239343 ], [ 88.086278477591691, 25.917472909630423 ], [ 88.103016461090547, 25.889249684936818 ], [ 88.094172038671942, 25.873366053736106 ], [ 88.113870005167954, 25.854502532533505 ], [ 88.101165732179282, 25.828975565617743 ], [ 88.12011330896901, 25.812435028603694 ], [ 88.11447645512132, 25.797940849636209 ], [ 88.144258607162925, 25.793637752665617 ], [ 88.1514944056225, 25.775550927789283 ], [ 88.18377277281941, 25.80169018188521 ], [ 88.209509265859253, 25.786808753951597 ], [ 88.236266686134655, 25.809440186699103 ], [ 88.269553673647749, 25.808176718045488 ], [ 88.266506629526518, 25.782448729374501 ], [ 88.320949961568502, 25.73747216065248 ], [ 88.37425189421046, 25.717066183122245 ], [ 88.37149168395608, 25.696539001413289 ], [ 88.405183397538948, 25.684219989005459 ], [ 88.401685565333437, 25.6725615760331 ], [ 88.453815394158966, 25.664937495187214 ], [ 88.44435187530442, 25.596922384243566 ], [ 88.499915421777047, 25.583949279822303 ], [ 88.493505219081058, 25.558847076327826 ], [ 88.523492000157873, 25.535160611578103 ], [ 88.533092250683467, 25.542099160794386 ], [ 88.5399528129674, 25.508296071606736 ], [ 88.552356229387655, 25.520786854499438 ], [ 88.595506726805212, 25.505875868835059 ], [ 88.609086895823481, 25.516302165097532 ], [ 88.622476561814395, 25.496955320052969 ], [ 88.648364004161323, 25.496398910829875 ], [ 88.647051726329664, 25.4778193055114 ], [ 88.699495364531714, 25.471194135488027 ], [ 88.707516589688552, 25.499867435359398 ], [ 88.742149754757222, 25.504994622422771 ], [ 88.740040470944237, 25.489304216200182 ], [ 88.745030987843293, 25.487853271210277 ], [ 88.76884572577562, 25.49854062580631 ], [ 88.75869005589297, 25.525244479430391 ], [ 88.810526708745769, 25.52314157881997 ], [ 88.81366388712766, 25.487975990145713 ], [ 88.82965698489798, 25.490254728892474 ], [ 88.839331217077131, 25.458338506171643 ], [ 88.830001283993553, 25.416944568643896 ], [ 88.812295034297691, 25.410543558232977 ], [ 88.840855945575171, 25.397634080075687 ], [ 88.840184875311834, 25.363760352588411 ], [ 88.885122536851199, 25.325615707360061 ], [ 88.906294704305452, 25.337689817819637 ], [ 88.929461442507588, 25.304083288382195 ], [ 89.008950750596796, 25.303007179760993 ], [ 89.007629417747054, 25.263616544951887 ], [ 88.986821245849299, 25.27445082616552 ], [ 88.956160206388205, 25.254940978961677 ], [ 88.961771246247864, 25.209070523550778 ], [ 88.936375144632137, 25.210617544361025 ], [ 88.948790784428439, 25.1765959635112 ], [ 88.932586858349154, 25.180882951938056 ], [ 88.923075629969858, 25.164908846127449 ], [ 88.911424045950241, 25.179763264387525 ], [ 88.875264461754199, 25.179344134954686 ], [ 88.874953569207378, 25.196223687447439 ], [ 88.864380248294651, 25.189992372330508 ], [ 88.843762885749754, 25.213807072113582 ], [ 88.805860404612503, 25.170450613029661 ], [ 88.769401153217473, 25.189845125932848 ], [ 88.749096171727786, 25.176852344209742 ], [ 88.711481490146312, 25.207659733281105 ], [ 88.612722055283115, 25.204171385951241 ], [ 88.565579231842193, 25.175088106202374 ], [ 88.557614437953177, 25.19261096053911 ], [ 88.533977460445925, 25.1875202000797 ], [ 88.53777768893228, 25.19781761113693 ], [ 88.499145051742218, 25.210385928533814 ], [ 88.44368775261151, 25.197296888709953 ], [ 88.461403560381981, 25.14938557075433 ], [ 88.441419534366887, 25.127508079897311 ], [ 88.452869755625684, 25.079304921097155 ], [ 88.434965544190661, 25.055962222112832 ], [ 88.452658365869652, 25.036871069423576 ], [ 88.436539494078076, 25.006453802551626 ], [ 88.425569222014332, 25.016434303696812 ], [ 88.412092993464313, 24.998811171793232 ], [ 88.417427552540815, 24.974833044002185 ], [ 88.395247471744497, 24.969078774171898 ], [ 88.398838035240161, 24.945320208889473 ], [ 88.364040256590641, 24.953286172611122 ], [ 88.340904397078148, 24.940631450934113 ], [ 88.324279374031292, 24.916823098829806 ], [ 88.347007620288721, 24.892433349274278 ], [ 88.330619023044889, 24.870139776827905 ], [ 88.321058885889954, 24.883468488684755 ], [ 88.301917558663106, 24.871890562438438 ], [ 88.276083816705565, 24.897795363379053 ], [ 88.25826625316958, 24.877550180861533 ], [ 88.26051868801467, 24.91918198591798 ], [ 88.226112744610631, 24.959706115792908 ], [ 88.138044352183243, 24.936160952152807 ], [ 88.175013147770372, 24.86014560815638 ], [ 88.131912376595338, 24.836012363106004 ], [ 88.136284076434535, 24.805275100771645 ], [ 88.123544984745422, 24.823109418329505 ], [ 88.10609799063721, 24.779567242770163 ], [ 88.068306919459843, 24.769150147890766 ], [ 88.0628455703675, 24.721596482054903 ], [ 88.008756400024637, 24.667834274145498 ], [ 88.140755349133116, 24.511240467417103 ], [ 88.198401390758605, 24.46249545522042 ], [ 88.271923153584481, 24.440580489008347 ], [ 88.333984227981873, 24.381392585537405 ], [ 88.446432423808091, 24.37858058462248 ], [ 88.527119170001356, 24.344378704506386 ], [ 88.555134886546398, 24.293341337191432 ], [ 88.567688189566738, 24.326653636894228 ], [ 88.628488385936379, 24.305093354491945 ], [ 88.696587579042472, 24.315353347856664 ], [ 88.73543909434477, 24.276495485771978 ], [ 88.731408035661289, 24.173387250305066 ], [ 88.746490695382761, 24.147064654969636 ], [ 88.693190251249234, 24.111152887759566 ], [ 88.741631310057301, 24.057122430182922 ], [ 88.724754356285629, 24.041612025993381 ], [ 88.757490648681809, 24.032095031939491 ], [ 88.729045508684891, 23.996113560135822 ], [ 88.760194910961971, 24.006058234585772 ], [ 88.768945501654215, 23.982197326458611 ], [ 88.7382167570685, 23.98291425888053 ], [ 88.733403509216018, 23.91097506184208 ], [ 88.706397057977512, 23.916272804244016 ], [ 88.704338634979294, 23.899174929558153 ], [ 88.664282818444164, 23.882422334998481 ], [ 88.667585909370843, 23.869444997439544 ], [ 88.62641170737497, 23.864941635469954 ], [ 88.6164390485702, 23.876512040359351 ], [ 88.608048291539745, 23.862349254026832 ], [ 88.5756405777217, 23.861551697275893 ], [ 88.602129072045443, 23.817215872826655 ], [ 88.58515754094573, 23.813632945069397 ], [ 88.596199009885666, 23.804886693419416 ], [ 88.578126792831256, 23.786576063300146 ], [ 88.571265600828355, 23.783027779025829 ], [ 88.559303716251705, 23.785978559714966 ], [ 88.556035310176469, 23.784211344188794 ], [ 88.580814863876768, 23.760535585226435 ], [ 88.564506313711263, 23.711329093810757 ], [ 88.573820595447643, 23.666940869261385 ], [ 88.558208038404729, 23.649154325783009 ], [ 88.562170252001422, 23.637088253981506 ], [ 88.593764914130546, 23.640810231271455 ], [ 88.580073923548952, 23.602966919580471 ], [ 88.64553159091767, 23.609283924017042 ], [ 88.654253208247042, 23.556153430301737 ], [ 88.695753310943132, 23.517311421877288 ], [ 88.725134782927, 23.511832870484344 ], [ 88.741421486963119, 23.479679829342516 ], [ 88.760905674184457, 23.478385634478894 ], [ 88.76067890347413, 23.489919310908842 ], [ 88.774887493440986, 23.479814336012971 ], [ 88.768247316642331, 23.490126261648591 ], [ 88.785951531654078, 23.507240077670858 ], [ 88.800786957043044, 23.497124087183579 ], [ 88.7873122313745, 23.469082191758488 ], [ 88.795316290624584, 23.443023468315342 ], [ 88.764314441124526, 23.448205633858741 ], [ 88.74926152731706, 23.40055391494673 ], [ 88.765434505536504, 23.367883881959667 ], [ 88.732032049475109, 23.351986579082386 ], [ 88.745298472897218, 23.307820181711413 ], [ 88.730416993578629, 23.319582524844801 ], [ 88.725408831970725, 23.298691761285557 ], [ 88.710345110532089, 23.312854064634681 ], [ 88.696361272761138, 23.302290310320018 ], [ 88.724409870340494, 23.271621271245831 ], [ 88.718894213597679, 23.254798154317513 ], [ 88.769537610004065, 23.244844188640236 ], [ 88.78980100308938, 23.218340425068114 ], [ 88.81143897396791, 23.221547781279192 ], [ 88.811462377776024, 23.256087745598624 ], [ 88.823821573728111, 23.23341440139307 ], [ 88.906851037249126, 23.235964960474359 ], [ 88.914586911657665, 23.213470407368504 ], [ 88.942629700730421, 23.206113802408254 ], [ 88.978731422642355, 23.21448294933678 ], [ 88.97593103164364, 23.224432657225758 ], [ 88.995724678598904, 23.214700198246344 ], [ 88.979669907891051, 23.212857954331763 ], [ 88.980384697362624, 23.18254729568541 ], [ 88.962307525201126, 23.193144676966348 ], [ 88.939094050349723, 23.176803847664235 ], [ 88.9178970004604, 23.12908017186648 ], [ 88.8684463107315, 23.101067710775382 ], [ 88.861007118420233, 23.077305336541393 ], [ 88.884117214250438, 23.04043267536078 ], [ 88.879754632311375, 23.006325581565722 ], [ 88.845086289216212, 23.009858265663468 ], [ 88.87096746761064, 22.978633038734372 ], [ 88.857048878072035, 22.968883464748814 ], [ 88.859444842139951, 22.943189528428046 ], [ 88.894264375290689, 22.951998925124794 ], [ 88.896987915039347, 22.926740646362244 ], [ 88.914260864257869, 22.916810989379929 ], [ 88.90942970247616, 22.879856056606481 ], [ 88.947661523064554, 22.879188066860241 ], [ 88.968462570423824, 22.845043207422194 ], [ 88.958442687988452, 22.794210433959957 ], [ 88.919189453125, 22.761711120605518 ], [ 88.920768737793196, 22.733850479125973 ], [ 88.959190368652273, 22.691169738769588 ], [ 88.94728088378929, 22.65985107421881 ], [ 88.931945800781406, 22.645549774169869 ], [ 88.920257568359659, 22.666948318481499 ], [ 88.911758422851562, 22.67656135559092 ], [ 88.905029296874943, 22.679105758667038 ], [ 88.864364624023722, 22.66508293151854 ], [ 88.864112854003963, 22.693651199340877 ], [ 88.859535217285199, 22.697008132934517 ], [ 88.849258422851605, 22.69317626953125 ], [ 88.848693847656307, 22.708429336547958 ], [ 88.809051513672159, 22.711668014526417 ], [ 88.811592102050952, 22.741443634033313 ], [ 88.809082031249943, 22.751136779785153 ], [ 88.813964843750227, 22.740907669067372 ], [ 88.825744628906236, 22.737632751464833 ], [ 88.829185485839886, 22.737960815429624 ], [ 88.834228515625284, 22.745452880859361 ], [ 88.836479187011776, 22.737016677856559 ], [ 88.839416503906193, 22.734941482544048 ], [ 88.842300415039233, 22.736467361450298 ], [ 88.847129821777401, 22.744049072265735 ], [ 88.84822845459, 22.750989913940479 ], [ 88.83249664306669, 22.753889083862415 ], [ 88.846809387207301, 22.750139236450245 ], [ 88.839996337890781, 22.73564338684087 ], [ 88.835151672363338, 22.746778488159229 ], [ 88.826644897461108, 22.738719940185604 ], [ 88.818992614746207, 22.750656127929734 ], [ 88.810783386230568, 22.753679275512695 ], [ 88.807022094726733, 22.750673294067436 ], [ 88.808731079101719, 22.709692001342713 ], [ 88.847236633300724, 22.706548690795952 ], [ 88.847953796387003, 22.691108703613271 ], [ 88.861579895019702, 22.693742752075302 ], [ 88.85722351074223, 22.677499771118274 ], [ 88.861244201660213, 22.665920257568466 ], [ 88.865676879883097, 22.66311073303223 ], [ 88.907814025878963, 22.676839828491321 ], [ 88.93255615234375, 22.618743896484474 ], [ 88.95777893066429, 22.617414474487301 ], [ 88.936119079589787, 22.592252731323232 ], [ 88.937606811523722, 22.569932937622177 ], [ 88.893890380859432, 22.561944961547951 ], [ 88.867214921113273, 22.539827248051779 ], [ 88.85639190673821, 22.511667251586907 ], [ 88.84281158447294, 22.5078735351563 ], [ 88.865249633789119, 22.487516403198235 ], [ 88.852447509765611, 22.43283271789544 ], [ 88.824531555175724, 22.436119079589893 ], [ 88.829681396484304, 22.44675254821783 ], [ 88.811561584472585, 22.481378555297905 ], [ 88.77166748046902, 22.513380050659293 ], [ 88.782821655273438, 22.521150588989197 ], [ 88.784164428710923, 22.524999618530384 ], [ 88.765686035156321, 22.534242630004929 ], [ 88.766387939453296, 22.560834884643608 ], [ 88.76444244384777, 22.527780532837028 ], [ 88.782775878906421, 22.524721145629982 ], [ 88.768882751465, 22.513591766357418 ], [ 88.750419616699276, 22.516965866088931 ], [ 88.738983154296932, 22.514181137084893 ], [ 88.733825683593793, 22.51094818115245 ], [ 88.709976196289119, 22.528852462768665 ], [ 88.704849243164119, 22.528175354003913 ], [ 88.701110839843849, 22.525556564331112 ], [ 88.70194244384767, 22.530561447143672 ], [ 88.690666198730639, 22.524412155151428 ], [ 88.69132995605473, 22.534059524536236 ], [ 88.682342529296932, 22.537443161010856 ], [ 88.682266235351719, 22.543781280517624 ], [ 88.673591613769588, 22.550022125244144 ], [ 88.680870056152614, 22.577384948730458 ], [ 88.678337097168026, 22.593610763549865 ], [ 88.676811218261776, 22.59155082702641 ], [ 88.672225952148494, 22.549440383911133 ], [ 88.689254760742486, 22.524049758911133 ], [ 88.698593139648736, 22.52312088012695 ], [ 88.707801818847585, 22.527694702148498 ], [ 88.733573913574389, 22.509992599487241 ], [ 88.777549743652401, 22.506881713867248 ], [ 88.802520751953352, 22.443422317504925 ], [ 88.818481445312486, 22.430572509765675 ], [ 88.848342895508097, 22.430564880371087 ], [ 88.852076082052974, 22.391946792602582 ] ], [ [ 88.25816071909, 26.439710641213601 ], [ 88.258212247353029, 26.436262462474811 ], [ 88.268649924454479, 26.433505822403667 ], [ 88.26711625771938, 26.436790073306049 ], [ 88.25816071909, 26.439710641213601 ] ], [ [ 88.273964812222886, 26.41900799883717 ], [ 88.274431956831862, 26.41866119327312 ], [ 88.27488009308945, 26.419260029598355 ], [ 88.273781563091433, 26.419413844543524 ], [ 88.273964812222886, 26.41900799883717 ] ], [ [ 88.271582374088183, 26.432354185989322 ], [ 88.27195885892209, 26.43227111013697 ], [ 88.27134487479843, 26.432554762813989 ], [ 88.271582374088183, 26.432354185989322 ] ] ] ] } },
{ "type": "Feature", "properties": { "Name": "Andaman & Nicobar" }, "geometry": { "type": "MultiPolygon", "coordinates": [ [ [ [ 92.901237692554133, 12.910712020864203 ], [ 92.922187742571268, 12.915323114086943 ], [ 92.90586669684015, 12.886550105890862 ], [ 92.924316888135195, 12.883742798992458 ], [ 92.925948870986559, 12.858224458889637 ], [ 92.939753543367374, 12.855104249848173 ], [ 92.920952298544151, 12.830274190894922 ], [ 92.936453906463001, 12.820142844119772 ], [ 92.932214154765987, 12.833578227741445 ], [ 92.946378114632878, 12.836949159025277 ], [ 92.952197723538603, 12.807971797075242 ], [ 92.926190949887641, 12.774527265323835 ], [ 92.948001414368733, 12.770076561199403 ], [ 92.97932221340541, 12.709515695702878 ], [ 92.956476492661636, 12.697025776045132 ], [ 92.956267126809948, 12.624741866130215 ], [ 92.945974422523989, 12.630718759059103 ], [ 92.941190810991046, 12.626313011920722 ], [ 92.953098304373867, 12.599997727133783 ], [ 92.956766570344996, 12.619969179358684 ], [ 92.954198677714842, 12.572001179941358 ], [ 92.973852596219231, 12.542643269007154 ], [ 92.949410866557955, 12.505710000476327 ], [ 92.968540384532048, 12.496389127058235 ], [ 92.95952780557711, 12.486652018042534 ], [ 92.945779244663882, 12.499649067732976 ], [ 92.936243005390466, 12.48142310374522 ], [ 92.932494138978797, 12.481888429169409 ], [ 92.932712691900903, 12.485228584545972 ], [ 92.931068199110854, 12.487621758395917 ], [ 92.926682110057456, 12.488593292210954 ], [ 92.928715243683797, 12.488726714100043 ], [ 92.929090130414806, 12.489149284705364 ], [ 92.92838406088967, 12.490439708957544 ], [ 92.927050001607327, 12.490378558110413 ], [ 92.926408376322385, 12.488462186570532 ], [ 92.932494175809708, 12.484706505322562 ], [ 92.925969454084679, 12.476877963987459 ], [ 92.932494300675543, 12.467493034279336 ], [ 92.920924161512829, 12.466034613491585 ], [ 92.9201464504455, 12.472877514993696 ], [ 92.916045764242696, 12.473751758922813 ], [ 92.919580486663691, 12.476147535113242 ], [ 92.918283236748394, 12.478160960786692 ], [ 92.920760095005974, 12.4798674298695 ], [ 92.920350540491526, 12.482902398329919 ], [ 92.919524846811584, 12.483776899598579 ], [ 92.918078188199971, 12.483720279909715 ], [ 92.917696555121182, 12.48166598414975 ], [ 92.916806347132507, 12.484045571715727 ], [ 92.914073988245207, 12.484178664415474 ], [ 92.913754106257343, 12.486813613182553 ], [ 92.913784253718291, 12.483758272244161 ], [ 92.917586128816552, 12.481367727247697 ], [ 92.919885954284453, 12.483110225767437 ], [ 92.918009555115617, 12.478208434462637 ], [ 92.919345894322177, 12.476269533024224 ], [ 92.911903326142095, 12.47869141279465 ], [ 92.909095296768513, 12.477439034612566 ], [ 92.908354793021928, 12.476690958302328 ], [ 92.908154827141374, 12.475364357711996 ], [ 92.908101886726726, 12.476259270929724 ], [ 92.907239345950487, 12.476923576692728 ], [ 92.906779392355332, 12.476776558926197 ], [ 92.907149616829997, 12.477488516098095 ], [ 92.906804588302421, 12.47762176478426 ], [ 92.906524005811661, 12.477400302833933 ], [ 92.907020797519976, 12.477463601252561 ], [ 92.906595366181179, 12.476738150698543 ], [ 92.908154899904915, 12.475151950826362 ], [ 92.912241434947063, 12.478323051524381 ], [ 92.913757256649049, 12.475803442314598 ], [ 92.905579495562364, 12.470645332045603 ], [ 92.907663483715254, 12.467210599441703 ], [ 92.90704462084129, 12.469233171081708 ], [ 92.911680939210342, 12.471030299343704 ], [ 92.914867990260191, 12.477643144911999 ], [ 92.915344363262122, 12.47298779884442 ], [ 92.919320812461109, 12.47274414545611 ], [ 92.9189829345232, 12.469634518148172 ], [ 92.921439339040077, 12.464827878421699 ], [ 92.957378491038426, 12.472930190920664 ], [ 92.937818081765229, 12.448067163403962 ], [ 92.912289834377958, 12.450619059605287 ], [ 92.922374448419916, 12.435146548249033 ], [ 92.910554408724948, 12.406013554022975 ], [ 92.896916196861213, 12.438488050553339 ], [ 92.884327918833577, 12.441753330447964 ], [ 92.895539635587824, 12.447850519216152 ], [ 92.898427309594496, 12.452316585571236 ], [ 92.895152165256349, 12.455192843472275 ], [ 92.892353688567468, 12.454127923822224 ], [ 92.890694247811126, 12.457984957365737 ], [ 92.885380004134788, 12.459821378710499 ], [ 92.885085426790184, 12.460777306977342 ], [ 92.887286271388504, 12.460852341395595 ], [ 92.888842807434116, 12.462773549478255 ], [ 92.888884094004595, 12.463507995665614 ], [ 92.888021590059253, 12.464066082258679 ], [ 92.887311525726076, 12.461189092979945 ], [ 92.885211791004565, 12.461138880344317 ], [ 92.884855517366248, 12.460275527617071 ], [ 92.895865981852467, 12.449299165065899 ], [ 92.877000799438903, 12.444852219932663 ], [ 92.886093520693606, 12.456476889710542 ], [ 92.883669214778479, 12.458517047112949 ], [ 92.878566295281161, 12.458052616522259 ], [ 92.883012235488692, 12.466523757976619 ], [ 92.878792035623832, 12.466904658866111 ], [ 92.878828740786346, 12.4675329455272 ], [ 92.881222636034195, 12.468145965979291 ], [ 92.881721572021078, 12.468717769633319 ], [ 92.88105661299663, 12.470478119374805 ], [ 92.880012280156336, 12.471363704652596 ], [ 92.87851603004944, 12.467013037494093 ], [ 92.881106148796349, 12.464410291517524 ], [ 92.877913189526879, 12.458052488456344 ], [ 92.885270269532953, 12.456302725979683 ], [ 92.875526364020359, 12.446637129298313 ], [ 92.85446128832433, 12.471604213117548 ], [ 92.853357292976156, 12.457360270260651 ], [ 92.835570641367411, 12.50121175892523 ], [ 92.822359421216134, 12.500252987569471 ], [ 92.836750093402856, 12.49123768220297 ], [ 92.835468505614571, 12.486575587790641 ], [ 92.834019720690634, 12.488745216554261 ], [ 92.832743313486603, 12.489246979348469 ], [ 92.824492814913029, 12.482874411595242 ], [ 92.822004437558547, 12.48551167332257 ], [ 92.815704930661767, 12.486725322406352 ], [ 92.82451806835229, 12.48225972271316 ], [ 92.833854076742142, 12.48845593312724 ], [ 92.834750850517253, 12.485789164329914 ], [ 92.842268529533172, 12.479302800005801 ], [ 92.840404695100204, 12.471434006583296 ], [ 92.840720386447245, 12.476378612047021 ], [ 92.833294525134804, 12.481504558580964 ], [ 92.831643225809884, 12.481039077222457 ], [ 92.831447619453371, 12.48012385486564 ], [ 92.833443484673538, 12.475382464669977 ], [ 92.829331324289612, 12.474700174252611 ], [ 92.828606608434143, 12.471674185186753 ], [ 92.825437566809128, 12.47328335863115 ], [ 92.825044240360285, 12.472926278994938 ], [ 92.825476519556474, 12.471981633156762 ], [ 92.828960735098917, 12.471606418191893 ], [ 92.830506510225774, 12.474530671439142 ], [ 92.829816391186839, 12.472060637668145 ], [ 92.830186532118191, 12.470550970460767 ], [ 92.831425979038201, 12.469287638840417 ], [ 92.833132498701971, 12.469470581764416 ], [ 92.834674396700038, 12.480148528255711 ], [ 92.839279333322963, 12.464421612792014 ], [ 92.884404888283782, 12.436099106690898 ], [ 92.898657643023228, 12.416924417212837 ], [ 92.884667905117482, 12.431251732440435 ], [ 92.873944985963846, 12.413572252153843 ], [ 92.859426885957461, 12.436819231182573 ], [ 92.845540552225728, 12.423467164869729 ], [ 92.836932368760543, 12.430751603148794 ], [ 92.841573527252351, 12.437444997595687 ], [ 92.835878172418418, 12.443596863311528 ], [ 92.835384816766066, 12.430697460658829 ], [ 92.821374239742354, 12.434067423609198 ], [ 92.820026835088115, 12.43705277660572 ], [ 92.810637867419018, 12.44284924726874 ], [ 92.816674334125892, 12.444650554915494 ], [ 92.811985488567217, 12.448313768064681 ], [ 92.816000640781965, 12.446786184352549 ], [ 92.818088705489615, 12.449041570975499 ], [ 92.818063488881251, 12.451330835118014 ], [ 92.817582881221114, 12.451918349386268 ], [ 92.817060864819609, 12.451977123371289 ], [ 92.815763819720217, 12.450876558270789 ], [ 92.815681196273658, 12.454578303826315 ], [ 92.811343877655332, 12.448871950508506 ], [ 92.812360296246482, 12.445897980896371 ], [ 92.816230493612011, 12.444772588699907 ], [ 92.810099807106553, 12.442722715096265 ], [ 92.819433529284012, 12.434971423663855 ], [ 92.803849570108156, 12.441095349700795 ], [ 92.795759860088964, 12.437887960599543 ], [ 92.799415122946371, 12.464645436576523 ], [ 92.785636168433825, 12.474702947666167 ], [ 92.789419264251066, 12.477096560024119 ], [ 92.790605803994097, 12.480764491296133 ], [ 92.790520579924802, 12.48263801570384 ], [ 92.789878816299307, 12.48357122592129 ], [ 92.786488665146848, 12.483882714488464 ], [ 92.785279689081321, 12.474587636964044 ], [ 92.790788323693519, 12.469083153563453 ], [ 92.771729406114204, 12.471060154746429 ], [ 92.798078961606237, 12.464055476717695 ], [ 92.787120624559364, 12.43707803920951 ], [ 92.829511798525147, 12.428257010294736 ], [ 92.814848064543185, 12.424887662435925 ], [ 92.833819335296866, 12.410478188845222 ], [ 92.815632068309085, 12.416987072403559 ], [ 92.804038827172221, 12.411730128550275 ], [ 92.80319060823652, 12.404557169205553 ], [ 92.802328391752113, 12.404744696215904 ], [ 92.801645457438838, 12.405935619076473 ], [ 92.801215502184263, 12.405899394597254 ], [ 92.799534771355667, 12.404308356000881 ], [ 92.799031405776134, 12.400755718332356 ], [ 92.803480269999909, 12.404469040834096 ], [ 92.804077900293805, 12.411266819766889 ], [ 92.815590635313228, 12.416374595290586 ], [ 92.838277485405726, 12.408627009476835 ], [ 92.821526904831643, 12.402281916880632 ], [ 92.819542294603664, 12.389074974435111 ], [ 92.832282596323452, 12.400625042979762 ], [ 92.841427750444666, 12.391388242599984 ], [ 92.839855082453198, 12.391112659076143 ], [ 92.838811153854763, 12.389804287238873 ], [ 92.840753416601913, 12.385329530073651 ], [ 92.837413277356305, 12.389377245216664 ], [ 92.835536932984695, 12.386932150415159 ], [ 92.83521937763345, 12.384134376953433 ], [ 92.832276730324651, 12.385720999843016 ], [ 92.828011695543964, 12.381375378375203 ], [ 92.829926503081097, 12.378453187793623 ], [ 92.828643749279564, 12.378921022771904 ], [ 92.827473500484231, 12.378803603235342 ], [ 92.825578996669165, 12.377373087683319 ], [ 92.825439827868692, 12.376382728466027 ], [ 92.8249418557741, 12.376386304907673 ], [ 92.821238651626629, 12.380057952677403 ], [ 92.819983291949683, 12.379160798983788 ], [ 92.822953387281999, 12.374206260728357 ], [ 92.841293635566018, 12.385365576665036 ], [ 92.839953924083886, 12.390579301322239 ], [ 92.844740315902641, 12.387713374502514 ], [ 92.84220261385255, 12.391790471450841 ], [ 92.859230490880122, 12.37023955784705 ], [ 92.858574822232356, 12.367679171384943 ], [ 92.850696497477628, 12.36761462480799 ], [ 92.843456821889319, 12.364853752898631 ], [ 92.844486514885432, 12.363163237314229 ], [ 92.883202796906531, 12.357025789635188 ], [ 92.898838100190787, 12.333738114716953 ], [ 92.879399906711981, 12.344853507096827 ], [ 92.879791627871427, 12.33472978153063 ], [ 92.873516756372965, 12.33724301390895 ], [ 92.872928420947304, 12.336926492505118 ], [ 92.873126300041477, 12.335172895271224 ], [ 92.87810711783041, 12.333129358099949 ], [ 92.886546438683453, 12.334783684170992 ], [ 92.871312928469592, 12.329970636306777 ], [ 92.856936782939329, 12.345205476075998 ], [ 92.847770113268723, 12.343477255089553 ], [ 92.859503143043597, 12.341917253502475 ], [ 92.859319616332726, 12.33534574460019 ], [ 92.857623442566094, 12.335544825443174 ], [ 92.858863250608806, 12.338631532823459 ], [ 92.858091364217799, 12.33989713665235 ], [ 92.856873323252714, 12.340392086137818 ], [ 92.856282459967844, 12.339777500420404 ], [ 92.855857731111612, 12.333386862232013 ], [ 92.854595591849218, 12.332338386780144 ], [ 92.855553489691189, 12.330453615744773 ], [ 92.857936599765708, 12.32947499401816 ], [ 92.854081518351478, 12.326842580347032 ], [ 92.845344031384272, 12.32925652419925 ], [ 92.842420050168755, 12.326800235891625 ], [ 92.842972370338046, 12.330042991351183 ], [ 92.841731196856074, 12.329717652823547 ], [ 92.84096862509621, 12.331577459102105 ], [ 92.839182755446785, 12.331306360196685 ], [ 92.839279610902395, 12.3327729560057 ], [ 92.837036361331101, 12.332635088185834 ], [ 92.835588827760361, 12.334338978719428 ], [ 92.831831250385363, 12.335701639466661 ], [ 92.831741580553697, 12.335541171216331 ], [ 92.842576176466821, 12.326440917681341 ], [ 92.84539911338257, 12.328861060199534 ], [ 92.847386319741702, 12.325778639825687 ], [ 92.84808100401888, 12.328103887335038 ], [ 92.851300413283582, 12.325981764932685 ], [ 92.854550314962282, 12.326616546881409 ], [ 92.856633088592901, 12.32821410346626 ], [ 92.859990427881272, 12.319158872586179 ], [ 92.854720727168299, 12.31947107380747 ], [ 92.847326789286114, 12.308283293972785 ], [ 92.833669021996982, 12.308554767737197 ], [ 92.831323750758841, 12.302679226682228 ], [ 92.809679354231079, 12.315644911340286 ], [ 92.778546904960052, 12.313072386719822 ], [ 92.769368009218411, 12.320682247649827 ], [ 92.771858573072294, 12.327347225681757 ], [ 92.771474720256464, 12.327753989338047 ], [ 92.770392069777714, 12.327875757488648 ], [ 92.770660763964031, 12.329299558049138 ], [ 92.769400944151698, 12.330307247210747 ], [ 92.770931774007138, 12.330601376059015 ], [ 92.7719889177217, 12.33213599499623 ], [ 92.771940528172294, 12.332902126008905 ], [ 92.770312951557386, 12.333756050740018 ], [ 92.769175672729574, 12.330250715256202 ], [ 92.770185138360432, 12.327882540472594 ], [ 92.771631072929964, 12.327209311127886 ], [ 92.768910431667237, 12.322011011049602 ], [ 92.769151976070717, 12.320372623704792 ], [ 92.770660207906857, 12.317801060805149 ], [ 92.763717063498888, 12.30174749987847 ], [ 92.762323666000427, 12.304990177859841 ], [ 92.764700925347498, 12.313585164515848 ], [ 92.764855745495169, 12.322154832093258 ], [ 92.754145561757312, 12.296427736195422 ], [ 92.719308337185367, 12.300102322615258 ], [ 92.699219981731503, 12.327892593400312 ], [ 92.708089459959979, 12.492423626564314 ], [ 92.693083352870431, 12.5158808240698 ], [ 92.712631955585849, 12.544363301579468 ], [ 92.70726135160858, 12.593977054390402 ], [ 92.683875524190142, 12.609015269169893 ], [ 92.702476155447499, 12.604757029531381 ], [ 92.717767639336515, 12.643644078191631 ], [ 92.719817363049557, 12.618382285617409 ], [ 92.722463168360918, 12.615371763490817 ], [ 92.732707395062562, 12.65707883454593 ], [ 92.773150570538121, 12.670471145703605 ], [ 92.77827522207879, 12.641145060867787 ], [ 92.775264665727761, 12.637881345032474 ], [ 92.774852153061076, 12.631276370202478 ], [ 92.765113558388435, 12.63214242018535 ], [ 92.762283398119507, 12.628028214841775 ], [ 92.76179660825359, 12.624725578971562 ], [ 92.775446272738833, 12.630738456592105 ], [ 92.778299059773161, 12.638050772679474 ], [ 92.77872025555537, 12.629686634607724 ], [ 92.784251184556311, 12.624601075969341 ], [ 92.776272455102301, 12.590394754999481 ], [ 92.778820617135523, 12.580029673240155 ], [ 92.785904080187507, 12.624602093698153 ], [ 92.78016449410562, 12.654229580578647 ], [ 92.799031011415707, 12.661293692143216 ], [ 92.786945352467654, 12.666856195520124 ], [ 92.796924565380706, 12.675159433832759 ], [ 92.788928075335178, 12.704039815813205 ], [ 92.776739431726313, 12.717136155586616 ], [ 92.782669821771194, 12.719747699152041 ], [ 92.779322845447936, 12.728320567389174 ], [ 92.782457439376785, 12.733058128658911 ], [ 92.781239822416495, 12.735102001104828 ], [ 92.776257987734638, 12.73540600859558 ], [ 92.774579220623238, 12.733905275017419 ], [ 92.773377864966236, 12.729696155977111 ], [ 92.782895746268508, 12.692579596047487 ], [ 92.768355217126086, 12.672937983360049 ], [ 92.731939468445304, 12.674818865217111 ], [ 92.745715857369404, 12.722790127953331 ], [ 92.729539211328643, 12.744236964981042 ], [ 92.719849533516509, 12.790264157820705 ], [ 92.731043906497518, 12.797487428537121 ], [ 92.731954452344269, 12.793320305387612 ], [ 92.73555030152707, 12.793609037937154 ], [ 92.732583992593675, 12.789279802980753 ], [ 92.735454402777236, 12.788592426053794 ], [ 92.734901483431642, 12.78706029280966 ], [ 92.736783560851393, 12.784124639782098 ], [ 92.735545457811057, 12.785107859222261 ], [ 92.735052835183978, 12.784972238927462 ], [ 92.734927913663938, 12.78294303138836 ], [ 92.737571747173249, 12.779125912635831 ], [ 92.738878247939311, 12.790894568545685 ], [ 92.731056605980683, 12.801676988671518 ], [ 92.720086029388057, 12.797432218612405 ], [ 92.722116541730429, 12.825882365873968 ], [ 92.730375576095824, 12.836215267056243 ], [ 92.735151475592048, 12.807221878034413 ], [ 92.737577005910921, 12.804353829217449 ], [ 92.738963875352212, 12.836984445793032 ], [ 92.740161017012227, 12.836441912943226 ], [ 92.741675858652243, 12.82183008409933 ], [ 92.742421473812797, 12.820627759953076 ], [ 92.75584692958293, 12.847126506941473 ], [ 92.753032504204512, 12.819047951191507 ], [ 92.76577973193514, 12.818979429293391 ], [ 92.772609741617927, 12.842476407163137 ], [ 92.772109773466781, 12.830744456430917 ], [ 92.778896913747573, 12.824554721565621 ], [ 92.779067322360333, 12.799184054948178 ], [ 92.78309760310276, 12.788316228165147 ], [ 92.78599037594698, 12.786337391716193 ], [ 92.782815040725069, 12.782802702031388 ], [ 92.782441344261827, 12.775495040096079 ], [ 92.779797824264534, 12.776624316966592 ], [ 92.7829128124623, 12.763234560497995 ], [ 92.792755737472021, 12.774489181248883 ], [ 92.78086319205552, 12.807698617958623 ], [ 92.789194836347022, 12.814601042984254 ], [ 92.791972901515976, 12.793429083621698 ], [ 92.80013287685837, 12.812510411455191 ], [ 92.788695019112836, 12.828601387045293 ], [ 92.781497749395811, 12.80955156843682 ], [ 92.78015007794194, 12.823633093130129 ], [ 92.784257658714566, 12.824334486242936 ], [ 92.785275850580092, 12.832252240915967 ], [ 92.781447896490789, 12.859750723918438 ], [ 92.799982842934583, 12.848370135230091 ], [ 92.792500311402449, 12.863431460152109 ], [ 92.795949637277573, 12.864769650851706 ], [ 92.799687047474464, 12.860499645596544 ], [ 92.804490929491763, 12.860834666610524 ], [ 92.789981684179097, 12.889339443012831 ], [ 92.822035745642864, 12.895823710333511 ], [ 92.826820872633675, 12.886044445234154 ], [ 92.829419414883006, 12.884535127368505 ], [ 92.84135271147403, 12.890789731567139 ], [ 92.838966140190749, 12.877110213850543 ], [ 92.847432798574502, 12.875797185604666 ], [ 92.873692647403914, 12.881000454911392 ], [ 92.871738451436514, 12.892595254162519 ], [ 92.89580545336861, 12.897841826521242 ], [ 92.896727443752027, 12.92677309377633 ], [ 92.901237692554133, 12.910712020864203 ] ], [ [ 92.791166874652603, 12.849634107889228 ], [ 92.789490383872135, 12.849529945857936 ], [ 92.791905996790248, 12.845119569813177 ], [ 92.790480847439781, 12.849105302809855 ], [ 92.791166874652603, 12.849634107889228 ] ] ], [ [ [ 93.030150946627955, 13.567622333945884 ], [ 93.0395980559572, 13.491878847087211 ], [ 93.031493993554705, 13.464695637280141 ], [ 93.004965626608765, 13.463211026071363 ], [ 93.031238286312444, 13.457120825054291 ], [ 93.033536720289973, 13.435455069767782 ], [ 92.99157283717561, 13.438203314602578 ], [ 92.98880007296512, 13.427384517412836 ], [ 93.038179833515841, 13.427547554827035 ], [ 93.044531767889268, 13.403148749274791 ], [ 93.060458914046393, 13.420869979722198 ], [ 93.06752386102373, 13.397053863638147 ], [ 93.024822172701889, 13.373158841310339 ], [ 92.998914435616072, 13.395780916353633 ], [ 93.013989518946431, 13.37067294644296 ], [ 93.03980739755437, 13.368631411174897 ], [ 93.024233299185369, 13.357525446689142 ], [ 93.039451414071877, 13.357332407613745 ], [ 93.031641817622926, 13.345067967711964 ], [ 93.00274416747132, 13.354229939567865 ], [ 92.984646511026398, 13.327975268129434 ], [ 92.972692882865502, 13.359511501410898 ], [ 92.945203385939209, 13.351072185523678 ], [ 92.952091006377785, 13.327069912788295 ], [ 92.961274774581511, 13.32321981733115 ], [ 92.949173907155668, 13.321131670089937 ], [ 92.948147084276897, 13.319369189437177 ], [ 92.948483870761734, 13.317769230696934 ], [ 92.9609676675353, 13.320675376366854 ], [ 92.964335142515012, 13.328421172293476 ], [ 92.996912738533084, 13.314896392639852 ], [ 92.973736766548186, 13.281892312608301 ], [ 92.993199733765877, 13.291624074885174 ], [ 93.001695515531125, 13.264963859068505 ], [ 93.00009990007571, 13.288236956400901 ], [ 92.986320441608299, 13.299177370914343 ], [ 92.997629653418628, 13.294613985755847 ], [ 93.002391675740355, 13.303840929556184 ], [ 93.020156472236508, 13.297589654394454 ], [ 93.010951250467201, 13.276759188965928 ], [ 93.028446460749947, 13.281141813233031 ], [ 93.035937802060076, 13.263002604537615 ], [ 93.032564589540669, 13.275629359309997 ], [ 93.045228347611726, 13.281839229409774 ], [ 93.038297307103875, 13.270528700832385 ], [ 93.043406263279891, 13.25425507033251 ], [ 93.064537094756389, 13.272281056063784 ], [ 93.030961054537684, 13.17806553729444 ], [ 93.033423271154447, 13.081710922327026 ], [ 93.002299146571133, 13.028784511852473 ], [ 92.9640829180411, 13.038408139497681 ], [ 92.974721612052022, 13.014426120694591 ], [ 92.959432702734631, 13.015598207770244 ], [ 92.933098707859941, 13.046384337214651 ], [ 92.956662812234711, 13.06560782736565 ], [ 92.937256203521329, 13.06971683394686 ], [ 92.944785722332696, 13.122273307149136 ], [ 92.921908214702626, 13.056829482537642 ], [ 92.898603076657935, 13.095680834709034 ], [ 92.887097107749256, 13.093190318720735 ], [ 92.892368649110225, 13.100875469449621 ], [ 92.889393163886197, 13.113549043688437 ], [ 92.883302020321253, 13.128080644915144 ], [ 92.876562317375644, 13.135851824285925 ], [ 92.875112508372325, 13.135647526339984 ], [ 92.888681364007894, 13.107907912229832 ], [ 92.881269036713533, 13.108374095006948 ], [ 92.873115257949976, 13.103443028012073 ], [ 92.888875202479909, 13.107085271178114 ], [ 92.885474216746843, 13.092279221177836 ], [ 92.912060645402846, 13.066761273047744 ], [ 92.89498268729821, 13.058627186988252 ], [ 92.885695031626838, 13.045320539391776 ], [ 92.857902309274678, 13.079859786456842 ], [ 92.846169789742902, 13.07512209740219 ], [ 92.859517115439516, 13.066328751127914 ], [ 92.849415305846378, 13.063742444489735 ], [ 92.848280278196654, 13.059224773451774 ], [ 92.849277418941838, 13.054801711516896 ], [ 92.844371138863579, 13.060838811743242 ], [ 92.841508048153003, 13.059944107452731 ], [ 92.843601597973745, 13.050587431033339 ], [ 92.850674322564842, 13.055059191420362 ], [ 92.849922391349523, 13.063380757501703 ], [ 92.859987126572591, 13.065569221485177 ], [ 92.863429616268391, 13.043637305916185 ], [ 92.86953402166192, 13.054671884592437 ], [ 92.872492615863635, 13.043479803019116 ], [ 92.886428213205519, 13.043862965233089 ], [ 92.897015742771103, 13.058114494697261 ], [ 92.912448281922678, 13.05467927742276 ], [ 92.895251832438774, 13.018032635438445 ], [ 92.90617932852534, 13.004275432436916 ], [ 92.902597723927997, 13.007644532384354 ], [ 92.90128914446035, 13.002495994304638 ], [ 92.901417893701804, 13.006310934589973 ], [ 92.897661210150531, 13.008000791059164 ], [ 92.89972604711987, 13.009623876628039 ], [ 92.897587238378449, 13.010993095151234 ], [ 92.89639356691039, 13.00945600041938 ], [ 92.896499419891896, 13.01104707460722 ], [ 92.894180981331303, 13.011057927738506 ], [ 92.913407354761063, 12.983889988278085 ], [ 92.929745924826719, 12.989454201775715 ], [ 92.924195251754142, 12.976272778801111 ], [ 92.93690066919649, 12.974671712533334 ], [ 92.909777677719575, 12.947133922705836 ], [ 92.895590438012078, 12.995687789138735 ], [ 92.870126991496107, 12.934726054698999 ], [ 92.853745616707172, 12.939889713913676 ], [ 92.851581115250298, 12.961253029279128 ], [ 92.848097513257159, 12.959905069642316 ], [ 92.850499302899706, 12.954395192731287 ], [ 92.847034499950567, 12.951559982111279 ], [ 92.846974823069601, 12.950280668756166 ], [ 92.848048902722198, 12.947952891261115 ], [ 92.842224589339338, 12.946920684285848 ], [ 92.845164198545874, 12.948458442383513 ], [ 92.846020793373256, 12.951179999774192 ], [ 92.845827001613628, 12.952563218456449 ], [ 92.844937421547343, 12.95373831039792 ], [ 92.844094165803625, 12.953584390584643 ], [ 92.843914714749204, 12.952196552518224 ], [ 92.84255069485549, 12.952336318763054 ], [ 92.844545540487786, 12.954755315815616 ], [ 92.843273323924535, 12.956685222167652 ], [ 92.842545273522745, 12.956481602555449 ], [ 92.842140582487247, 12.952300041476956 ], [ 92.845739691656235, 12.951234171691775 ], [ 92.840454549801848, 12.949718374343025 ], [ 92.842515474608135, 12.943946282242225 ], [ 92.856128528254004, 12.935306472902901 ], [ 92.842780227885314, 12.933164982438285 ], [ 92.858683572280654, 12.917527915924872 ], [ 92.847363996606873, 12.912313138957794 ], [ 92.875266545189021, 12.905727870434641 ], [ 92.868375616255278, 12.889715125289781 ], [ 92.872591423358372, 12.883685466923412 ], [ 92.841338435447568, 12.876866147999946 ], [ 92.843463423608341, 12.887572034833058 ], [ 92.840688876242012, 12.892448279242622 ], [ 92.828644917089434, 12.886324697946558 ], [ 92.828410250187758, 12.898761455682413 ], [ 92.804326076060718, 12.900106281567121 ], [ 92.804249852212251, 12.905755231895204 ], [ 92.808032041629374, 12.905701446763217 ], [ 92.809435754482237, 12.908887610739558 ], [ 92.803968765766555, 12.905917886645002 ], [ 92.803677344203578, 12.898298532970985 ], [ 92.8008435026386, 12.899943135304571 ], [ 92.789719791137799, 12.961705548095027 ], [ 92.799197083860619, 12.991780093300999 ], [ 92.811333903660724, 12.97175945686311 ], [ 92.815403050912238, 12.987234615620446 ], [ 92.81719141428492, 12.986638582511421 ], [ 92.819667214327055, 12.983448035905159 ], [ 92.820298744344854, 12.98294197112466 ], [ 92.821414177043238, 12.982445117532926 ], [ 92.820359227014634, 12.980943943201675 ], [ 92.82051621030547, 12.979917850888658 ], [ 92.819580901499648, 12.979103828272967 ], [ 92.822148462651427, 12.97700272328801 ], [ 92.821727553431799, 12.982485913374559 ], [ 92.817033726714882, 12.989961072597332 ], [ 92.806854505700443, 12.998921176517415 ], [ 92.829511981781451, 13.001375008443258 ], [ 92.837039208092222, 13.02301770474336 ], [ 92.82037713762476, 13.012097831439304 ], [ 92.818040217125514, 13.012287675464483 ], [ 92.817510445568161, 13.015921789485965 ], [ 92.814943153910946, 13.016640459055081 ], [ 92.813452385323899, 13.022014823771329 ], [ 92.812668713934656, 13.021797839792637 ], [ 92.814193393025363, 13.007392369413932 ], [ 92.787849027100748, 13.019497639169995 ], [ 92.792688927069392, 13.090599813899587 ], [ 92.799923826315336, 13.092159713189462 ], [ 92.797542953045877, 13.0814491503317 ], [ 92.808146255231236, 13.071855586014701 ], [ 92.814144943288838, 13.072337039000718 ], [ 92.80673425901314, 13.099448719435658 ], [ 92.820480494188061, 13.091185892329021 ], [ 92.829256534152336, 13.108838879675817 ], [ 92.809502715801813, 13.126920760607796 ], [ 92.82282187931429, 13.134188903841332 ], [ 92.84714339013604, 13.118184708701021 ], [ 92.848337517049956, 13.150219404403463 ], [ 92.808676478641161, 13.15332722480813 ], [ 92.814481123410872, 13.174151417110187 ], [ 92.819238871548478, 13.162127795005395 ], [ 92.8276181247534, 13.173884174543492 ], [ 92.837073096137999, 13.161993368581633 ], [ 92.844323805732969, 13.160864755777704 ], [ 92.847156026737125, 13.161800053493145 ], [ 92.84824932674357, 13.162780785529545 ], [ 92.848581172494349, 13.161252885672228 ], [ 92.848761059231691, 13.161031437252552 ], [ 92.849162384279822, 13.161139826423085 ], [ 92.848198574624959, 13.16292996531168 ], [ 92.837391398887561, 13.162196767243419 ], [ 92.834509651965149, 13.17529397563635 ], [ 92.817940825725856, 13.184335095988459 ], [ 92.83062831099852, 13.24257112199076 ], [ 92.852891937811194, 13.235234524286996 ], [ 92.850784694970542, 13.228538340690433 ], [ 92.855048387668191, 13.218970996722287 ], [ 92.847716600627265, 13.212741228764164 ], [ 92.848119711526166, 13.208614324494178 ], [ 92.84924980113675, 13.207452503974428 ], [ 92.854107883905058, 13.209067651416591 ], [ 92.858397826273617, 13.206142443750245 ], [ 92.861198078931793, 13.206367862054663 ], [ 92.858131535080673, 13.200786213404877 ], [ 92.859040093853991, 13.199384768990404 ], [ 92.86284076970135, 13.19647993094835 ], [ 92.85708357663988, 13.196234647605108 ], [ 92.855990046664758, 13.19517266306152 ], [ 92.855290364161306, 13.190747611465735 ], [ 92.855792919460498, 13.189075113900717 ], [ 92.857877738555047, 13.187610212129808 ], [ 92.859063471610952, 13.188608939297012 ], [ 92.859202532613523, 13.192152704431466 ], [ 92.860346460771083, 13.191745663736389 ], [ 92.860824996017854, 13.185525949657865 ], [ 92.861583611597212, 13.184300846081277 ], [ 92.863034458154686, 13.184831629453637 ], [ 92.860646313023025, 13.191876677708196 ], [ 92.858690549495464, 13.192442073860919 ], [ 92.857804025497757, 13.18820692178395 ], [ 92.855631727562539, 13.190589369266693 ], [ 92.863726389993886, 13.196091005946286 ], [ 92.862033172582855, 13.206614097235022 ], [ 92.854518572991708, 13.209704963690017 ], [ 92.848830100151162, 13.208433426392034 ], [ 92.855929779590653, 13.219653330913717 ], [ 92.851609475063825, 13.260955090619492 ], [ 92.821529412927902, 13.279497319959535 ], [ 92.841673112688127, 13.301173977622872 ], [ 92.822570891820547, 13.311042974820802 ], [ 92.838307189098927, 13.374286381994295 ], [ 92.851383973672981, 13.370503441574114 ], [ 92.849223226275711, 13.367195094728103 ], [ 92.849698422484565, 13.365712502771705 ], [ 92.851260680798546, 13.364057901430424 ], [ 92.848611080105115, 13.364094446439729 ], [ 92.847974060482613, 13.363425618753771 ], [ 92.849058291097961, 13.360247822656348 ], [ 92.850793604461529, 13.358977469839017 ], [ 92.852067638316598, 13.358954593545464 ], [ 92.869460392147957, 13.390805950053871 ], [ 92.841471260345457, 13.391508490703774 ], [ 92.841985150586879, 13.402948686935684 ], [ 92.87103750320685, 13.412431534212866 ], [ 92.872992059398669, 13.402174184825544 ], [ 92.878281749423337, 13.396730947430713 ], [ 92.882552323216032, 13.395185729126252 ], [ 92.879189930005907, 13.392179869959781 ], [ 92.880123306535566, 13.38889875353218 ], [ 92.886083267322931, 13.398363305546649 ], [ 92.88887235751541, 13.394619092676288 ], [ 92.890358925580188, 13.394320907503577 ], [ 92.892463758240936, 13.395762773838884 ], [ 92.894668762039004, 13.39204779575792 ], [ 92.898574444654884, 13.391177911764721 ], [ 92.898487107748011, 13.38869675151812 ], [ 92.902493881376088, 13.390482030970041 ], [ 92.902231075646441, 13.387679924200311 ], [ 92.906347259584535, 13.382430468734732 ], [ 92.915390436056384, 13.381921901678975 ], [ 92.917774551345744, 13.384507070058973 ], [ 92.917963670069199, 13.386174731397851 ], [ 92.919482461601547, 13.385632337890101 ], [ 92.918679267126237, 13.385704693391517 ], [ 92.918296146437342, 13.384497955991959 ], [ 92.919332663934654, 13.383169169570024 ], [ 92.92065746158643, 13.383304702375248 ], [ 92.923826400803534, 13.384558708858272 ], [ 92.926087870005432, 13.395068739697823 ], [ 92.92435236080911, 13.390054454350416 ], [ 92.921042491195337, 13.389989092196778 ], [ 92.92123182281955, 13.38854285846609 ], [ 92.91760359386231, 13.386450438372993 ], [ 92.915104270536119, 13.382116241564635 ], [ 92.903935910969068, 13.394545178232457 ], [ 92.898939422070001, 13.389189400181989 ], [ 92.899137580540199, 13.391245795645609 ], [ 92.893271656295056, 13.396006883658606 ], [ 92.888692208470019, 13.395351259711044 ], [ 92.887989608238527, 13.399870786774844 ], [ 92.89286517401888, 13.396910782215468 ], [ 92.899505084017903, 13.403154885435377 ], [ 92.896841983442343, 13.412451502615257 ], [ 92.895881275670149, 13.401654230363793 ], [ 92.884403184179689, 13.407167336400414 ], [ 92.885491978236644, 13.399990313303478 ], [ 92.881965788912524, 13.396311078986971 ], [ 92.874118422797451, 13.402562968925574 ], [ 92.869749896706139, 13.424135492857808 ], [ 92.886302370912318, 13.432147104358952 ], [ 92.888574689067909, 13.428579047243094 ], [ 92.889214556349813, 13.426658275096417 ], [ 92.888891864431812, 13.423960124199043 ], [ 92.889330658210412, 13.423218908125207 ], [ 92.890877399026181, 13.423209991251136 ], [ 92.892668350445206, 13.425293641204208 ], [ 92.897266901843082, 13.425612460386045 ], [ 92.897982494408538, 13.425960510955024 ], [ 92.898527153745093, 13.426896059826905 ], [ 92.897285046015199, 13.427700537789466 ], [ 92.898732287633464, 13.428694844282692 ], [ 92.872650032142431, 13.446929117113914 ], [ 92.870729079230458, 13.472268418871646 ], [ 92.894088943540552, 13.473234830049183 ], [ 92.9177031218059, 13.500903347903787 ], [ 92.924186100616353, 13.480833961402071 ], [ 92.931727474494508, 13.48102766210177 ], [ 92.920887017972476, 13.471481088163852 ], [ 92.931337415218366, 13.471373968299815 ], [ 92.933266051420972, 13.499004376913634 ], [ 92.915003793073282, 13.533275764963861 ], [ 92.966209560000351, 13.543867968621836 ], [ 92.984506384621824, 13.527276845190313 ], [ 92.987553761119727, 13.573538309796508 ], [ 93.01299288125783, 13.539133482126342 ], [ 93.015454357662776, 13.570775053023977 ], [ 93.026746399973092, 13.578666356591048 ], [ 93.030150946627955, 13.567622333945884 ] ] ], [ [ [ 92.696152506327422, 12.238932999716358 ], [ 92.711741859886587, 12.189703291521312 ], [ 92.703481060331654, 12.190966801791923 ], [ 92.700916009971053, 12.18695392548009 ], [ 92.703611408574318, 12.137723239611606 ], [ 92.719250408425935, 12.179721067839678 ], [ 92.756367861717877, 12.176972217441138 ], [ 92.73408169976797, 12.083352793095193 ], [ 92.73926268555843, 12.073592357378271 ], [ 92.756514135293912, 12.065064142744626 ], [ 92.74710857933475, 12.055211295101893 ], [ 92.78234881868589, 12.048218571270315 ], [ 92.777613264325709, 12.024211781749733 ], [ 92.760474054593374, 12.019518442276569 ], [ 92.726919793130421, 12.04465105317667 ], [ 92.730172828132837, 12.014722346092512 ], [ 92.749132395635002, 12.019138663239133 ], [ 92.751486306869495, 12.002452093529538 ], [ 92.766643657913576, 12.011393991757167 ], [ 92.768459911280885, 11.99727556374631 ], [ 92.742059701586612, 11.995263831554398 ], [ 92.753640125561034, 11.982528579128259 ], [ 92.734558296450373, 11.976956285100156 ], [ 92.738398843123306, 11.997301145158271 ], [ 92.721346957721479, 12.005728900694876 ], [ 92.713343094304093, 11.993834002119208 ], [ 92.731032828473445, 11.969340568666608 ], [ 92.707414847639484, 11.974009111902379 ], [ 92.715080793593074, 11.942462978557005 ], [ 92.697901100384158, 11.930976942587744 ], [ 92.712970948333037, 11.902796509137314 ], [ 92.703221717607448, 11.916546160923028 ], [ 92.692436603595112, 11.90095782981723 ], [ 92.719782838098212, 11.877619737669759 ], [ 92.697994973433055, 11.865642406009334 ], [ 92.702322903758343, 11.850212808063441 ], [ 92.716888804917645, 11.868670130299435 ], [ 92.723204726729634, 11.859306069672078 ], [ 92.711385628469074, 11.820507750528144 ], [ 92.741840066194612, 11.881485512297274 ], [ 92.730146520071401, 11.881146559632592 ], [ 92.729766739318748, 11.896805644871719 ], [ 92.74235536589272, 11.89581973611968 ], [ 92.732573539797031, 11.903748038735799 ], [ 92.745439346043469, 11.932145077329061 ], [ 92.76500485056097, 11.922127986863044 ], [ 92.758058330284172, 11.936411062165268 ], [ 92.783168107377819, 11.935996883264254 ], [ 92.776324022891174, 11.897611171364627 ], [ 92.79119857440233, 11.885806432827733 ], [ 92.754251876472864, 11.701245389002894 ], [ 92.74463398752664, 11.713980106628151 ], [ 92.743386421633119, 11.690655663245741 ], [ 92.7059023290428, 11.700809744433334 ], [ 92.706157764993847, 11.669579126610255 ], [ 92.692088948393618, 11.669097281495262 ], [ 92.682488776021444, 11.650544946907797 ], [ 92.680231180355051, 11.661747403437637 ], [ 92.661272367437732, 11.653611630030472 ], [ 92.687838945122607, 11.620884343900897 ], [ 92.667880779807916, 11.610842972351435 ], [ 92.673065410063444, 11.606600989705239 ], [ 92.70205720365685, 11.616597299611431 ], [ 92.693916048917998, 11.652737140218337 ], [ 92.705849245796045, 11.641932458332349 ], [ 92.729138752256432, 11.656801640549414 ], [ 92.718341687057574, 11.681873071716877 ], [ 92.755488112814035, 11.664484296286966 ], [ 92.710240345652096, 11.478039937493673 ], [ 92.699468527604282, 11.509754104466285 ], [ 92.665707987799294, 11.504578527889363 ], [ 92.646174503730109, 11.52165368037871 ], [ 92.65379304019622, 11.550274400138507 ], [ 92.633095900965884, 11.589905570574169 ], [ 92.616569642294635, 11.562456920618764 ], [ 92.619113326226199, 11.583548441911102 ], [ 92.608126597924766, 11.620743772558408 ], [ 92.638822601613342, 11.612180471156657 ], [ 92.647552071116621, 11.645448518018094 ], [ 92.634994502895296, 11.639918675046745 ], [ 92.63185109020533, 11.661346137268488 ], [ 92.630721974368527, 11.629332801393177 ], [ 92.60746327832571, 11.634124085980545 ], [ 92.590705055783488, 11.669095618769729 ], [ 92.592418906598297, 11.735294850511895 ], [ 92.574448201865991, 11.733864602970794 ], [ 92.560547814889929, 11.694568750976504 ], [ 92.552268068967351, 11.849301026153606 ], [ 92.536286238765626, 11.860281286641671 ], [ 92.542951843276697, 11.835682749299306 ], [ 92.523522007723301, 11.82672137088846 ], [ 92.514451469466238, 11.848253636168538 ], [ 92.561645072873517, 11.946773902196949 ], [ 92.57800881014019, 11.927122091068926 ], [ 92.566829386023784, 11.916605390248744 ], [ 92.579980058826607, 11.914618774867868 ], [ 92.570405107554322, 11.890568133389984 ], [ 92.581396476552541, 11.895302980809159 ], [ 92.583934580149531, 11.85993052538902 ], [ 92.595090161181659, 11.864728157841771 ], [ 92.589760797960807, 11.87727191640071 ], [ 92.592576935528143, 11.894694209772751 ], [ 92.599566821975287, 11.896620646280036 ], [ 92.613961420698132, 11.830879997667854 ], [ 92.621934900397648, 12.101399446141183 ], [ 92.660280926503077, 12.214944330982501 ], [ 92.655194133561707, 12.180115235508922 ], [ 92.673841621842598, 12.217789724156374 ], [ 92.674938091105332, 12.187000556305955 ], [ 92.681059211451341, 12.1917858605172 ], [ 92.696152506327422, 12.238932999716358 ] ] ], [ [ [ 93.837325960272807, 7.239958888025462 ], [ 93.835710434557427, 7.218556123497207 ], [ 93.869623585552787, 7.204448197556453 ], [ 93.880449694183113, 7.089882486466796 ], [ 93.897711830277203, 7.080327752873885 ], [ 93.911278291902576, 7.025147793048102 ], [ 93.942999670385674, 6.9986189170923 ], [ 93.922903348671838, 7.010945115652135 ], [ 93.909234188049979, 7.000310409263464 ], [ 93.940537029764116, 6.954071239426895 ], [ 93.914303180873944, 6.94872099105396 ], [ 93.908599177060466, 6.91241419078874 ], [ 93.887997744340453, 6.902887131341303 ], [ 93.896974520939807, 6.81415210590065 ], [ 93.878090022052689, 6.793148713727336 ], [ 93.844586147094006, 6.816069590938219 ], [ 93.823982498230194, 6.754077537658393 ], [ 93.799886664869106, 6.766125927960489 ], [ 93.812555700542447, 6.81738572008415 ], [ 93.797325230227514, 6.810433046618316 ], [ 93.780343655962966, 6.829220168893059 ], [ 93.797954138062991, 6.850245848429998 ], [ 93.765467089530617, 6.864873477382602 ], [ 93.764414129270349, 6.876238240096946 ], [ 93.786560483717636, 6.878918497494725 ], [ 93.734713859565204, 6.923854875187309 ], [ 93.738180366618423, 6.96324986818257 ], [ 93.717245410094719, 6.992013128156632 ], [ 93.69710001521355, 6.992802791216712 ], [ 93.693234545681364, 7.013802399063956 ], [ 93.65629101161835, 7.006499584582216 ], [ 93.667563880287247, 7.022938715880016 ], [ 93.647283777639331, 7.100713882914858 ], [ 93.664832133152629, 7.114547849786312 ], [ 93.645261638493736, 7.126811883809432 ], [ 93.665825715670962, 7.14180289632445 ], [ 93.674884093434031, 7.190866826978052 ], [ 93.722597210536449, 7.188999528385914 ], [ 93.749471681293386, 7.215311353585253 ], [ 93.777946698358306, 7.195651714824614 ], [ 93.765425989809742, 7.213222380046384 ], [ 93.792595130437746, 7.202703320267368 ], [ 93.795968203718303, 7.235179114241729 ], [ 93.837325960272807, 7.239958888025462 ] ] ], [ [ [ 92.520743004713182, 10.897637318747522 ], [ 92.559009931462882, 10.862788272772114 ], [ 92.559377381041656, 10.815282739718223 ], [ 92.58660514842002, 10.787581339565749 ], [ 92.597102302078142, 10.681055056845956 ], [ 92.578880732022938, 10.681233725635005 ], [ 92.582243072232458, 10.6581260761132 ], [ 92.552287059352466, 10.640228939134474 ], [ 92.539408895880982, 10.610734751023301 ], [ 92.568621092925952, 10.578226162144063 ], [ 92.513180169184565, 10.513795750748534 ], [ 92.433370481440832, 10.550626694616106 ], [ 92.388626630525721, 10.532852287148563 ], [ 92.420652713061628, 10.615454590482301 ], [ 92.383409638462084, 10.670960223206944 ], [ 92.378387591594858, 10.782386085595848 ], [ 92.409105604007863, 10.785395141829632 ], [ 92.427499252643955, 10.823747486266871 ], [ 92.463813756700645, 10.838248946064384 ], [ 92.458077224890729, 10.862263925652815 ], [ 92.520743004713182, 10.897637318747522 ] ] ], [ [ [ 92.810348075399943, 12.312951170761838 ], [ 92.831992712676225, 12.292019809536797 ], [ 92.846868232571268, 12.303662048875754 ], [ 92.850252505148433, 12.283280735270697 ], [ 92.854716362254337, 12.287928884023366 ], [ 92.853966913982475, 12.286704125362263 ], [ 92.854044442184744, 12.284514361065634 ], [ 92.855875590517783, 12.283533513329319 ], [ 92.853620721238258, 12.281230916773685 ], [ 92.854590459774002, 12.281337036770157 ], [ 92.855942127832563, 12.283165088947054 ], [ 92.856008980455982, 12.283791112620838 ], [ 92.854597005797487, 12.288392127714872 ], [ 92.852077691362936, 12.285646656213174 ], [ 92.848871764912346, 12.302055197322439 ], [ 92.872093650689763, 12.301711813035793 ], [ 92.871386024384279, 12.295400323840424 ], [ 92.868915584589388, 12.295314763745555 ], [ 92.865870087367099, 12.293172863754421 ], [ 92.863308096668348, 12.286789209013101 ], [ 92.866382485506847, 12.293193140789564 ], [ 92.870158621177268, 12.294729352931625 ], [ 92.891123879672136, 12.266448730061034 ], [ 92.874671932336184, 12.250528919611989 ], [ 92.869412564943914, 12.25131666073186 ], [ 92.86798380975587, 12.257266655707033 ], [ 92.864110221250158, 12.258315672016986 ], [ 92.865519653676444, 12.261122158988112 ], [ 92.862960752283982, 12.263529129949006 ], [ 92.862367928875145, 12.263612784980658 ], [ 92.861620901562972, 12.262625309107886 ], [ 92.861821028241977, 12.263574395436351 ], [ 92.857553009257899, 12.244643884152167 ], [ 92.869916141627584, 12.212788067707262 ], [ 92.884073325502285, 12.198089005898566 ], [ 92.827449617874066, 12.203031062686916 ], [ 92.833243481962072, 12.205508765822163 ], [ 92.835755812893581, 12.213088910936317 ], [ 92.83283299948792, 12.214946213367531 ], [ 92.826144618192842, 12.203175500053655 ], [ 92.844203141329047, 12.20093132797459 ], [ 92.840175480073981, 12.185269548453036 ], [ 92.856950490332238, 12.186974777905561 ], [ 92.855114818981747, 12.1586485487191 ], [ 92.844016551363069, 12.147379678779821 ], [ 92.822770002504939, 12.166581981087397 ], [ 92.817307062496269, 12.125802517066921 ], [ 92.802570082580985, 12.127851421123511 ], [ 92.814798827882441, 12.10607717261329 ], [ 92.78383984778435, 12.106286378505819 ], [ 92.801918284773762, 12.092668315476688 ], [ 92.763307167624646, 12.063719862438214 ], [ 92.752009097618782, 12.07437331081095 ], [ 92.754965822426399, 12.076643532020876 ], [ 92.75806847945023, 12.081399730209693 ], [ 92.760301874502886, 12.089183894814948 ], [ 92.758766431798406, 12.092338186046062 ], [ 92.760598919519566, 12.092686938925162 ], [ 92.760456064033178, 12.093780701036843 ], [ 92.759486433295294, 12.094905777992864 ], [ 92.757545336561364, 12.090832571325475 ], [ 92.754653477303791, 12.076720243043292 ], [ 92.745687850593811, 12.074447134167926 ], [ 92.737716701124114, 12.098556095109565 ], [ 92.766352990935417, 12.151547234450453 ], [ 92.774881861245845, 12.242666417285633 ], [ 92.768169626086689, 12.251156019827446 ], [ 92.75116371735939, 12.232776870616995 ], [ 92.741021382068823, 12.245376458615414 ], [ 92.749266919247106, 12.274089398875006 ], [ 92.763114545471524, 12.262483588603761 ], [ 92.787558465225459, 12.280241999832461 ], [ 92.775257173778272, 12.301184618801328 ], [ 92.766827492746586, 12.297194345351118 ], [ 92.77065404097246, 12.313012303583427 ], [ 92.810348075399943, 12.312951170761838 ] ] ], [ [ [ 93.371472692076466, 8.021679743253873 ], [ 93.400247656614781, 8.009222092887557 ], [ 93.401661889637921, 7.962817181659532 ], [ 93.420324369004234, 7.968513169748794 ], [ 93.452385110340458, 7.936232464455401 ], [ 93.464247877503581, 7.894038848890834 ], [ 93.453724517293693, 7.874987628983217 ], [ 93.415663514949827, 7.907685999727228 ], [ 93.368047096097868, 7.883407844208258 ], [ 93.341771147661902, 7.892966645117391 ], [ 93.332233657035289, 7.919006639852357 ], [ 93.353504908665414, 7.933762084877775 ], [ 93.35324150914937, 7.958944471510095 ], [ 93.349908255490419, 7.961168449514313 ], [ 93.325859972652239, 7.950585436950434 ], [ 93.333348167163905, 7.933573829639934 ], [ 93.31024400111292, 7.932475203485745 ], [ 93.301179555230092, 7.961788088355593 ], [ 93.318457564555274, 8.004074876537924 ], [ 93.371472692076466, 8.021679743253873 ] ] ], [ [ [ 93.700101392579001, 7.445445947631919 ], [ 93.708865362779093, 7.404441745956118 ], [ 93.743222000352134, 7.362094932962668 ], [ 93.71317839454538, 7.311935979796542 ], [ 93.674466566371436, 7.292911460565745 ], [ 93.636157447549493, 7.244170046911246 ], [ 93.608873872334073, 7.311256254373744 ], [ 93.631306960935206, 7.334233458233808 ], [ 93.620766091662119, 7.372988788671396 ], [ 93.652996064818055, 7.383478367617066 ], [ 93.65618973914647, 7.366307520712853 ], [ 93.686043567764614, 7.396201580788451 ], [ 93.707087037181381, 7.384307667511854 ], [ 93.691025300038532, 7.404417182363719 ], [ 93.700101392579001, 7.445445947631919 ] ] ], [ [ [ 93.512043636018888, 8.234794987694972 ], [ 93.534013663752305, 8.228308511305034 ], [ 93.535928918650455, 8.20306808874887 ], [ 93.488086493554462, 8.144755783003328 ], [ 93.539270005618675, 8.083112265525974 ], [ 93.539742987480395, 8.037390475872277 ], [ 93.520484145343019, 8.052124005820753 ], [ 93.51428419423759, 8.033730221012275 ], [ 93.497618802698497, 8.036210901244793 ], [ 93.491044592784476, 7.99934988434076 ], [ 93.47616813774323, 8.046368656601771 ], [ 93.500906430924175, 8.038852448032756 ], [ 93.493614498539188, 8.057762319068289 ], [ 93.50169055686095, 8.069297820543655 ], [ 93.501470333970758, 8.04846903753036 ], [ 93.517104488309755, 8.053289364217857 ], [ 93.525234918062424, 8.081471731327357 ], [ 93.502565117095727, 8.087011775543242 ], [ 93.475580023303124, 8.053137032349269 ], [ 93.480140451996974, 8.092393532726314 ], [ 93.456773075076171, 8.107305004498476 ], [ 93.448788443690717, 8.135387743717873 ], [ 93.463899724635439, 8.140493739038154 ], [ 93.447038771655656, 8.144765057924932 ], [ 93.445051128715292, 8.167430260829848 ], [ 93.479998175025656, 8.197085830821354 ], [ 93.48287729168095, 8.221843102216832 ], [ 93.512043636018888, 8.234794987694972 ] ] ], [ [ [ 92.792537796302611, 9.238490368741186 ], [ 92.818481056368057, 9.207393337560212 ], [ 92.82644983428537, 9.139881482694708 ], [ 92.793515631354026, 9.121714348516564 ], [ 92.72817698087897, 9.126463874037579 ], [ 92.720399795645463, 9.218329218934073 ], [ 92.763587645910846, 9.216068013974585 ], [ 92.772937322167749, 9.258511571754307 ], [ 92.792537796302611, 9.238490368741186 ] ] ], [ [ [ 92.635612470148914, 11.51217813582171 ], [ 92.667893234051007, 11.489128290187914 ], [ 92.684554624493813, 11.436107793789327 ], [ 92.645820959173619, 11.406485017914163 ], [ 92.687358043713346, 11.390710577942212 ], [ 92.690433079338831, 11.375006608684815 ], [ 92.663850915883785, 11.353748116500432 ], [ 92.598402338567425, 11.346643698338122 ], [ 92.580397169969231, 11.368727457853227 ], [ 92.586426004589455, 11.400704456924181 ], [ 92.622340058557114, 11.405177458117691 ], [ 92.627796981649993, 11.434649329545749 ], [ 92.610132122729169, 11.458371087264277 ], [ 92.635612470148914, 11.51217813582171 ] ] ], [ [ [ 92.694680428088191, 12.991308808040262 ], [ 92.719116183952821, 12.980917605408251 ], [ 92.709643871489959, 12.945992177356182 ], [ 92.721315063037295, 12.944526836574093 ], [ 92.720511168774394, 12.889560887545477 ], [ 92.71806575694167, 12.881281439229266 ], [ 92.707173833242038, 12.883894552458642 ], [ 92.705750483217059, 12.883011079852654 ], [ 92.703695762176125, 12.880001143342103 ], [ 92.703881798779889, 12.87720355101008 ], [ 92.702917140217096, 12.878152732681766 ], [ 92.701583674721135, 12.877610398265308 ], [ 92.703987728118193, 12.87696858489266 ], [ 92.707800068589535, 12.883392812208196 ], [ 92.718633217316736, 12.875398376349134 ], [ 92.699896612566434, 12.840599376712833 ], [ 92.670949582023638, 12.837590615774797 ], [ 92.687911797593856, 12.816941765848632 ], [ 92.667231864694429, 12.782982797082187 ], [ 92.646975236821532, 12.861719532779668 ], [ 92.678865702495628, 12.942153013836496 ], [ 92.670299582643622, 12.965849858271987 ], [ 92.694680428088191, 12.991308808040262 ] ], [ [ 92.687505126671439, 12.987200506379825 ], [ 92.685523528494642, 12.986287639752435 ], [ 92.684772439000767, 12.984994974751913 ], [ 92.688228687293474, 12.987548545237065 ], [ 92.687505126671439, 12.987200506379825 ] ], [ [ 92.682005251531564, 12.982389449427551 ], [ 92.681240493272298, 12.980789530757518 ], [ 92.681351085765229, 12.979740975995631 ], [ 92.682908359327726, 12.984269504874963 ], [ 92.682005251531564, 12.982389449427551 ] ], [ [ 92.662455467531544, 12.795813307576097 ], [ 92.660890051639328, 12.794981399994381 ], [ 92.660917632613504, 12.79487747289342 ], [ 92.662667188765923, 12.794615610783822 ], [ 92.662455467531544, 12.795813307576097 ] ], [ [ 92.659605405087476, 12.795062662080015 ], [ 92.660590750054666, 12.794981429778669 ], [ 92.66069208091703, 12.795483088096887 ], [ 92.659840312737671, 12.79574067527108 ], [ 92.659605405087476, 12.795062662080015 ] ] ], [ [ [ 92.966516549367228, 12.041074624865441 ], [ 92.993956857243504, 12.03856435886833 ], [ 93.007743366587604, 12.019671455883342 ], [ 93.05266972282908, 11.903367127557576 ], [ 93.043699441947595, 11.884442065045233 ], [ 93.023857517732353, 11.889827447075675 ], [ 92.99438816086932, 11.951838415045568 ], [ 92.972825092417466, 11.948732303756623 ], [ 92.959656137101945, 11.980829946453072 ], [ 92.925247996418761, 11.995434767720383 ], [ 92.963691575072446, 12.050784312476113 ], [ 92.966516549367228, 12.041074624865441 ] ] ], [ [ [ 93.116882477029279, 8.356393417279859 ], [ 93.132916778725075, 8.345607902744636 ], [ 93.116586504601059, 8.275864071182255 ], [ 93.193115893473504, 8.21789617549649 ], [ 93.190580344685159, 8.19704632287784 ], [ 93.112054249769429, 8.225157369890761 ], [ 93.076842099838942, 8.273833189918061 ], [ 93.08540842720177, 8.339739041537797 ], [ 93.116882477029279, 8.356393417279859 ] ] ], [ [ [ 93.071901881409261, 12.21027144449566 ], [ 93.067062578820284, 12.197087590461773 ], [ 93.085480534071323, 12.184316281521758 ], [ 93.078244153503462, 12.1851193894411 ], [ 93.065566738345126, 12.173092050085955 ], [ 93.08835281005571, 12.180487765523017 ], [ 93.077705636846829, 12.148874281515607 ], [ 93.094143628854894, 12.142949714602839 ], [ 93.080917885640403, 12.121549768003534 ], [ 93.090072030999295, 12.09912568527122 ], [ 93.074169935262205, 12.083596848422191 ], [ 93.056562593672396, 12.108929949752316 ], [ 93.066693897651277, 12.13163704297888 ], [ 93.048470472574991, 12.119247992490738 ], [ 93.035755565329964, 12.132281272771865 ], [ 93.071901881409261, 12.21027144449566 ] ] ], [ [ [ 92.217554142102628, 11.594002926053271 ], [ 92.268144513652715, 11.585604936365621 ], [ 92.268063124491349, 11.523013886994088 ], [ 92.211597207739416, 11.529980173381315 ], [ 92.203970794844892, 11.587013181177532 ], [ 92.217554142102628, 11.594002926053271 ] ] ], [ [ [ 93.536865053906354, 8.028030605561401 ], [ 93.572604698164923, 7.993862577370324 ], [ 93.567550125097895, 7.931217656663022 ], [ 93.498515748051815, 7.986130075640124 ], [ 93.521915430186894, 8.026426637617854 ], [ 93.543712823282277, 7.990009193231707 ], [ 93.536865053906354, 8.028030605561401 ] ] ], [ [ [ 92.999259924081088, 12.106158235260903 ], [ 93.004756577862352, 12.048277957962158 ], [ 92.995354378907436, 12.041754782235847 ], [ 92.954191319614367, 12.079990316855589 ], [ 92.958018749087515, 12.110575158049652 ], [ 92.971217702743601, 12.106322015268956 ], [ 92.977124726709619, 12.107106272301731 ], [ 92.985536257281012, 12.110569664140122 ], [ 92.999259924081088, 12.106158235260903 ] ] ], [ [ [ 93.026701146442335, 12.144352314431812 ], [ 93.022645980569919, 12.098519917996153 ], [ 93.050095775553942, 12.079537751014174 ], [ 93.04400400496489, 12.045787823288622 ], [ 93.006014718723449, 12.079433854420058 ], [ 93.003747988088904, 12.139720152337205 ], [ 93.026117815531109, 12.166542135563107 ], [ 93.026701146442335, 12.144352314431812 ] ] ], [ [ [ 92.987268048350344, 12.159961989648346 ], [ 93.00280482980412, 12.112059613529908 ], [ 92.984379440994104, 12.112002937421776 ], [ 92.977391569468125, 12.108136701331462 ], [ 92.95703876167272, 12.118860390387269 ], [ 92.952110507005983, 12.147088445011006 ], [ 92.987268048350344, 12.159961989648346 ] ] ], [ [ [ 92.734718289097415, 12.239593717545429 ], [ 92.729423075332093, 12.214425019601098 ], [ 92.739081196226635, 12.223017839738976 ], [ 92.742248112437679, 12.204761021247831 ], [ 92.738797586413341, 12.236188648604596 ], [ 92.75244829923254, 12.217613277859511 ], [ 92.760926345559156, 12.228581924002469 ], [ 92.762963091311263, 12.18290490623334 ], [ 92.732507531589945, 12.184529812825248 ], [ 92.728391554264363, 12.19768404315268 ], [ 92.722354993234376, 12.188330235607266 ], [ 92.720750093690498, 12.233235078916685 ], [ 92.734718289097415, 12.239593717545429 ] ] ], [ [ [ 93.055115487699737, 13.378755549792297 ], [ 93.088667628240287, 13.335976503043645 ], [ 93.064007177671954, 13.304090259554874 ], [ 93.059195930367622, 13.329913985213757 ], [ 93.038743982700822, 13.322762043257372 ], [ 93.045736482347124, 13.348155336335983 ], [ 93.038291230899318, 13.361824431846239 ], [ 93.049561892407539, 13.365407679730261 ], [ 93.03619187167358, 13.371988146146814 ], [ 93.055115487699737, 13.378755549792297 ] ] ], [ [ [ 92.934417667360691, 12.302603915066822 ], [ 92.941211813602393, 12.276420265154638 ], [ 92.921821090696469, 12.229176552505677 ], [ 92.919721973117561, 12.26915039863718 ], [ 92.900365318818785, 12.271700422503571 ], [ 92.900774109765251, 12.28824898071589 ], [ 92.92739495647308, 12.278100242204289 ], [ 92.934417667360691, 12.302603915066822 ] ] ], [ [ [ 92.899788895053817, 12.255877125767123 ], [ 92.914467063165731, 12.219862415652772 ], [ 92.889956361755267, 12.228132231500657 ], [ 92.878394131360295, 12.2077482422013 ], [ 92.869644253032106, 12.245539050167654 ], [ 92.877020377322168, 12.249087023797765 ], [ 92.878633381466571, 12.238153415973468 ], [ 92.883297895257456, 12.238180330661862 ], [ 92.899788895053817, 12.255877125767123 ] ] ], [ [ [ 93.60778371732944, 8.571322745006679 ], [ 93.63195287298069, 8.468131573216825 ], [ 93.616740477667605, 8.468376094333539 ], [ 93.612372050390974, 8.423828644032548 ], [ 93.60778371732944, 8.571322745006679 ] ] ], [ [ [ 92.954468005213428, 12.434310202744232 ], [ 92.957959440515822, 12.417809336820929 ], [ 92.929985399511793, 12.358483401443642 ], [ 92.917661264805247, 12.374130795940941 ], [ 92.924720570362624, 12.404079105618173 ], [ 92.954468005213428, 12.434310202744232 ] ] ], [ [ [ 93.017240221024011, 11.844317741165943 ], [ 93.062096714387565, 11.844346810675509 ], [ 93.070421405718747, 11.835679046916679 ], [ 93.047661175843942, 11.813025293029126 ], [ 93.014598344943721, 11.830203453875457 ], [ 93.017240221024011, 11.844317741165943 ] ] ], [ [ [ 92.707361487711637, 12.830016583846925 ], [ 92.711099238369982, 12.777160498292034 ], [ 92.724682423032647, 12.748316622276905 ], [ 92.717148748614775, 12.756313754906554 ], [ 92.716443651965108, 12.719141544279218 ], [ 92.693556733584117, 12.797607323165135 ], [ 92.707361487711637, 12.830016583846925 ] ] ], [ [ [ 93.570215676277527, 8.127162791881238 ], [ 93.578006899484009, 8.11409388264372 ], [ 93.580725997441093, 8.099175037991827 ], [ 93.572447106714662, 8.096926731082668 ], [ 93.590552953100001, 8.050346509159414 ], [ 93.583641405135523, 8.039842897893161 ], [ 93.564050888825577, 8.063057812877318 ], [ 93.566512132566885, 8.074609925960647 ], [ 93.579469322630558, 8.06426675932406 ], [ 93.560398150234136, 8.096757154075023 ], [ 93.574517641697838, 8.118496768332724 ], [ 93.561727853585666, 8.122952175106551 ], [ 93.560627553906556, 8.109113136874914 ], [ 93.553217340348056, 8.119830920696067 ], [ 93.570215676277527, 8.127162791881238 ] ] ], [ [ [ 93.104078787488092, 12.250345070231257 ], [ 93.09905835669008, 12.204594371910481 ], [ 93.091585560200699, 12.213887800766708 ], [ 93.089399748010351, 12.230691057024709 ], [ 93.099370764694754, 12.234463038406435 ], [ 93.102360711896537, 12.245638749702362 ], [ 93.080256445316905, 12.225571700827556 ], [ 93.062256121333036, 12.229843799304419 ], [ 93.072658951886311, 12.261252805594408 ], [ 93.082013638945867, 12.238090065749676 ], [ 93.101131707891696, 12.261058451736231 ], [ 93.104078787488092, 12.250345070231257 ] ] ], [ [ [ 92.541707955984251, 11.602470545214935 ], [ 92.56815911722309, 11.589620010678484 ], [ 92.564440644410737, 11.573541143318275 ], [ 92.528971301424491, 11.554973955440488 ], [ 92.541707955984251, 11.602470545214935 ] ] ], [ [ [ 93.020401096963099, 13.670777766102821 ], [ 93.027821580061897, 13.628420759873126 ], [ 93.01218447655387, 13.648940988671484 ], [ 92.985721065887773, 13.64238368268483 ], [ 92.976125968996939, 13.653671709878811 ], [ 93.020401096963099, 13.670777766102821 ] ] ], [ [ [ 92.709737399585791, 12.297352820966344 ], [ 92.723041981644556, 12.291047563402477 ], [ 92.709811810634022, 12.229658999651344 ], [ 92.698805045410154, 12.274381104792075 ], [ 92.709737399585791, 12.297352820966344 ] ] ], [ [ [ 92.887413126083018, 12.408020537337695 ], [ 92.883810444314193, 12.376390782479161 ], [ 92.843782499807375, 12.395295395937913 ], [ 92.850884399882261, 12.408539957212801 ], [ 92.887413126083018, 12.408020537337695 ] ] ], [ [ [ 93.005277777695269, 12.99681145635579 ], [ 92.969497298718807, 12.962203826289054 ], [ 92.986425892144553, 12.956436052285268 ], [ 92.978229086773808, 12.932945256672092 ], [ 92.951059357749301, 12.980519564573481 ], [ 92.959840998709339, 12.9887680175294 ], [ 92.971742847078914, 12.966339573661871 ], [ 92.984564305296416, 12.993979077738462 ], [ 93.005277777695269, 12.99681145635579 ] ] ], [ [ [ 93.229317475705713, 8.26139600688696 ], [ 93.240758652726214, 8.23038509151846 ], [ 93.228840189117136, 8.224479791201873 ], [ 93.210643706312879, 8.249231457314108 ], [ 93.229317475705713, 8.26139600688696 ] ] ], [ [ [ 92.928571091928461, 13.023763647958679 ], [ 92.938933313241009, 13.024950542194278 ], [ 92.942181920447382, 12.997052048959864 ], [ 92.916586636281977, 13.007533382513953 ], [ 92.928571091928461, 13.023763647958679 ] ] ], [ [ [ 92.857781818245627, 12.334826168626758 ], [ 92.870806804163792, 12.328693978562487 ], [ 92.886103047327197, 12.332291019904714 ], [ 92.899948451119627, 12.323497041893173 ], [ 92.858095168583034, 12.314078992014492 ], [ 92.861707781227352, 12.321140462719981 ], [ 92.860144703649851, 12.320119231641256 ], [ 92.858308975705498, 12.3298161936267 ], [ 92.854901194217291, 12.332062701510752 ], [ 92.856312781701945, 12.33328740569646 ], [ 92.857073188521952, 12.340091559453656 ], [ 92.858401309940291, 12.33869039027371 ], [ 92.857152837646623, 12.337203486380249 ], [ 92.857781818245627, 12.334826168626758 ] ] ], [ [ [ 93.048069723346941, 8.441348395748422 ], [ 93.026500795184532, 8.450691287883416 ], [ 93.033050269088918, 8.471867035711623 ], [ 93.047319761238754, 8.460090224052001 ], [ 93.048069723346941, 8.441348395748422 ] ] ], [ [ [ 92.595513264985541, 11.976219643326138 ], [ 92.607981388852352, 11.943303910156356 ], [ 92.605364875805762, 11.936505521911341 ], [ 92.601973275670787, 11.936875442644908 ], [ 92.597798220640541, 11.928098452769468 ], [ 92.595513264985541, 11.976219643326138 ] ] ], [ [ [ 92.761626551780424, 11.965922367864998 ], [ 92.759379492453959, 11.949263435507813 ], [ 92.735332225610364, 11.952043640306204 ], [ 92.742166886769681, 11.961940667374046 ], [ 92.761626551780424, 11.965922367864998 ] ] ], [ [ [ 92.691463177475143, 11.243325365024729 ], [ 92.692186651858862, 11.280712148123699 ], [ 92.704553000197237, 11.289684296552133 ], [ 92.704901642647201, 11.26390121967645 ], [ 92.691463177475143, 11.243325365024729 ] ] ], [ [ [ 92.842771788213213, 13.435792611697737 ], [ 92.834175376271503, 13.420479966991284 ], [ 92.821829708049293, 13.42119804415363 ], [ 92.82473011837007, 13.438978209014055 ], [ 92.842771788213213, 13.435792611697737 ] ] ], [ [ [ 92.779817720151456, 12.859113178961289 ], [ 92.784658754692288, 12.832197932007881 ], [ 92.783419390417293, 12.82443823477357 ], [ 92.767372319169766, 12.851734887203527 ], [ 92.779817720151456, 12.859113178961289 ] ] ], [ [ [ 92.726116888810949, 12.865371078947636 ], [ 92.719817610086253, 12.840281755522774 ], [ 92.711160861001844, 12.832045604238818 ], [ 92.713396982441367, 12.855537939382256 ], [ 92.726116888810949, 12.865371078947636 ] ] ], [ [ [ 92.791097354032743, 12.915288696423762 ], [ 92.800245752868761, 12.897520778716286 ], [ 92.791532720738573, 12.892055739153118 ], [ 92.773459602673938, 12.911281033241247 ], [ 92.791097354032743, 12.915288696423762 ] ] ], [ [ [ 92.591608124952117, 11.563857191374925 ], [ 92.596664300613597, 11.549056989059276 ], [ 92.594480605752366, 11.533077725375778 ], [ 92.583234989274246, 11.548673976596573 ], [ 92.591531115077743, 11.577608130958829 ], [ 92.591608124952117, 11.563857191374925 ] ] ], [ [ [ 92.613395151489101, 11.583196890720917 ], [ 92.613772762810356, 11.562918494326594 ], [ 92.599692152228798, 11.567454507161546 ], [ 92.600890757244386, 11.585752764392172 ], [ 92.613395151489101, 11.583196890720917 ] ] ], [ [ [ 92.718754616542554, 13.098388126041314 ], [ 92.705538607472477, 13.071243066946179 ], [ 92.699933873786108, 13.070996768558448 ], [ 92.695295609666104, 13.096088546647577 ], [ 92.718754616542554, 13.098388126041314 ] ] ], [ [ [ 92.722980485675151, 11.318544235485257 ], [ 92.707672706346855, 11.299455357649311 ], [ 92.695451611996688, 11.309760195474293 ], [ 92.721199235162871, 11.333502327861991 ], [ 92.722980485675151, 11.318544235485257 ] ] ], [ [ [ 92.766300787139286, 12.272362180946311 ], [ 92.752088149363786, 12.277866416979572 ], [ 92.761130618861486, 12.293902750895336 ], [ 92.767132849874585, 12.285361428241446 ], [ 92.766300787139286, 12.272362180946311 ] ] ], [ [ [ 93.066021287675539, 13.651942963347974 ], [ 93.054862819458066, 13.644808399362445 ], [ 93.045766610045106, 13.621246089793187 ], [ 93.042466551830856, 13.637799429514924 ], [ 93.066021287675539, 13.651942963347974 ] ] ], [ [ [ 92.747559716863705, 12.283011090093581 ], [ 92.740749409031721, 12.255627212786012 ], [ 92.732625661846456, 12.246496273529582 ], [ 92.739116872818116, 12.283289614597408 ], [ 92.747559716863705, 12.283011090093581 ] ] ], [ [ [ 92.718878958649228, 11.93455091669083 ], [ 92.723667160573271, 11.909831342404933 ], [ 92.717881740648977, 11.902510141160221 ], [ 92.714777225909103, 11.925778028228079 ], [ 92.718878958649228, 11.93455091669083 ] ] ], [ [ [ 92.935054762441666, 12.223993916100598 ], [ 92.938747487741338, 12.215834636145733 ], [ 92.932185977310468, 12.196075325683935 ], [ 92.924116256602971, 12.215101221231208 ], [ 92.935054762441666, 12.223993916100598 ] ] ], [ [ [ 92.613620026754162, 11.553199737896678 ], [ 92.617279914138678, 11.559771694449008 ], [ 92.61580441870808, 11.535994832448226 ], [ 92.609270568303103, 11.531358033128425 ], [ 92.613620026754162, 11.553199737896678 ] ] ], [ [ [ 92.559192283177353, 11.533431930702857 ], [ 92.567481500936282, 11.527361079626189 ], [ 92.565345321563711, 11.517285189511471 ], [ 92.560421658186399, 11.517027518704428 ], [ 92.551701071224656, 11.531090172131996 ], [ 92.551718892003237, 11.53825495562308 ], [ 92.559192283177353, 11.533431930702857 ] ] ], [ [ [ 92.67665435389668, 12.540626545602318 ], [ 92.684130527153201, 12.539286645653867 ], [ 92.677248937105148, 12.521729385180793 ], [ 92.66810921509645, 12.533428410591753 ], [ 92.67665435389668, 12.540626545602318 ] ] ], [ [ [ 92.901830112619393, 13.60061572781086 ], [ 92.90225765499909, 13.596344382878822 ], [ 92.883764570047546, 13.574807700318788 ], [ 92.889724760803674, 13.597777462953257 ], [ 92.901830112619393, 13.60061572781086 ] ] ], [ [ [ 92.864648768449527, 12.930954985799376 ], [ 92.873283515097654, 12.931914817433634 ], [ 92.884632531258248, 12.923951226073392 ], [ 92.864042011272318, 12.917723376281481 ], [ 92.864648768449527, 12.930954985799376 ] ] ], [ [ [ 93.004859222061668, 13.30644092790048 ], [ 92.996369467093643, 13.300159250588946 ], [ 93.00768555191425, 13.320823634245542 ], [ 93.007895503467509, 13.316222797745379 ], [ 93.004859222061668, 13.30644092790048 ] ] ], [ [ [ 93.022653262313597, 13.328775819528069 ], [ 93.019663528910854, 13.316390900088283 ], [ 93.020938170027065, 13.303872213947344 ], [ 93.013709281408694, 13.308650710833254 ], [ 93.022653262313597, 13.328775819528069 ] ] ], [ [ [ 93.119753317505868, 12.148317924894945 ], [ 93.122923625755419, 12.140673575681006 ], [ 93.115418630053014, 12.130248344901089 ], [ 93.109197667353072, 12.141549201064462 ], [ 93.119753317505868, 12.148317924894945 ] ] ], [ [ [ 93.705030018249943, 7.221086226085933 ], [ 93.70981394958315, 7.213865629650955 ], [ 93.707408860428572, 7.208011063394192 ], [ 93.698335993738255, 7.23177450506564 ], [ 93.705030018249943, 7.221086226085933 ] ] ], [ [ [ 92.950477442582979, 12.084687563609483 ], [ 92.948408157156337, 12.09095722505792 ], [ 92.946859129229878, 12.116683547837166 ], [ 92.955797132744877, 12.101644574156369 ], [ 92.950477442582979, 12.084687563609483 ] ] ], [ [ [ 93.530614762110702, 7.526261324825709 ], [ 93.534168899819917, 7.519265078724477 ], [ 93.529473360914096, 7.51442211445175 ], [ 93.520689389724183, 7.52701724260421 ], [ 93.530614762110702, 7.526261324825709 ] ] ], [ [ [ 92.22216099303543, 10.984410440162597 ], [ 92.223707423034099, 10.978167685120235 ], [ 92.21337048570355, 10.975602662817687 ], [ 92.211041463192274, 10.981221740677782 ], [ 92.22216099303543, 10.984410440162597 ] ] ], [ [ [ 92.762494434837635, 12.85223063806664 ], [ 92.765531221994962, 12.849623952769655 ], [ 92.765161619154469, 12.836192844020056 ], [ 92.759832299951029, 12.859686582399183 ], [ 92.762494434837635, 12.85223063806664 ] ] ], [ [ [ 92.835954231875192, 12.422044253151574 ], [ 92.839966721483449, 12.42281228463926 ], [ 92.841819195821316, 12.415930727101822 ], [ 92.828922950161441, 12.426024306679428 ], [ 92.835954231875192, 12.422044253151574 ] ] ], [ [ [ 92.720698509731946, 12.778784596111519 ], [ 92.723308474060119, 12.767395043268142 ], [ 92.723845782482698, 12.762043868914356 ], [ 92.71641207528458, 12.788160695619853 ], [ 92.720698509731946, 12.778784596111519 ] ] ], [ [ [ 92.613486340371921, 10.927381915711722 ], [ 92.60749243045332, 10.930622461682951 ], [ 92.604751794488976, 10.937335001889462 ], [ 92.618235807839213, 10.931803317734296 ], [ 92.613486340371921, 10.927381915711722 ] ] ], [ [ [ 92.914621702752015, 12.355543632796167 ], [ 92.917034860574489, 12.350398479910673 ], [ 92.909663426388505, 12.338002330593071 ], [ 92.909098159699326, 12.350428758076461 ], [ 92.914621702752015, 12.355543632796167 ] ] ], [ [ [ 93.682557682254057, 7.401099688003368 ], [ 93.674710750923552, 7.400259024998461 ], [ 93.671107372960364, 7.409420217332449 ], [ 93.678614998031605, 7.411504333097079 ], [ 93.682557682254057, 7.401099688003368 ] ] ], [ [ [ 92.661200327043517, 10.981948839867464 ], [ 92.658570879155178, 10.989642767128789 ], [ 92.666069515683688, 10.991730698032413 ], [ 92.66792692985733, 10.985682211466237 ], [ 92.661200327043517, 10.981948839867464 ] ] ], [ [ [ 92.728040078527997, 11.9466001431132 ], [ 92.724403917446807, 11.941742391280929 ], [ 92.725275192542554, 11.955961729253536 ], [ 92.732037235690939, 11.959977138600655 ], [ 92.728040078527997, 11.9466001431132 ] ] ], [ [ [ 92.788040803040843, 12.883346666265552 ], [ 92.781319729357648, 12.884054838640704 ], [ 92.782369877891071, 12.892912634860316 ], [ 92.791109371694617, 12.891147311489943 ], [ 92.789857041136798, 12.889872683511291 ], [ 92.788040803040843, 12.883346666265552 ] ] ], [ [ [ 92.866009434033941, 12.235238259288209 ], [ 92.860613855095167, 12.24265525233089 ], [ 92.863954533329974, 12.250723290885619 ], [ 92.868297623623974, 12.248549281097535 ], [ 92.866009434033941, 12.235238259288209 ] ] ], [ [ [ 92.962465601983382, 12.947721612618102 ], [ 92.969307716464598, 12.945243023111887 ], [ 92.950114460326134, 12.940427557616269 ], [ 92.957530745597637, 12.948911373155278 ], [ 92.962465601983382, 12.947721612618102 ] ] ], [ [ [ 92.772189741493364, 12.932520764722113 ], [ 92.775532855060888, 12.927451079532222 ], [ 92.771746902601009, 12.91744926592991 ], [ 92.768656029677061, 12.924575188014177 ], [ 92.772189741493364, 12.932520764722113 ] ] ], [ [ [ 92.861974566493714, 12.412561058169828 ], [ 92.857742330102354, 12.417070247676762 ], [ 92.867490046268401, 12.420343290424197 ], [ 92.868256619124537, 12.41413067765423 ], [ 92.861974566493714, 12.412561058169828 ] ] ], [ [ [ 92.756258840378365, 12.901948746579825 ], [ 92.75528367152674, 12.892476277015742 ], [ 92.752083983875806, 12.889632704630127 ], [ 92.754053355083272, 12.914479688219954 ], [ 92.756258840378365, 12.901948746579825 ] ] ], [ [ [ 92.712956931919663, 12.692884961102152 ], [ 92.715139582040194, 12.689512796387609 ], [ 92.710494743150676, 12.680104663817865 ], [ 92.708308877061398, 12.691910392864946 ], [ 92.712956931919663, 12.692884961102152 ] ] ], [ [ [ 93.080122566695195, 11.778835419492395 ], [ 93.078240792905987, 11.78619841975935 ], [ 93.085072789662178, 11.788409523823956 ], [ 93.084891258109565, 11.785173121987247 ], [ 93.080122566695195, 11.778835419492395 ] ] ], [ [ [ 92.602733068941461, 11.533384115100235 ], [ 92.605185751738091, 11.532312445824557 ], [ 92.604831502902442, 11.521680578824563 ], [ 92.601445210014163, 11.53760631188614 ], [ 92.602733068941461, 11.533384115100235 ] ] ], [ [ [ 92.765205870165346, 12.869969197652136 ], [ 92.765536406172458, 12.856407269226267 ], [ 92.763220150518009, 12.855593152324861 ], [ 92.759974188850165, 12.868458276678583 ], [ 92.765205870165346, 12.869969197652136 ] ] ], [ [ [ 92.813059688594066, 13.418258091921176 ], [ 92.817731974608805, 13.416391229299368 ], [ 92.813408110956829, 13.403662906031203 ], [ 92.811298360918201, 13.419643558464081 ], [ 92.813059688594066, 13.418258091921176 ] ] ], [ [ [ 93.756272154369611, 7.403472148462533 ], [ 93.759334460867521, 7.401153268820758 ], [ 93.756727050449697, 7.396332850648952 ], [ 93.750421463755075, 7.400332981934558 ], [ 93.756272154369611, 7.403472148462533 ] ] ], [ [ [ 92.76455884151396, 12.934606608192858 ], [ 92.765824869583227, 12.928555808634325 ], [ 92.763020876340221, 12.925622098691591 ], [ 92.759048099454091, 12.935246739727473 ], [ 92.76455884151396, 12.934606608192858 ] ] ], [ [ [ 92.937968585507946, 12.917907865466072 ], [ 92.93381611142901, 12.910982811309566 ], [ 92.928818017240488, 12.916787461832074 ], [ 92.933997359113988, 12.920281461802833 ], [ 92.937968585507946, 12.917907865466072 ] ] ], [ [ [ 92.759191809238288, 12.18082881105947 ], [ 92.762483010063846, 12.177358830484721 ], [ 92.758390282934457, 12.164633758466753 ], [ 92.75856411233184, 12.176819427324984 ], [ 92.754610955549808, 12.180930909327124 ], [ 92.759191809238288, 12.18082881105947 ] ] ], [ [ [ 92.869700301617627, 13.512886477957583 ], [ 92.872964552984655, 13.506175103215918 ], [ 92.871048441992073, 13.502233080330933 ], [ 92.866443502674187, 13.50353581214077 ], [ 92.865570295302248, 13.505108551150895 ], [ 92.869700301617627, 13.512886477957583 ] ] ], [ [ [ 93.089694890395251, 13.410092395482648 ], [ 93.086199102755316, 13.415885863131278 ], [ 93.091969631307165, 13.419714739846485 ], [ 93.092764100446118, 13.416976029620363 ], [ 93.090816166634553, 13.41427309767586 ], [ 93.089694890395251, 13.410092395482648 ] ] ], [ [ [ 93.071375796537851, 13.430725132288163 ], [ 93.068953689698517, 13.422517160919687 ], [ 93.068895840889169, 13.41310299661049 ], [ 93.066169661512689, 13.422516512576735 ], [ 93.071375796537851, 13.430725132288163 ] ] ], [ [ [ 93.056012714225716, 12.119742314519025 ], [ 93.057768252259635, 12.116876813897616 ], [ 93.053328895804796, 12.109110095697451 ], [ 93.048866387968488, 12.116576603036998 ], [ 93.056012714225716, 12.119742314519025 ] ] ], [ [ [ 92.676447208680386, 11.182859392432572 ], [ 92.675563301475108, 11.177366468736809 ], [ 92.674200417051892, 11.18990905219165 ], [ 92.67477661983132, 11.184876316222207 ], [ 92.676447208680386, 11.182859392432572 ] ] ], [ [ [ 93.636637510830596, 7.478535125748065 ], [ 93.640500368960247, 7.475834145115578 ], [ 93.640273793184335, 7.472430108196393 ], [ 93.632597786099595, 7.473338326803767 ], [ 93.636637510830596, 7.478535125748065 ] ] ], [ [ [ 92.91799866394112, 13.511505312271785 ], [ 92.916430545916555, 13.507663150978228 ], [ 92.91334985988793, 13.507127192078903 ], [ 92.917370692150172, 13.515564218222483 ], [ 92.91799866394112, 13.511505312271785 ] ] ], [ [ [ 92.72408415313825, 12.736023512749227 ], [ 92.728832265047828, 12.730583483552161 ], [ 92.727003907780372, 12.727160097190112 ], [ 92.721846815379848, 12.737601143814803 ], [ 92.72408415313825, 12.736023512749227 ] ] ], [ [ [ 92.733054709802559, 11.145258596038511 ], [ 92.729007535342916, 11.141814203115231 ], [ 92.725552277891921, 11.145064296345675 ], [ 92.730881271905247, 11.149064713910091 ], [ 92.733054709802559, 11.145258596038511 ] ] ], [ [ [ 93.642845924065981, 8.394585096362444 ], [ 93.64339496179123, 8.389444489629907 ], [ 93.633620333895934, 8.394784376348623 ], [ 93.634378576674408, 8.395693116316762 ], [ 93.642845924065981, 8.394585096362444 ] ] ], [ [ [ 92.765311892030155, 11.676948950779799 ], [ 92.762150857987564, 11.66943149791695 ], [ 92.761110784958348, 11.669207314312821 ], [ 92.759828149734432, 11.676831766235239 ], [ 92.765311892030155, 11.676948950779799 ] ] ], [ [ [ 92.722524256495177, 12.692838064332285 ], [ 92.720869703472275, 12.689463840393886 ], [ 92.71655279098394, 12.685706725041554 ], [ 92.719443553398577, 12.696387496933552 ], [ 92.722524256495177, 12.692838064332285 ] ] ], [ [ [ 92.907303647358518, 13.536637793390939 ], [ 92.911509437347874, 13.5338359255451 ], [ 92.904825572782059, 13.530591996553675 ], [ 92.904980186317189, 13.53573578147898 ], [ 92.907303647358518, 13.536637793390939 ] ] ], [ [ [ 92.697366098835246, 11.663964316821952 ], [ 92.699759659011477, 11.659176129586085 ], [ 92.692172869007464, 11.660567239252757 ], [ 92.694849538635367, 11.66323764211927 ], [ 92.697366098835246, 11.663964316821952 ] ] ], [ [ [ 92.562367267157967, 11.395417799161299 ], [ 92.559204429298305, 11.392455493862558 ], [ 92.555175354993324, 11.391441044492428 ], [ 92.556985818718601, 11.396794157802052 ], [ 92.562367267157967, 11.395417799161299 ] ] ], [ [ [ 93.0956425586363, 13.43771636349843 ], [ 93.100984994141172, 13.434860629142658 ], [ 93.101996568118025, 13.430413549296288 ], [ 93.096839097526754, 13.431768852196745 ], [ 93.0956425586363, 13.43771636349843 ] ] ], [ [ [ 92.917014817363849, 13.039833752038886 ], [ 92.913239239547181, 13.043035727884996 ], [ 92.916106521796948, 13.048136977134481 ], [ 92.918098054442467, 13.041899447659548 ], [ 92.917014817363849, 13.039833752038886 ] ] ], [ [ [ 92.76430167810264, 12.917980564000121 ], [ 92.761309415044082, 12.921739655016861 ], [ 92.765462242160922, 12.926323247640347 ], [ 92.766515502458489, 12.921578419352951 ], [ 92.76430167810264, 12.917980564000121 ] ] ], [ [ [ 92.735094005871744, 12.280588337727879 ], [ 92.733778031472696, 12.288218531236879 ], [ 92.736202271810825, 12.292868574626686 ], [ 92.737148363095017, 12.291042132040975 ], [ 92.735094005871744, 12.280588337727879 ] ] ], [ [ [ 93.025485539911642, 12.274342841461568 ], [ 93.021049627597634, 12.275710714109026 ], [ 93.028282540668499, 12.279736366050932 ], [ 93.028503625941383, 12.278547660389926 ], [ 93.025485539911642, 12.274342841461568 ] ] ], [ [ [ 92.59827528804017, 11.913766714522675 ], [ 92.59598066651273, 11.911524333593267 ], [ 92.59526075035582, 11.906167489564881 ], [ 92.594580331325318, 11.915090844885238 ], [ 92.599307491827517, 11.918255645067008 ], [ 92.59827528804017, 11.913766714522675 ] ] ], [ [ [ 93.074095398449813, 13.302031546482338 ], [ 93.077362862192302, 13.300730532280255 ], [ 93.070722990820869, 13.29818914036723 ], [ 93.069435068113194, 13.300028354335282 ], [ 93.074095398449813, 13.302031546482338 ] ] ], [ [ [ 93.619988474917875, 7.331167620863659 ], [ 93.622867627505769, 7.328187476229946 ], [ 93.619387928692561, 7.325519405299756 ], [ 93.616834006661719, 7.330964125550504 ], [ 93.619988474917875, 7.331167620863659 ] ] ], [ [ [ 93.018427624946355, 13.345175527595117 ], [ 93.01931233344888, 13.338093746224052 ], [ 93.017282253196171, 13.33660139813137 ], [ 93.015461079756065, 13.342534784797783 ], [ 93.018427624946355, 13.345175527595117 ] ] ], [ [ [ 92.902869410402516, 12.421523985571001 ], [ 92.898169460768628, 12.421631652363549 ], [ 92.898474773879158, 12.425611371823436 ], [ 92.900700563794615, 12.426106692150377 ], [ 92.902869410402516, 12.421523985571001 ] ] ], [ [ [ 92.681588268848031, 12.214497812897557 ], [ 92.678749536854667, 12.219158306053933 ], [ 92.681544467893104, 12.223776986458947 ], [ 92.682379097115117, 12.216518001944927 ], [ 92.681588268848031, 12.214497812897557 ] ] ], [ [ [ 92.728923700069032, 12.184363955091465 ], [ 92.724186961729259, 12.185030116224675 ], [ 92.729256543848081, 12.189331104596963 ], [ 92.730225447848909, 12.187956713849839 ], [ 92.728923700069032, 12.184363955091465 ] ] ], [ [ [ 92.750309660272706, 12.890879389298178 ], [ 92.747990524619468, 12.893969729894598 ], [ 92.749430261711822, 12.897228561362253 ], [ 92.752288753946516, 12.893442447396962 ], [ 92.750309660272706, 12.890879389298178 ] ] ], [ [ [ 92.754008777983941, 12.141228001257863 ], [ 92.75311551482497, 12.14568876031478 ], [ 92.756237566475804, 12.149852864815887 ], [ 92.757507150076947, 12.146178709898813 ], [ 92.754008777983941, 12.141228001257863 ] ] ], [ [ [ 93.052655637245437, 13.559924815920459 ], [ 93.051162188983923, 13.564344308440059 ], [ 93.055522584423571, 13.566135337824237 ], [ 93.05532501075659, 13.562397743061849 ], [ 93.052655637245437, 13.559924815920459 ] ] ], [ [ [ 92.724733657546579, 11.990177795528846 ], [ 92.726532649785682, 11.987895038296553 ], [ 92.72180281499891, 11.982784318369433 ], [ 92.723122671916627, 11.991823404153456 ], [ 92.724733657546579, 11.990177795528846 ] ] ], [ [ [ 92.775347570347037, 12.016061634959392 ], [ 92.773778429141316, 12.012467772768206 ], [ 92.770674288998933, 12.013379699424986 ], [ 92.770172636506615, 12.016882444326908 ], [ 92.775347570347037, 12.016061634959392 ] ] ], [ [ [ 92.768295228529723, 12.288622744250452 ], [ 92.765824436595253, 12.289564614099994 ], [ 92.769755834384497, 12.295084117092593 ], [ 92.770948894998156, 12.29355894869702 ], [ 92.768295228529723, 12.288622744250452 ] ] ], [ [ [ 92.546993252348855, 11.393552479440213 ], [ 92.544843219157968, 11.395843206767442 ], [ 92.549821185694185, 11.397170372961353 ], [ 92.549821324933077, 11.395203944605907 ], [ 92.546993252348855, 11.393552479440213 ] ] ], [ [ [ 92.698189676084354, 12.24354717692148 ], [ 92.694711635561148, 12.246454315572207 ], [ 92.696449863957824, 12.2501872203334 ], [ 92.698241521452672, 12.247931367726954 ], [ 92.698189676084354, 12.24354717692148 ] ] ], [ [ [ 92.575005207647777, 11.567076810836621 ], [ 92.573698394267979, 11.562723752761142 ], [ 92.571859743205721, 11.562542996496438 ], [ 92.575757230491249, 11.570661425590048 ], [ 92.575005207647777, 11.567076810836621 ] ] ], [ [ [ 92.609299102389812, 11.504303577230063 ], [ 92.608506419101616, 11.507305233340388 ], [ 92.614471037653772, 11.510567962087384 ], [ 92.612118973355464, 11.508389542471388 ], [ 92.609299102389812, 11.504303577230063 ] ] ], [ [ [ 92.880517688504838, 12.245109417070504 ], [ 92.878849460428398, 12.246040575254934 ], [ 92.878486442238909, 12.25066440847101 ], [ 92.881257659550457, 12.24825521059172 ], [ 92.880517688504838, 12.245109417070504 ] ] ], [ [ [ 93.072068878220563, 12.327650698174969 ], [ 93.073480762149259, 12.325173900856145 ], [ 93.063932177328894, 12.325556115881051 ], [ 93.068078383862087, 12.327839731933771 ], [ 93.072068878220563, 12.327650698174969 ] ] ], [ [ [ 92.916037241027269, 13.057845943751365 ], [ 92.913519970260012, 13.060912529047911 ], [ 92.914787715908105, 13.063043860679763 ], [ 92.916774797401402, 13.060232636788063 ], [ 92.916037241027269, 13.057845943751365 ] ] ], [ [ [ 93.000806239095397, 13.568747692968234 ], [ 92.997839648091016, 13.570174268294277 ], [ 92.999954252625415, 13.572543557865547 ], [ 93.002329580594662, 13.571026265150826 ], [ 93.000806239095397, 13.568747692968234 ] ] ], [ [ [ 92.725975187659728, 12.834719831583637 ], [ 92.723722733950012, 12.83207843572708 ], [ 92.726356225155456, 12.838805441414236 ], [ 92.726631945065606, 12.836803247207072 ], [ 92.725975187659728, 12.834719831583637 ] ] ], [ [ [ 93.091499851939432, 13.41138071173485 ], [ 93.090414870332509, 13.411696923567279 ], [ 93.093641122963078, 13.418377190758807 ], [ 93.093714827037161, 13.419678815807847 ], [ 93.09431088168607, 13.415918668265682 ], [ 93.091499851939432, 13.41138071173485 ] ] ], [ [ [ 92.603377649683679, 11.929209096900388 ], [ 92.601499677564817, 11.935392956521895 ], [ 92.603220919717771, 11.93608924611663 ], [ 92.604717441115895, 11.934719652694957 ], [ 92.603377649683679, 11.929209096900388 ] ] ], [ [ [ 92.582407462132849, 11.982373990817464 ], [ 92.583099425413039, 11.977892701541411 ], [ 92.581020473215645, 11.977178321294479 ], [ 92.580028101626326, 11.978248692772766 ], [ 92.582407462132849, 11.982373990817464 ] ] ], [ [ [ 92.874284853670133, 13.540559483277484 ], [ 92.876895185409253, 13.5377621707439 ], [ 92.874826053594532, 13.535488092757667 ], [ 92.873181170935638, 13.538398554977496 ], [ 92.874284853670133, 13.540559483277484 ] ] ], [ [ [ 92.876573730471335, 12.294113564868002 ], [ 92.876520596020626, 12.296753008905988 ], [ 92.878758698245321, 12.297951366889606 ], [ 92.879379368529641, 12.296469155180892 ], [ 92.876573730471335, 12.294113564868002 ] ] ], [ [ [ 92.965867941477583, 13.332605699428392 ], [ 92.96445361323299, 13.335601048102189 ], [ 92.967492034425817, 13.337536972517078 ], [ 92.965707423316061, 13.334541580527775 ], [ 92.965867941477583, 13.332605699428392 ] ] ], [ [ [ 93.621724524001692, 7.47899487268799 ], [ 93.619817937846022, 7.480410832041379 ], [ 93.619845103798554, 7.483037416520747 ], [ 93.622082297826523, 7.481978434446283 ], [ 93.621724524001692, 7.47899487268799 ] ] ], [ [ [ 92.794944343422912, 13.168498447004509 ], [ 92.792797090517809, 13.169122058037246 ], [ 92.793258240668905, 13.170927878540967 ], [ 92.795668371168873, 13.170347244601457 ], [ 92.794944343422912, 13.168498447004509 ] ] ], [ [ [ 92.844573740401202, 12.414929393587052 ], [ 92.842605598089037, 12.416079862932277 ], [ 92.843300243738668, 12.418005247405601 ], [ 92.84554658800613, 12.416716860490459 ], [ 92.844573740401202, 12.414929393587052 ] ] ], [ [ [ 92.724723714993004, 11.686025242290491 ], [ 92.722398814850592, 11.686417861426166 ], [ 92.722366864470885, 11.687822191652621 ], [ 92.726140942999322, 11.687141544248819 ], [ 92.724723714993004, 11.686025242290491 ] ] ], [ [ [ 92.723052192794384, 11.140837813373775 ], [ 92.721734392120368, 11.14337367527099 ], [ 92.724169623345986, 11.143667522482183 ], [ 92.724695771997773, 11.142397325137566 ], [ 92.723052192794384, 11.140837813373775 ] ] ], [ [ [ 92.890944851724242, 12.937707722277732 ], [ 92.891308871535259, 12.936401331688971 ], [ 92.887830020731656, 12.934298977733887 ], [ 92.889051038713632, 12.937680426479044 ], [ 92.890944851724242, 12.937707722277732 ] ] ], [ [ [ 92.722903586293555, 12.622686873472501 ], [ 92.723377336214853, 12.620241693523294 ], [ 92.720038353101017, 12.618603689430399 ], [ 92.721458518598283, 12.622259951539347 ], [ 92.722903586293555, 12.622686873472501 ] ] ], [ [ [ 92.728005862597144, 13.090869996887623 ], [ 92.728103223804254, 13.093274276530391 ], [ 92.730324144850854, 13.095417657502567 ], [ 92.730877326504498, 13.094653560057449 ], [ 92.728005862597144, 13.090869996887623 ] ] ], [ [ [ 92.913953316654769, 13.06271160214334 ], [ 92.91246422432404, 13.063561201593945 ], [ 92.912991938739367, 13.067272171903118 ], [ 92.914395845628349, 13.064011141285482 ], [ 92.913953316654769, 13.06271160214334 ] ] ], [ [ [ 92.741012504018869, 11.96510176197647 ], [ 92.74203703888864, 11.967499662998971 ], [ 92.743983007186316, 11.966861081043151 ], [ 92.743257359777928, 11.965858823885796 ], [ 92.741012504018869, 11.96510176197647 ] ] ], [ [ [ 93.085723990988043, 12.228705735328477 ], [ 93.085388864589845, 12.227150526153745 ], [ 93.08176830365187, 12.225278178918435 ], [ 93.083973230194843, 12.228705379765849 ], [ 93.085723990988043, 12.228705735328477 ] ] ], [ [ [ 92.722134631105291, 11.951383472629098 ], [ 92.722516311794806, 11.954301320580658 ], [ 92.724544894555919, 11.954015318086984 ], [ 92.724255490609053, 11.953071425278473 ], [ 92.722134631105291, 11.951383472629098 ] ] ], [ [ [ 92.89957293017801, 12.258442001950693 ], [ 92.89838497109686, 12.259537728185149 ], [ 92.899281028914672, 12.262412346471312 ], [ 92.900059906893546, 12.261628385917042 ], [ 92.89957293017801, 12.258442001950693 ] ] ], [ [ [ 93.060393987410919, 13.224755983590772 ], [ 93.05895422875895, 13.226988330443403 ], [ 93.05957213133388, 13.228267531155289 ], [ 93.060813207797807, 13.227630559456266 ], [ 93.060393987410919, 13.224755983590772 ] ] ], [ [ [ 92.722766462058715, 12.254485789798967 ], [ 92.720997404379787, 12.255358767408126 ], [ 92.72129649126714, 12.256348531811682 ], [ 92.723879244726987, 12.256103533433039 ], [ 92.722766462058715, 12.254485789798967 ] ] ], [ [ [ 93.834630819486037, 7.287952102006466 ], [ 93.833878855033049, 7.290203683874286 ], [ 93.837487474665934, 7.291420190259381 ], [ 93.837374360601984, 7.290800757001876 ], [ 93.834630819486037, 7.287952102006466 ] ] ], [ [ [ 92.627230926240017, 11.542962962836334 ], [ 92.626373908306121, 11.544780336867316 ], [ 92.627827953764367, 11.548025643872291 ], [ 92.628001955638254, 11.546886472277281 ], [ 92.627230926240017, 11.542962962836334 ] ] ], [ [ [ 93.058987496068866, 13.222292455204228 ], [ 93.057312661781822, 13.223625331774683 ], [ 93.056910733065791, 13.226355081588073 ], [ 93.058184088692855, 13.225758807087741 ], [ 93.058987496068866, 13.222292455204228 ] ] ], [ [ [ 92.865164051079631, 12.305972419163089 ], [ 92.865319644676717, 12.303791652743241 ], [ 92.863379775041508, 12.302971588999977 ], [ 92.863093001361761, 12.30433876246086 ], [ 92.865164051079631, 12.305972419163089 ] ] ], [ [ [ 92.898437883663718, 12.409575134522303 ], [ 92.896692735544406, 12.409547757519798 ], [ 92.89746036571762, 12.411904993306829 ], [ 92.898035265041585, 12.411629337608266 ], [ 92.898437883663718, 12.409575134522303 ] ] ], [ [ [ 92.57742648983367, 11.582396198654573 ], [ 92.576082965003167, 11.584113991868668 ], [ 92.577834647467839, 11.584959219207461 ], [ 92.578504102560288, 11.583476509128511 ], [ 92.57742648983367, 11.582396198654573 ] ] ], [ [ [ 92.931755039299006, 13.049433064466626 ], [ 92.93077782588179, 13.051670465590975 ], [ 92.931155958225901, 13.053401670019067 ], [ 92.93245585727297, 13.05167953521976 ], [ 92.931755039299006, 13.049433064466626 ] ] ], [ [ [ 92.564940599087166, 11.567727961461051 ], [ 92.564028090421587, 11.56922872241681 ], [ 92.566453671046091, 11.570548653824975 ], [ 92.566650848556009, 11.570087574970982 ], [ 92.564940599087166, 11.567727961461051 ] ] ], [ [ [ 93.599021469199783, 8.583601480481192 ], [ 93.599080573853897, 8.582159306890309 ], [ 93.598476522402322, 8.580522722271471 ], [ 93.596709477847995, 8.583113171754382 ], [ 93.599021469199783, 8.583601480481192 ] ] ], [ [ [ 92.986621661096095, 12.998734035680203 ], [ 92.985663511725832, 13.000090442276557 ], [ 92.987747142349249, 13.001070797122269 ], [ 92.987967737142029, 12.999420766577424 ], [ 92.986621661096095, 12.998734035680203 ] ] ], [ [ [ 92.763920239958281, 12.296626520057238 ], [ 92.762607748327568, 12.297451112364921 ], [ 92.76479306464789, 12.299460691071166 ], [ 92.764970423526037, 12.297618880066356 ], [ 92.763920239958281, 12.296626520057238 ] ] ], [ [ [ 93.076445057958097, 13.363909626382757 ], [ 93.07565123650447, 13.363416832510492 ], [ 93.072881357682661, 13.365115583288427 ], [ 93.074455189890784, 13.365947517792625 ], [ 93.076445057958097, 13.363909626382757 ] ] ], [ [ [ 92.669132920821184, 12.953972734213298 ], [ 92.668158566741511, 12.952517354930926 ], [ 92.66660793352564, 12.953104812406149 ], [ 92.668565845823366, 12.956029054985528 ], [ 92.669132920821184, 12.953972734213298 ] ] ], [ [ [ 92.911393901425939, 12.332059338594481 ], [ 92.910118390740536, 12.333589002938805 ], [ 92.91072058267946, 12.335503180944379 ], [ 92.911681303028033, 12.333639011980452 ], [ 92.911393901425939, 12.332059338594481 ] ] ], [ [ [ 93.060833607639594, 13.383457446075635 ], [ 93.060099184589191, 13.385093320836502 ], [ 93.062448557534879, 13.386232859491031 ], [ 93.062476449326141, 13.385491664296111 ], [ 93.060833607639594, 13.383457446075635 ] ] ], [ [ [ 92.892069105878718, 12.897077574293835 ], [ 92.890654732718403, 12.897375804051366 ], [ 92.891456361430158, 12.899143392565785 ], [ 92.892875350134432, 12.898691460812547 ], [ 92.892069105878718, 12.897077574293835 ] ] ], [ [ [ 93.09759952949959, 12.134279895826907 ], [ 93.096442381734363, 12.135089233195952 ], [ 93.097046568831502, 12.13705127160752 ], [ 93.098433890125364, 12.136585497154808 ], [ 93.09759952949959, 12.134279895826907 ] ] ], [ [ [ 92.753665903616408, 12.293268273414073 ], [ 92.752346856979088, 12.292721056389105 ], [ 92.751275783987722, 12.292799808861748 ], [ 92.752707183815957, 12.294646552147585 ], [ 92.753665903616408, 12.293268273414073 ] ] ], [ [ [ 92.739269887352052, 12.110510433552239 ], [ 92.738608634776469, 12.110926530876892 ], [ 92.74038723076707, 12.11312243500851 ], [ 92.740666794568298, 12.111721170172704 ], [ 92.739269887352052, 12.110510433552239 ] ] ], [ [ [ 92.729584733455653, 12.856824228849227 ], [ 92.730634537934378, 12.856308854347569 ], [ 92.728635354337541, 12.854740883769603 ], [ 92.728184355149168, 12.855739748614555 ], [ 92.729584733455653, 12.856824228849227 ] ] ], [ [ [ 92.701462993249223, 12.638463817017767 ], [ 92.700298653571835, 12.639404010717763 ], [ 92.701559764263223, 12.640827662909127 ], [ 92.702296118691521, 12.639995952918992 ], [ 92.701462993249223, 12.638463817017767 ] ] ], [ [ [ 92.670720582593091, 12.95178106594707 ], [ 92.670757586894595, 12.950027448683295 ], [ 92.668799291914567, 12.95042954617543 ], [ 92.669292203799159, 12.95182604276606 ], [ 92.670720582593091, 12.95178106594707 ] ] ], [ [ [ 92.67043055521539, 12.949471505229219 ], [ 92.672043209915145, 12.949562111917327 ], [ 92.67184984755022, 12.948346301277201 ], [ 92.669324809050707, 12.948662459014306 ], [ 92.67043055521539, 12.949471505229219 ] ] ], [ [ [ 92.9097937234272, 12.913980620324017 ], [ 92.908342418728907, 12.914287986872585 ], [ 92.910756862938825, 12.916579920299913 ], [ 92.91050328919539, 12.914364873543686 ], [ 92.9097937234272, 12.913980620324017 ] ] ], [ [ [ 92.881197735632824, 12.239179322979096 ], [ 92.880467045082412, 12.239753377853125 ], [ 92.881570031622516, 12.241705911656586 ], [ 92.882126079800244, 12.240621116641865 ], [ 92.881197735632824, 12.239179322979096 ] ] ], [ [ [ 92.667158821780362, 12.951256391822195 ], [ 92.668232463953416, 12.951012458787529 ], [ 92.668287989719474, 12.949421653370727 ], [ 92.666163692363128, 12.950180553883531 ], [ 92.667158821780362, 12.951256391822195 ] ] ], [ [ [ 92.675453053036904, 12.949035897543771 ], [ 92.674734282231995, 12.948317186533965 ], [ 92.672038721931983, 12.948811832917414 ], [ 92.674480743522821, 12.949718254403829 ], [ 92.675453053036904, 12.949035897543771 ] ] ], [ [ [ 93.092421008686273, 12.218440354317805 ], [ 93.092122322447565, 12.218499070076502 ], [ 93.093159911634999, 12.22343139925426 ], [ 93.09335802698611, 12.220465817021191 ], [ 93.092421008686273, 12.218440354317805 ] ] ], [ [ [ 92.905094206781243, 12.338430806256433 ], [ 92.904193208229387, 12.33870629000579 ], [ 92.903853060248736, 12.340945676629591 ], [ 92.905227551803719, 12.339976511200726 ], [ 92.905094206781243, 12.338430806256433 ] ] ], [ [ [ 93.01453039727393, 13.339013618094601 ], [ 93.013677361571709, 13.337286752193702 ], [ 93.012546603614567, 13.337286233860258 ], [ 93.013072043495612, 13.338791493150195 ], [ 93.01453039727393, 13.339013618094601 ] ] ], [ [ [ 92.654311261215653, 12.770364731587634 ], [ 92.653850937514619, 12.771557857193763 ], [ 92.655365449472939, 12.774161300175585 ], [ 92.655393149024704, 12.773392977518922 ], [ 92.654311261215653, 12.770364731587634 ] ] ], [ [ [ 93.494913944835304, 8.048864281721913 ], [ 93.494972764723485, 8.048326245163548 ], [ 93.49349348738555, 8.047096876915523 ], [ 93.493090166280894, 8.048625144271398 ], [ 93.494913944835304, 8.048864281721913 ] ] ], [ [ [ 92.643632572411647, 11.513273614022017 ], [ 92.643128532197323, 11.514227552069386 ], [ 92.644471951026631, 11.514991125683112 ], [ 92.644595548429947, 11.5142859117658 ], [ 92.643632572411647, 11.513273614022017 ] ] ], [ [ [ 93.006792147719764, 13.335525399722112 ], [ 93.006883846845668, 13.336750250242222 ], [ 93.008134576605642, 13.336800567154354 ], [ 93.007595030479692, 13.335891872613646 ], [ 93.006792147719764, 13.335525399722112 ] ] ], [ [ [ 93.080760177409104, 13.367602929454616 ], [ 93.079744518792694, 13.368416251091656 ], [ 93.080856789421304, 13.369315849272198 ], [ 93.081424760937765, 13.368186073306164 ], [ 93.080760177409104, 13.367602929454616 ] ] ], [ [ [ 93.899798329221312, 7.081290643737309 ], [ 93.89858085239824, 7.08170218662818 ], [ 93.898512981085233, 7.082344228070806 ], [ 93.900097069358964, 7.082163245381775 ], [ 93.899798329221312, 7.081290643737309 ] ] ], [ [ [ 93.092907126612388, 12.223747808707543 ], [ 93.091597276028608, 12.225112845368661 ], [ 93.090025574624377, 12.226039314710414 ], [ 93.092309511589832, 12.225153659242313 ], [ 93.092907126612388, 12.223747808707543 ] ] ], [ [ [ 92.766974739198062, 12.916300166418967 ], [ 92.766246332165082, 12.91714505274175 ], [ 92.76692777976659, 12.91779599519141 ], [ 92.76734764963544, 12.916729585717595 ], [ 92.766974739198062, 12.916300166418967 ] ] ], [ [ [ 93.453149640427611, 8.138262438576076 ], [ 93.452591616854576, 8.1387463133712 ], [ 93.454238829743304, 8.13905344137765 ], [ 93.454166144358723, 8.138655590281934 ], [ 93.453149640427611, 8.138262438576076 ] ] ], [ [ [ 92.593375311440283, 11.589143895003359 ], [ 92.592178505750184, 11.589645774441035 ], [ 92.592361981257056, 11.590373533532155 ], [ 92.593641302595913, 11.589510017680784 ], [ 92.593375311440283, 11.589143895003359 ] ] ], [ [ [ 93.019123875885398, 12.223314390451606 ], [ 93.018562923804552, 12.224096213711002 ], [ 93.020042541603956, 12.224196132922364 ], [ 93.020084076109455, 12.223780283156611 ], [ 93.019123875885398, 12.223314390451606 ] ] ], [ [ [ 93.579687511734974, 8.095793172357714 ], [ 93.579265499384164, 8.096823891684824 ], [ 93.579696326902848, 8.09808531758782 ], [ 93.579982169927945, 8.097696556953746 ], [ 93.579687511734974, 8.095793172357714 ] ] ], [ [ [ 92.726178087438015, 12.654682272354034 ], [ 92.72529889548963, 12.654628214610412 ], [ 92.724659083903262, 12.653909610591523 ], [ 92.725078095881031, 12.655482483389479 ], [ 92.726178087438015, 12.654682272354034 ] ] ], [ [ [ 93.62462633120272, 8.398166368908118 ], [ 93.625375449792884, 8.397384196746229 ], [ 93.624689871737715, 8.396760274000236 ], [ 93.624381159402134, 8.397985522834151 ], [ 93.62462633120272, 8.398166368908118 ] ] ], [ [ [ 93.22935711027435, 8.223032920027778 ], [ 93.228658461731825, 8.223724836683393 ], [ 93.229053442877387, 8.224375747035046 ], [ 93.229448106019362, 8.223878320853652 ], [ 93.22935711027435, 8.223032920027778 ] ] ], [ [ [ 93.631926862261636, 8.39501047778276 ], [ 93.632330934357896, 8.39496073514084 ], [ 93.632848490624042, 8.394372969352153 ], [ 93.63103245195407, 8.395073791599511 ], [ 93.631926862261636, 8.39501047778276 ] ] ], [ [ [ 92.669241434612573, 12.952174058452703 ], [ 92.66872298542107, 12.952616885809265 ], [ 92.669354115688549, 12.953163761270911 ], [ 92.669851933272909, 12.952761662063496 ], [ 92.669241434612573, 12.952174058452703 ] ] ], [ [ [ 93.51345133649329, 8.074957719567745 ], [ 93.512970348845741, 8.075463923498363 ], [ 93.513632520397877, 8.075907205734442 ], [ 93.514036418220968, 8.075301512318811 ], [ 93.51345133649329, 8.074957719567745 ] ] ], [ [ [ 92.863835202025939, 12.912985852591964 ], [ 92.862747770713241, 12.913794811345301 ], [ 92.862858289544349, 12.914301129520794 ], [ 92.863595536898032, 12.913722647457316 ], [ 92.863835202025939, 12.912985852591964 ] ] ], [ [ [ 93.455209988515492, 8.139573194424186 ], [ 93.454493009849585, 8.139397005941115 ], [ 93.455981538038301, 8.140291916143038 ], [ 93.45591792743474, 8.139898582854418 ], [ 93.455209988515492, 8.139573194424186 ] ] ], [ [ [ 92.667467445182737, 12.952173769550939 ], [ 92.668043390145698, 12.951780677242272 ], [ 92.668034331534372, 12.951446226297167 ], [ 92.666873073976717, 12.951780627340982 ], [ 92.667467445182737, 12.952173769550939 ] ] ], [ [ [ 93.078385683974801, 13.377278775988538 ], [ 93.079101266658782, 13.376826964193183 ], [ 93.079225977973024, 13.376433788896994 ], [ 93.078570491683266, 13.376442702261825 ], [ 93.078385683974801, 13.377278775988538 ] ] ], [ [ [ 93.076537237682643, 13.433257121733002 ], [ 93.077132898869465, 13.433022223150969 ], [ 93.075900153381454, 13.432832161185019 ], [ 93.075918564353231, 13.4331214143855 ], [ 93.076537237682643, 13.433257121733002 ] ] ], [ [ [ 93.453620308229176, 8.132339560524738 ], [ 93.453280040772583, 8.132570207253737 ], [ 93.453788400086808, 8.13331611169361 ], [ 93.453997036506493, 8.132882035394653 ], [ 93.453620308229176, 8.132339560524738 ] ] ], [ [ [ 92.72535946709263, 11.995440618103725 ], [ 92.724822340129734, 11.995553947507851 ], [ 92.725520358054965, 11.996176917444599 ], [ 92.725648800072591, 11.995783770367195 ], [ 92.72535946709263, 11.995440618103725 ] ] ], [ [ [ 93.622267965222704, 7.478176333637254 ], [ 93.621869440223307, 7.478434218614089 ], [ 93.6219781300845, 7.478845558459618 ], [ 93.622526102407804, 7.478601161199445 ], [ 93.622267965222704, 7.478176333637254 ] ] ], [ [ [ 93.578271983341182, 8.096986488077491 ], [ 93.578045112019566, 8.09738881923921 ], [ 93.578616700153376, 8.097501935924384 ], [ 93.578702928539158, 8.097203565685488 ], [ 93.578271983341182, 8.096986488077491 ] ] ], [ [ [ 93.457290909820017, 8.131167858899468 ], [ 93.456950598345998, 8.131172447606925 ], [ 93.45672378002493, 8.131434722387095 ], [ 93.457295545126868, 8.131615458608577 ], [ 93.457290909820017, 8.131167858899468 ] ] ], [ [ [ 92.670587410945487, 12.948251259872862 ], [ 92.670882291022338, 12.948088641459677 ], [ 92.669928527227299, 12.947763215212211 ], [ 92.669974649428951, 12.947966483881338 ], [ 92.670587410945487, 12.948251259872862 ] ] ], [ [ [ 93.579143193758256, 8.095255087124983 ], [ 93.578626023767711, 8.095340903613653 ], [ 93.578544317501041, 8.095761342066341 ], [ 93.578916313453448, 8.095734276089029 ], [ 93.579143193758256, 8.095255087124983 ] ] ], [ [ [ 93.513844373684591, 8.06464978064589 ], [ 93.513481439038458, 8.064794337222137 ], [ 93.513608342241994, 8.06517866995371 ], [ 93.51393043678037, 8.065083833564069 ], [ 93.513844373684591, 8.06464978064589 ] ] ], [ [ [ 93.514618787036511, 8.069148511620407 ], [ 93.514305736736404, 8.069333773610408 ], [ 93.514369133540967, 8.069722608717978 ], [ 93.514709408184075, 8.069514747618756 ], [ 93.514618787036511, 8.069148511620407 ] ] ], [ [ [ 93.454309784972665, 8.131263382260979 ], [ 93.454069296089614, 8.131263428503779 ], [ 93.453924129238032, 8.131421697046989 ], [ 93.454514041207005, 8.131588870812422 ], [ 93.454309784972665, 8.131263382260979 ] ] ], [ [ [ 93.456261214128972, 8.132651018904058 ], [ 93.456057056709298, 8.132795736928449 ], [ 93.456084344832689, 8.133085088338904 ], [ 93.456379277011791, 8.133053382832617 ], [ 93.456261214128972, 8.132651018904058 ] ] ], [ [ [ 93.45497200413547, 8.130047049520826 ], [ 93.454758791697756, 8.130286714042828 ], [ 93.454922194349606, 8.130535350426172 ], [ 93.4551172599203, 8.13030925122624 ], [ 93.45497200413547, 8.130047049520826 ] ] ], [ [ [ 93.455180571384901, 8.129310052339184 ], [ 93.454944639655295, 8.129386959781382 ], [ 93.455017296293803, 8.129653696396574 ], [ 93.455262290227964, 8.129513491264555 ], [ 93.455180571384901, 8.129310052339184 ] ] ], [ [ [ 93.456614974281109, 8.131873300913352 ], [ 93.456628536146951, 8.131642717811866 ], [ 93.456347212546078, 8.131656335407504 ], [ 93.456406250724839, 8.131891426275674 ], [ 93.456614974281109, 8.131873300913352 ] ] ] ] } },
{ "type": "Feature", "properties": { "Name": "Chandigarh" }, "geometry": { "type": "Polygon", "coordinates": [ [ [ 76.772320419349256, 30.794199803520971 ], [ 76.791184882212278, 30.767511139602686 ], [ 76.818302464034559, 30.778155609966745 ], [ 76.80503257131879, 30.765275670712096 ], [ 76.838073937873645, 30.754866398283095 ], [ 76.831489331756799, 30.739565119123121 ], [ 76.848267761003044, 30.730382651530139 ], [ 76.831874250872886, 30.683284350518608 ], [ 76.80858216175605, 30.667370533739213 ], [ 76.739301502591658, 30.692907872017944 ], [ 76.731080475945973, 30.723609479415146 ], [ 76.705163299363136, 30.742974478575988 ], [ 76.710207858011358, 30.760722452131407 ], [ 76.772320419349256, 30.794199803520971 ] ] ] } },
{ "type": "Feature", "properties": { "Name": "Daman and Diu and Dadra and Nagar Haveli" }, "geometry": { "type": "MultiPolygon", "coordinates": [ [ [ [ 72.963393599989217, 20.332267608198833 ], [ 72.98283937794406, 20.323102703792244 ], [ 72.971478759143324, 20.297190424045645 ], [ 72.952595301403619, 20.314578215201713 ], [ 72.963393599989217, 20.332267608198833 ] ] ], [ [ [ 73.097652782217878, 20.359477630113247 ], [ 73.111475620330239, 20.336942457487169 ], [ 73.102167486663731, 20.301889514749398 ], [ 73.149572911018424, 20.317529527888389 ], [ 73.165178692967459, 20.309401624076141 ], [ 73.165407188443169, 20.286263890059438 ], [ 73.144364935345138, 20.287916082145163 ], [ 73.097943217430668, 20.22930051332742 ], [ 73.063624654950999, 20.227643395066131 ], [ 73.049001222985893, 20.200866031523439 ], [ 73.060431657053968, 20.161901847992567 ], [ 73.07377481726256, 20.155628695846922 ], [ 73.079476791781744, 20.173246225275481 ], [ 73.11585181623758, 20.152180419614577 ], [ 73.14206249308485, 20.177370125151466 ], [ 73.137726854316099, 20.20759132027354 ], [ 73.217909907943124, 20.185933262391639 ], [ 73.185572034545203, 20.155843430054222 ], [ 73.187180230007854, 20.129456659669362 ], [ 73.21503191328361, 20.119236881117608 ], [ 73.210603292594797, 20.08589304517778 ], [ 73.189231058648645, 20.077428776205121 ], [ 73.192506142799729, 20.049734056114229 ], [ 73.137088359660027, 20.086053969214724 ], [ 73.112232583009401, 20.074436185058005 ], [ 73.064231537892226, 20.09859919422377 ], [ 73.052634040537612, 20.064546187213125 ], [ 73.039823149202618, 20.067338637323008 ], [ 73.001515250292925, 20.111922682862538 ], [ 73.012547264464445, 20.129638966586864 ], [ 72.998130892375798, 20.142875074355214 ], [ 72.991610222950939, 20.11685286394901 ], [ 72.972123231189357, 20.114915508453297 ], [ 72.96065454865311, 20.134274384172944 ], [ 72.977778893962522, 20.17963859016162 ], [ 72.961740547152928, 20.185010422370169 ], [ 72.966154304317101, 20.224881560611152 ], [ 72.911928808341713, 20.26952391755167 ], [ 72.932439089009733, 20.295390414547914 ], [ 72.973216294938766, 20.270359974880645 ], [ 72.981220775498741, 20.289859128144425 ], [ 73.010055260611182, 20.29119026303368 ], [ 73.00768404872268, 20.31251077118872 ], [ 73.034626154535658, 20.291448498076306 ], [ 73.042516296627852, 20.325108679112137 ], [ 73.077545323191202, 20.323035049412045 ], [ 73.097652782217878, 20.359477630113247 ] ], [ [ 72.982253076304119, 20.213941509989294 ], [ 73.001328097083146, 20.214445751193971 ], [ 73.008515448501214, 20.228966288089328 ], [ 72.979425555285488, 20.234041136507301 ], [ 72.982253076304119, 20.213941509989294 ] ] ], [ [ [ 72.866607708109768, 20.46338418387489 ], [ 72.88655369226916, 20.462328300071761 ], [ 72.895329098921209, 20.444300916472685 ], [ 72.874847218490743, 20.445567021528852 ], [ 72.857259397292012, 20.41891705923825 ], [ 72.904052142775186, 20.414970497799512 ], [ 72.882764509467506, 20.397842333015426 ], [ 72.89616017171312, 20.379060557988957 ], [ 72.804612323915819, 20.372264500694648 ], [ 72.827722647019939, 20.385132566234688 ], [ 72.843979473089561, 20.47648855155693 ], [ 72.866607708109768, 20.46338418387489 ] ] ], [ [ [ 70.930558060701344, 20.729386538943626 ], [ 70.946219036039793, 20.719550376660948 ], [ 70.999999343130114, 20.715889197709085 ], [ 70.979688365385812, 20.704871550105953 ], [ 70.93118783541108, 20.712865868849288 ], [ 70.91210189560968, 20.698922419505895 ], [ 70.875401316305144, 20.711988425233411 ], [ 70.902232741590296, 20.731871069503939 ], [ 70.930558060701344, 20.729386538943626 ] ] ], [ [ [ 71.005202306204012, 20.739005888469077 ], [ 71.013818739796747, 20.735676893888456 ], [ 70.984906408478537, 20.728098809079928 ], [ 71.002128512050248, 20.741712153178469 ], [ 71.005202306204012, 20.739005888469077 ] ] ], [ [ [ 71.154539400557724, 20.763518024125624 ], [ 71.157552024830466, 20.761724021598809 ], [ 71.145490482054527, 20.757048038187168 ], [ 71.146341714837988, 20.763238905658277 ], [ 71.154539400557724, 20.763518024125624 ] ] ] ] } },
{ "type": "Feature", "properties": { "Name": "Delhi" }, "geometry": { "type": "Polygon", "coordinates": [ [ [ 77.105909383288747, 28.87004610053317 ], [ 77.140304352873272, 28.862099361193124 ], [ 77.145744897881926, 28.837982071789302 ], [ 77.175385323619494, 28.858361873318625 ], [ 77.213544811861212, 28.856035788053966 ], [ 77.224384760835122, 28.825361451914791 ], [ 77.218954738691693, 28.808278085153027 ], [ 77.201293015789531, 28.812981025077548 ], [ 77.20261667258093, 28.792501432955856 ], [ 77.234139107466277, 28.783757757552632 ], [ 77.221859422298266, 28.777430123709284 ], [ 77.290759183205765, 28.722423332370397 ], [ 77.291508518289916, 28.706192014578569 ], [ 77.331070102416959, 28.713140563360525 ], [ 77.316257259775952, 28.641253384412195 ], [ 77.342408513067312, 28.608923034308827 ], [ 77.31339001435714, 28.596626092777417 ], [ 77.297086434570119, 28.566007365194142 ], [ 77.347400478948941, 28.518423118565078 ], [ 77.314099571142194, 28.483632937291684 ], [ 77.290264656150299, 28.496566274882557 ], [ 77.243301090626019, 28.478846323052103 ], [ 77.23291877669547, 28.457942860786535 ], [ 77.25016698710607, 28.426115439322626 ], [ 77.216609455775469, 28.40975383789652 ], [ 77.174400638914079, 28.404704831119162 ], [ 77.162262733949063, 28.428967875749887 ], [ 77.128500451412407, 28.440962472990144 ], [ 77.11089635004582, 28.471357052389305 ], [ 77.120693011818418, 28.496296471934617 ], [ 77.094684790981574, 28.513826923519659 ], [ 77.05994975695971, 28.512323994888149 ], [ 77.006638657908596, 28.541359792418149 ], [ 77.010263919730434, 28.514688191554949 ], [ 76.978096577116105, 28.521337570446544 ], [ 76.948779942834506, 28.504054698606343 ], [ 76.907984153457136, 28.51375231400079 ], [ 76.883926679056955, 28.50076502303488 ], [ 76.887114626625447, 28.520588275681586 ], [ 76.842497241434344, 28.556100999620384 ], [ 76.839563199087621, 28.582489250121103 ], [ 76.86427870021322, 28.585775449958806 ], [ 76.887780919648094, 28.631639070082809 ], [ 76.934531382329098, 28.618323615704369 ], [ 76.943732221218127, 28.628253242638081 ], [ 76.925029279036451, 28.649939195776376 ], [ 76.953420443759541, 28.667318616105867 ], [ 76.967793854818055, 28.699621005117638 ], [ 76.948238616247679, 28.712811543629208 ], [ 76.960012416061687, 28.732760680057957 ], [ 76.944595375543727, 28.754072135490986 ], [ 76.955876362287825, 28.767396265176082 ], [ 76.948329128699058, 28.815419024122559 ], [ 76.994797177224413, 28.839560719068398 ], [ 77.040003148471129, 28.831839296186168 ], [ 77.082400697780486, 28.883818433825901 ], [ 77.105909383288747, 28.87004610053317 ] ] ] } },
{ "type": "Feature", "properties": { "Name": "Haryana" }, "geometry": { "type": "Polygon", "coordinates": [ [ [ 76.575256304667519, 30.100625364278265 ], [ 76.642240015667838, 30.149685544759905 ], [ 76.603363604455737, 30.193107724079514 ], [ 76.614168525421775, 30.204488823358158 ], [ 76.640823658129023, 30.193351967168052 ], [ 76.63591440372889, 30.168636477084149 ], [ 76.656017256194815, 30.186189165831937 ], [ 76.653315954761837, 30.20109907419365 ], [ 76.615774285551709, 30.209060971055788 ], [ 76.627378753833, 30.2240941046187 ], [ 76.596230321736428, 30.237418180666907 ], [ 76.596104395899914, 30.255713431142052 ], [ 76.562664010272258, 30.22577041940815 ], [ 76.54804982107315, 30.222497656972898 ], [ 76.556663352209227, 30.262490153724062 ], [ 76.623416999275392, 30.264601866130821 ], [ 76.688579736261602, 30.327324557720644 ], [ 76.746079376750302, 30.349587518436465 ], [ 76.745405042907578, 30.367881902486531 ], [ 76.719897043546766, 30.363380619876654 ], [ 76.731228414100201, 30.379715676672955 ], [ 76.712832439725844, 30.390257008513533 ], [ 76.74103753281085, 30.426271214958522 ], [ 76.77723794992815, 30.441273546811161 ], [ 76.789608806910934, 30.415019821098493 ], [ 76.823373710731587, 30.411600349949893 ], [ 76.846776805566407, 30.438133243843673 ], [ 76.856114837860616, 30.417700469723886 ], [ 76.883352411248651, 30.408699536485685 ], [ 76.897516909206388, 30.35935103904654 ], [ 76.939167945938237, 30.391944630869389 ], [ 76.911189867006982, 30.399910434823877 ], [ 76.90653908666016, 30.435819915755694 ], [ 76.886419865991414, 30.429676079443194 ], [ 76.91226614573543, 30.46580002926617 ], [ 76.898945956346893, 30.488847914835933 ], [ 76.931133829058737, 30.500920703586662 ], [ 76.932005806637022, 30.522240034101785 ], [ 76.886487465114868, 30.549881532737153 ], [ 76.916150758366314, 30.553718067848092 ], [ 76.90964524262202, 30.591929949675844 ], [ 76.925998722026449, 30.610118258963663 ], [ 76.871205505164482, 30.642177343528189 ], [ 76.876432784734789, 30.680558174618614 ], [ 76.853008671118957, 30.657248336455197 ], [ 76.831527602682854, 30.664801964595689 ], [ 76.825145352863572, 30.688301650080032 ], [ 76.849435072307415, 30.718327501168758 ], [ 76.831489331756799, 30.739565119123121 ], [ 76.856974915456348, 30.794801793203348 ], [ 76.846687456433301, 30.833960128724886 ], [ 76.813985603648518, 30.843041094157119 ], [ 76.777387340658194, 30.896653668473196 ], [ 76.822391212525545, 30.92859808315966 ], [ 76.869566678048969, 30.873177065704553 ], [ 76.916860297185053, 30.90082055717021 ], [ 76.951238894075217, 30.850577489923211 ], [ 76.942626968228538, 30.817483769846142 ], [ 76.968349396345985, 30.825445731295417 ], [ 77.012245608637073, 30.809898058942252 ], [ 77.018579442855852, 30.780078159647779 ], [ 77.001109298264439, 30.770041555441992 ], [ 77.018605994360684, 30.765312482398233 ], [ 77.028188444768958, 30.734514594843542 ], [ 77.049358450876682, 30.749321331880939 ], [ 77.095811153482018, 30.738770802479912 ], [ 77.167185959846833, 30.683956142584325 ], [ 77.172314680755747, 30.601309502920913 ], [ 77.122809296202433, 30.563341330544201 ], [ 77.144716640393668, 30.539078083113569 ], [ 77.195678362905809, 30.522618432992552 ], [ 77.210734435189778, 30.464776219489238 ], [ 77.226480034522936, 30.480453100738242 ], [ 77.268915752350395, 30.481330589995888 ], [ 77.320854222952434, 30.445831783855951 ], [ 77.354173228218869, 30.45824370505245 ], [ 77.364260802209699, 30.432651702844897 ], [ 77.387139668990812, 30.440047307881073 ], [ 77.407281038521177, 30.427163048944482 ], [ 77.404722856679257, 30.408644646903117 ], [ 77.456479647506654, 30.455662466626052 ], [ 77.458947801987435, 30.432872081443577 ], [ 77.422322689251601, 30.409726865226641 ], [ 77.443240060355336, 30.395396362278614 ], [ 77.502484889387532, 30.404668441362585 ], [ 77.523202464392284, 30.443531043782695 ], [ 77.554798047294568, 30.390921108008669 ], [ 77.604346809696338, 30.368542770123103 ], [ 77.578279224592222, 30.329869272160675 ], [ 77.583548785167977, 30.307416694669786 ], [ 77.538252101145559, 30.278573844255931 ], [ 77.47724575668957, 30.182433528682321 ], [ 77.424081871750602, 30.157142851174648 ], [ 77.423500153315317, 30.130928578469604 ], [ 77.402497753975027, 30.111023499394243 ], [ 77.420780359163885, 30.101614855487213 ], [ 77.378788269847931, 30.091430102133899 ], [ 77.334294894386829, 30.05379034842824 ], [ 77.277775176634236, 30.041862256584064 ], [ 77.276008468049781, 29.996091818470372 ], [ 77.246930410137992, 29.976734880335925 ], [ 77.21748428550481, 29.923452887401901 ], [ 77.18576343433277, 29.907562730555231 ], [ 77.202036932235899, 29.8689387011616 ], [ 77.178254141988361, 29.845833562857074 ], [ 77.179203658548701, 29.812702403850611 ], [ 77.11981081231049, 29.760110045142959 ], [ 77.156556515788395, 29.692617345948968 ], [ 77.131522267247206, 29.641870415897884 ], [ 77.106211589126758, 29.632360595472658 ], [ 77.109526351863892, 29.597469950321248 ], [ 77.083955518043922, 29.587274711715281 ], [ 77.12683691074507, 29.559485003701784 ], [ 77.096370707784303, 29.51952946335485 ], [ 77.133303268926113, 29.483110414668854 ], [ 77.123205390360653, 29.455422262056658 ], [ 77.148416972627146, 29.434131091069673 ], [ 77.133250206340591, 29.40089351421085 ], [ 77.157400384183134, 29.387362211092789 ], [ 77.123284248069552, 29.370389516654782 ], [ 77.129523005496964, 29.342628829895204 ], [ 77.161153681085821, 29.332411038960764 ], [ 77.138942832092681, 29.267888347626656 ], [ 77.149988725235403, 29.232802273855619 ], [ 77.131404244788513, 29.217532486392209 ], [ 77.149072405018018, 29.117691203127233 ], [ 77.133965665057048, 29.096050240860766 ], [ 77.163757069746083, 29.079474883760479 ], [ 77.166960594999935, 29.033858420650144 ], [ 77.189121229965295, 29.027712822399931 ], [ 77.202334179373523, 28.987253918083532 ], [ 77.195470227746043, 28.940498037774979 ], [ 77.232351342371544, 28.919773521127862 ], [ 77.22808737568775, 28.881236199202604 ], [ 77.195452656699089, 28.886247633488381 ], [ 77.189309287778471, 28.86804260259122 ], [ 77.209903982235502, 28.857756876334371 ], [ 77.175385323619494, 28.858361873318625 ], [ 77.157084026286199, 28.836739563173669 ], [ 77.142401396242221, 28.838899064899838 ], [ 77.140304352873272, 28.862099361193124 ], [ 77.120916656391572, 28.858354203996921 ], [ 77.082400697780486, 28.883818433825901 ], [ 77.040003148471129, 28.831839296186168 ], [ 76.994797177224413, 28.839560719068398 ], [ 76.950809382588403, 28.818309373883007 ], [ 76.944595375543727, 28.754072135490986 ], [ 76.960012416061687, 28.732760680057957 ], [ 76.948238616247679, 28.712811543629208 ], [ 76.967793854818055, 28.699621005117638 ], [ 76.953420443759541, 28.667318616105867 ], [ 76.925029279036451, 28.649939195776376 ], [ 76.943732221218127, 28.628253242638081 ], [ 76.934531382329098, 28.618323615704369 ], [ 76.888267472358791, 28.631932944291172 ], [ 76.86603268775491, 28.587736575921475 ], [ 76.838949092793101, 28.573045827557213 ], [ 76.845447016874914, 28.550218413050697 ], [ 76.887114626625447, 28.520588275681586 ], [ 76.883926679056955, 28.50076502303488 ], [ 76.907984153457136, 28.51375231400079 ], [ 76.948779942834506, 28.504054698606343 ], [ 76.978096577116105, 28.521337570446544 ], [ 77.010263919730434, 28.514688191554949 ], [ 77.006638657908596, 28.541359792418149 ], [ 77.05994975695971, 28.512323994888149 ], [ 77.094684790981574, 28.513826923519659 ], [ 77.120693011818418, 28.496296471934617 ], [ 77.11089635004582, 28.471357052389305 ], [ 77.12380938432004, 28.445392660173233 ], [ 77.162262733949063, 28.428967875749887 ], [ 77.174400638914079, 28.404704831119162 ], [ 77.249305967177591, 28.42421023830482 ], [ 77.246568628030332, 28.452733812409399 ], [ 77.23291877669547, 28.457942860786535 ], [ 77.243301090626019, 28.478846323052103 ], [ 77.290264656150299, 28.496566274882557 ], [ 77.314099571142194, 28.483632937291684 ], [ 77.345437004282999, 28.513275339120039 ], [ 77.3717365613429, 28.498462920867929 ], [ 77.380470480201765, 28.470299227784718 ], [ 77.408098422784747, 28.467197265710141 ], [ 77.400058829775276, 28.455667993598663 ], [ 77.433442406842644, 28.454940240962419 ], [ 77.435525537104468, 28.430976447319583 ], [ 77.477631534595091, 28.419078433591739 ], [ 77.473449431383116, 28.397005746562755 ], [ 77.504830103133472, 28.370016935937898 ], [ 77.471223934318445, 28.334851496292213 ], [ 77.507078862072433, 28.305709780703161 ], [ 77.492690868661853, 28.252011279979037 ], [ 77.550428748652152, 28.24239235388956 ], [ 77.52129046049717, 28.224485208226227 ], [ 77.530373322741625, 28.198748943344224 ], [ 77.497294323064565, 28.206053173900873 ], [ 77.501198889972883, 28.181722142397867 ], [ 77.51748206632486, 28.193183842597517 ], [ 77.549641077064933, 28.179798961817973 ], [ 77.502099878643293, 28.161231738360712 ], [ 77.491352608857241, 28.136574955962903 ], [ 77.512354653363019, 28.124893440185943 ], [ 77.499376281923247, 28.09464417528843 ], [ 77.482100454605884, 28.107066340740705 ], [ 77.474347360391675, 28.086755427617334 ], [ 77.501236780911555, 28.058556838383204 ], [ 77.483635938632844, 28.040488543215567 ], [ 77.512738063309428, 28.031931508261216 ], [ 77.542408208909833, 27.989269175186166 ], [ 77.518855220288373, 27.962393796790007 ], [ 77.545006254390813, 27.953599604765753 ], [ 77.529385951175186, 27.925521054156267 ], [ 77.492235521627492, 27.938512381329428 ], [ 77.475279141513397, 27.929287737838134 ], [ 77.477770411443061, 27.891226717736792 ], [ 77.457640121733419, 27.874524442125715 ], [ 77.418765151419024, 27.889486138975879 ], [ 77.409316443088599, 27.874207372253593 ], [ 77.421850547314705, 27.854413498898889 ], [ 77.348327176504441, 27.855583324355983 ], [ 77.335290500809492, 27.833810513941881 ], [ 77.29647139312938, 27.825252253992961 ], [ 77.283717391203169, 27.801082718102005 ], [ 77.268750840528838, 27.814973466891736 ], [ 77.241730920849321, 27.784410756204494 ], [ 77.202066289179371, 27.824627141671947 ], [ 77.198562783214527, 27.799691209313664 ], [ 77.177017352284949, 27.786336565074127 ], [ 77.189603125809583, 27.809856839325043 ], [ 77.159504003219979, 27.817204242358329 ], [ 77.158545904155361, 27.788214845068552 ], [ 77.135211998462026, 27.775954897753515 ], [ 77.122844133767472, 27.793493537796095 ], [ 77.108471400038653, 27.786345622640031 ], [ 77.044790228399393, 27.821851176486422 ], [ 77.026568661039121, 27.779274641617537 ], [ 77.076210760195522, 27.766412020357304 ], [ 77.085653323151121, 27.738124272914323 ], [ 77.059625119290729, 27.726518499943793 ], [ 77.036465273861836, 27.748646439876417 ], [ 77.000089723891691, 27.737004463650507 ], [ 76.979087473671711, 27.653631748572757 ], [ 76.943072639508969, 27.673850121662763 ], [ 76.9105706726547, 27.654685222050357 ], [ 76.905941585723639, 27.686326352028598 ], [ 76.889054091120471, 27.697185300467929 ], [ 76.924438500193219, 27.699956425481584 ], [ 76.892258596436292, 27.732361050769207 ], [ 76.918979768791658, 27.804453521772619 ], [ 76.913565292892571, 27.832014482228274 ], [ 76.935677488002852, 27.829123222046601 ], [ 76.94229423224732, 27.842931379468883 ], [ 76.937635114636322, 27.896535694165859 ], [ 76.950554342794391, 27.895956175365018 ], [ 76.951601125340474, 27.918339391351804 ], [ 76.931514021239806, 27.922662574586656 ], [ 76.930783780745344, 27.993572072307323 ], [ 76.97053980162238, 28.138465758126294 ], [ 76.906529839402637, 28.171923488435482 ], [ 76.891614940958803, 28.190329683301748 ], [ 76.906757274866266, 28.200347584242316 ], [ 76.870985567938519, 28.206627151901859 ], [ 76.868132672208091, 28.219769759627471 ], [ 76.80839104158612, 28.210906492255059 ], [ 76.794803103937241, 28.148431689830517 ], [ 76.762437257001309, 28.142672039955688 ], [ 76.743549775707464, 28.121063780865558 ], [ 76.715743272300557, 28.1277731835944 ], [ 76.687344159283839, 28.087692758886877 ], [ 76.657250417602796, 28.089334772608588 ], [ 76.654377580171342, 28.034721684683472 ], [ 76.668147238018989, 28.013866646202178 ], [ 76.588765032467862, 27.99798898234603 ], [ 76.548125449338613, 27.963876190078164 ], [ 76.535936925205661, 27.979554828248581 ], [ 76.543807854130677, 28.034244409136246 ], [ 76.454656953158334, 28.042349292643259 ], [ 76.461505942446465, 28.058687789221647 ], [ 76.501523952484547, 28.060087659246065 ], [ 76.447827609127202, 28.088985311414412 ], [ 76.463676238935221, 28.108987084617443 ], [ 76.499349766290592, 28.099686999632674 ], [ 76.501810560874247, 28.118883016908537 ], [ 76.472044300928331, 28.13510153076442 ], [ 76.475723763501151, 28.148610409211699 ], [ 76.380725943940163, 28.133431325937458 ], [ 76.345240297429839, 28.169428168809052 ], [ 76.292264016654798, 28.179242983213069 ], [ 76.280708935052857, 28.165557101480424 ], [ 76.304560209264437, 28.159350466605556 ], [ 76.297585278868425, 28.149137207319413 ], [ 76.359860352627734, 28.124940687239231 ], [ 76.336591689776853, 28.102623871172344 ], [ 76.301442086844659, 28.097889867435427 ], [ 76.355605463419877, 28.070749021047085 ], [ 76.34231233398269, 28.030590279156645 ], [ 76.31895043319183, 28.01554965834967 ], [ 76.29897687793968, 28.022730318151101 ], [ 76.29355744423853, 28.049228075558183 ], [ 76.260961511808873, 28.067556416983461 ], [ 76.238001493021642, 28.049733105532269 ], [ 76.180405503727116, 28.054545065510947 ], [ 76.214740383205665, 28.026607168509646 ], [ 76.17689069246444, 28.021572230410268 ], [ 76.15778124465038, 27.989002809770632 ], [ 76.186639221605787, 27.965501347594927 ], [ 76.16815971828305, 27.903402904818407 ], [ 76.201469521207727, 27.892565043068096 ], [ 76.193806507355234, 27.859530945445933 ], [ 76.225382219523468, 27.833526104587968 ], [ 76.217328000144505, 27.816832886874529 ], [ 76.199597324357782, 27.821580835338896 ], [ 76.174965079991054, 27.798092768066248 ], [ 76.13226596085093, 27.824500739445849 ], [ 76.123330948725823, 27.851050085785801 ], [ 76.088886835007017, 27.860579372377273 ], [ 76.085655868916191, 27.844727110533974 ], [ 76.048080034979193, 27.835007332116557 ], [ 75.971372614390503, 27.85199019605367 ], [ 75.987484264625508, 27.904186071783212 ], [ 75.938314450238153, 27.914106697991272 ], [ 75.932397083968269, 27.930163767503021 ], [ 75.951682585408335, 27.947745959821919 ], [ 75.972709525823873, 27.932690148447659 ], [ 75.999955590087993, 27.977602112228499 ], [ 75.965818039036336, 27.983634338494838 ], [ 75.966741577216979, 28.000056139029088 ], [ 75.989931267374629, 27.994718037947408 ], [ 75.995536259775804, 28.006913320013116 ], [ 75.972730954236667, 28.023657059934322 ], [ 75.994620719296094, 28.038537796549392 ], [ 76.016417164668866, 28.030522120387982 ], [ 76.008301477168288, 28.058416878745955 ], [ 76.025354702856575, 28.054261245507444 ], [ 76.0407953259474, 28.07407397544436 ], [ 76.023213638445469, 28.086020075249369 ], [ 75.984423640672119, 28.047109810418114 ], [ 75.983434362880658, 28.08137283607218 ], [ 75.938620171183857, 28.087963091503358 ], [ 75.945609804306102, 28.107187862602768 ], [ 75.998994531972841, 28.122796664757484 ], [ 76.007487643945069, 28.153168614181627 ], [ 76.031797553923241, 28.167882062079684 ], [ 76.07063478152098, 28.165164159033235 ], [ 76.074695164808574, 28.137156617627038 ], [ 76.095447589954759, 28.150887426717514 ], [ 76.071934113731075, 28.194355841657853 ], [ 76.047360091872847, 28.198165703650673 ], [ 76.055966960204444, 28.220302773074419 ], [ 76.016138562963278, 28.236981581121373 ], [ 76.026323366108883, 28.275057250888313 ], [ 75.986214663956389, 28.293144724944479 ], [ 75.972493958003454, 28.318600803727144 ], [ 75.957844882730342, 28.313848474684253 ], [ 75.918234233520764, 28.372033837728445 ], [ 75.819042578750185, 28.409874642232356 ], [ 75.776765429740053, 28.40044940736091 ], [ 75.766700018085601, 28.41426518330849 ], [ 75.788278356100619, 28.453593977153989 ], [ 75.73565085881107, 28.468881246727577 ], [ 75.739454433521871, 28.484804349980966 ], [ 75.70195984860905, 28.491811934205661 ], [ 75.665780628139217, 28.536032798883245 ], [ 75.633454964642567, 28.54448361769651 ], [ 75.62168650710953, 28.60210810872821 ], [ 75.56149782629312, 28.613256731392632 ], [ 75.530433167486692, 28.738294984262453 ], [ 75.542990379076841, 28.750436429128662 ], [ 75.530342011841554, 28.747476641707063 ], [ 75.503447130463059, 28.782444205893587 ], [ 75.520222982442732, 28.83403926896608 ], [ 75.498445766406945, 28.848999427452764 ], [ 75.496520083864979, 28.896358296247058 ], [ 75.473372320776605, 28.923424328268016 ], [ 75.511539889364315, 28.942104280633231 ], [ 75.527401539354059, 28.971047645760709 ], [ 75.52180444404253, 29.003908602952073 ], [ 75.445708100629219, 29.008336156180736 ], [ 75.441812204260046, 29.057560030885718 ], [ 75.391242163381449, 29.062750025174427 ], [ 75.402149867785653, 29.127929905829351 ], [ 75.371480963574271, 29.138132962507022 ], [ 75.381279589962389, 29.168930365176216 ], [ 75.414365265020308, 29.184349142284582 ], [ 75.396807411619534, 29.217576256936272 ], [ 75.410505505180083, 29.255723037231569 ], [ 75.378955373437904, 29.256900755694545 ], [ 75.349824427213719, 29.223813951525365 ], [ 75.328102124292926, 29.235356606117531 ], [ 75.341515848963795, 29.281275005414706 ], [ 75.322941017321426, 29.289513029794858 ], [ 75.288334154924286, 29.273393771748076 ], [ 75.284090019448712, 29.248898247471981 ], [ 75.244846866530295, 29.250173050057054 ], [ 75.238374200379326, 29.230281037218813 ], [ 75.210122664394149, 29.234691332548952 ], [ 75.187997170624385, 29.268305286831627 ], [ 75.162809408085948, 29.244060269157885 ], [ 75.124362420325738, 29.239913608449964 ], [ 75.119583091061756, 29.222905048432697 ], [ 75.07551910671323, 29.229734227501609 ], [ 75.05000185380672, 29.28618946579687 ], [ 74.998648517034653, 29.270730659191766 ], [ 74.96114510168259, 29.280624768888181 ], [ 74.94838489599104, 29.301517905520626 ], [ 74.960869811167157, 29.320299305699944 ], [ 74.938262709014012, 29.362079260301744 ], [ 74.850527203484802, 29.40364893799077 ], [ 74.762178164786235, 29.354419254332221 ], [ 74.65820148992438, 29.372008874055183 ], [ 74.654482694616846, 29.332974546569162 ], [ 74.599257982787918, 29.327501460127067 ], [ 74.602879265073057, 29.364951698472787 ], [ 74.566383820555217, 29.420526867239836 ], [ 74.536593041093624, 29.424591434887923 ], [ 74.534627848848814, 29.447754474980353 ], [ 74.543316673178751, 29.467942762271733 ], [ 74.584621368046058, 29.458543650812455 ], [ 74.621866433312306, 29.522288597349984 ], [ 74.574942334371727, 29.564364556350942 ], [ 74.616102688837486, 29.752198879389905 ], [ 74.587278355586108, 29.766948455651868 ], [ 74.575897687286485, 29.748351583298092 ], [ 74.477258605111828, 29.745357144350091 ], [ 74.484456906094792, 29.814314643855649 ], [ 74.539128765053448, 29.840635094768558 ], [ 74.561047614866823, 29.869686887925862 ], [ 74.54363263042714, 29.901481722989384 ], [ 74.510031197530282, 29.908236327214862 ], [ 74.53175490900945, 29.94924058811667 ], [ 74.596699375144539, 29.912310918173311 ], [ 74.646852874412403, 29.904386790558931 ], [ 74.651613169273844, 29.926522145015824 ], [ 74.706653893556151, 29.976938548216062 ], [ 74.731405437785881, 29.961512475515722 ], [ 74.816015667610671, 29.991985312105722 ], [ 74.8210224494063, 29.9709727112166 ], [ 74.855382835649024, 29.956404043673221 ], [ 74.887981187241735, 29.967171383286917 ], [ 74.897289265212763, 29.939452635230698 ], [ 74.926747812648003, 29.950296680473116 ], [ 74.990924727661621, 29.867725164857994 ], [ 75.02250829110541, 29.866302403911828 ], [ 75.046954068575346, 29.885125230612349 ], [ 75.069960536551008, 29.877096634707478 ], [ 75.086903629683761, 29.915418202453267 ], [ 75.098760732070701, 29.912829656809738 ], [ 75.114714632751941, 29.878700607090746 ], [ 75.090074636822621, 29.854052854442415 ], [ 75.118873510022226, 29.831635620177469 ], [ 75.100558459481903, 29.807129590302235 ], [ 75.135087183720685, 29.80733756397111 ], [ 75.150966504470361, 29.7755723677734 ], [ 75.166784770323488, 29.784737189937964 ], [ 75.165618471420416, 29.826092183436483 ], [ 75.191023299270867, 29.841413392549665 ], [ 75.210284524638652, 29.832922829508092 ], [ 75.208542199924281, 29.793198343722771 ], [ 75.226285992910803, 29.789185554724011 ], [ 75.241330065499227, 29.750532268610794 ], [ 75.2263305026365, 29.728918469922938 ], [ 75.210316952922113, 29.738848641527053 ], [ 75.200620874613563, 29.726521862450575 ], [ 75.20678045453181, 29.687554110680555 ], [ 75.167572409571306, 29.669576697068749 ], [ 75.187600621020309, 29.651839443250321 ], [ 75.183051857848724, 29.628440432425215 ], [ 75.235362461845384, 29.603109552296122 ], [ 75.221705034119452, 29.580324773361529 ], [ 75.235350834052355, 29.542114347157188 ], [ 75.309450357336374, 29.56087975918857 ], [ 75.319918605903609, 29.587458495652129 ], [ 75.289669558984627, 29.607857147156938 ], [ 75.295715691563956, 29.625079745223015 ], [ 75.316568713648948, 29.630662879042667 ], [ 75.333743363715854, 29.673519725732678 ], [ 75.36014776674584, 29.662642949754314 ], [ 75.345708048341223, 29.696047277067407 ], [ 75.392244688628423, 29.713328681892701 ], [ 75.406291714794804, 29.761297131856104 ], [ 75.453958370132398, 29.782048782858279 ], [ 75.457417554119459, 29.806962412252144 ], [ 75.518587803385557, 29.775857519316869 ], [ 75.52302005416648, 29.758445492142634 ], [ 75.562099723584623, 29.770268834768256 ], [ 75.580052173652092, 29.73947354522933 ], [ 75.62978322578455, 29.749957361759485 ], [ 75.642442101512046, 29.77512754356091 ], [ 75.677154531226421, 29.776614506676484 ], [ 75.706423639239588, 29.753229196531194 ], [ 75.720653309072887, 29.813581498093605 ], [ 75.756156497884078, 29.805047392370486 ], [ 75.779406354504488, 29.822337863398921 ], [ 75.815799687524006, 29.80421041791454 ], [ 75.83480843599132, 29.814509344752665 ], [ 75.870233061741004, 29.749348644366879 ], [ 75.906312589875569, 29.754059973685404 ], [ 75.938674997162266, 29.730713113459331 ], [ 75.984398443826748, 29.72715456353524 ], [ 76.0260839480177, 29.756202067053856 ], [ 76.043450102733473, 29.742746877270903 ], [ 76.098064377885834, 29.810657630813676 ], [ 76.123933738044386, 29.790960655260232 ], [ 76.145467419908357, 29.819129167085276 ], [ 76.17372414186768, 29.817959594629237 ], [ 76.197804036420706, 29.844811689174424 ], [ 76.22053638618236, 29.837896797437335 ], [ 76.243802513089165, 29.852458248136323 ], [ 76.246741206014079, 29.876004217590843 ], [ 76.193440397164579, 29.885672455017961 ], [ 76.187790400964275, 29.920680579755956 ], [ 76.171957395554003, 29.926323657019744 ], [ 76.209963211694998, 30.005168853255483 ], [ 76.232876844175934, 30.015985292960522 ], [ 76.213687818204107, 30.031701109985711 ], [ 76.253467425247251, 30.088972015957193 ], [ 76.216730864822324, 30.110092007970405 ], [ 76.22465784233286, 30.127097368656088 ], [ 76.207641517639814, 30.156601523915274 ], [ 76.321746537430016, 30.095111379791717 ], [ 76.360214795499488, 30.120221522992008 ], [ 76.333489458554482, 30.13821828287114 ], [ 76.350476342760672, 30.146885983639407 ], [ 76.362186010049967, 30.120172385808353 ], [ 76.400046605440437, 30.116720681076771 ], [ 76.391163071272686, 30.135069918769453 ], [ 76.410076708812667, 30.145088065783831 ], [ 76.387164099512873, 30.170646186565389 ], [ 76.421836794945577, 30.192456954130353 ], [ 76.440567510340884, 30.165894666617866 ], [ 76.428766294842703, 30.150170802890145 ], [ 76.45996643396704, 30.129497261885788 ], [ 76.463002488099065, 30.100677754329212 ], [ 76.504498173778927, 30.093876036661637 ], [ 76.511860899696558, 30.072029643360072 ], [ 76.546233641367706, 30.075884218296508 ], [ 76.575256304667519, 30.100625364278265 ] ] ] } },
{ "type": "Feature", "properties": { "Name": "Jharkhand" }, "geometry": { "type": "Polygon", "coordinates": [ [ [ 87.696127741269549, 24.160268435790332 ], [ 87.679061977794873, 24.147414964674354 ], [ 87.625662342585983, 24.164849231949308 ], [ 87.57588615729702, 24.160887653988741 ], [ 87.610288775137889, 24.132343055416623 ], [ 87.585243732440205, 24.124077815546638 ], [ 87.580950590272622, 24.087487497800325 ], [ 87.558890852283326, 24.081365644549102 ], [ 87.497595617716797, 24.117796064065317 ], [ 87.489657423841663, 24.090229181998787 ], [ 87.511105581598969, 24.082783030097648 ], [ 87.492764430508075, 24.076897023358597 ], [ 87.493335909047445, 24.054062266488948 ], [ 87.512010896555807, 24.036018041340792 ], [ 87.476400535137955, 24.011963515626242 ], [ 87.437988136109439, 24.012873250863695 ], [ 87.460062444772632, 23.984117226724582 ], [ 87.360654421782755, 24.012768408267277 ], [ 87.329222679910174, 23.998658926724829 ], [ 87.319109047589578, 24.007811937888999 ], [ 87.337022990474054, 24.033939659330795 ], [ 87.288262235629432, 24.028448697751251 ], [ 87.245437782642554, 24.044989470013782 ], [ 87.233743194473647, 24.024378252924858 ], [ 87.247738267473849, 23.998659418300413 ], [ 87.262849629266952, 24.003538620452563 ], [ 87.262480561822386, 23.967175397721086 ], [ 87.293001311385538, 23.958990883297488 ], [ 87.295384218440802, 23.902033053700471 ], [ 87.26953006855662, 23.874366038644759 ], [ 87.246248883190674, 23.908673094235571 ], [ 87.241048854912819, 23.870356939770012 ], [ 87.25583731548042, 23.843777707952636 ], [ 87.240721371381056, 23.825752559777889 ], [ 87.217457240530806, 23.829800581225566 ], [ 87.233922479339725, 23.856421947767942 ], [ 87.189406210313649, 23.842292977839502 ], [ 87.196772262692761, 23.857856278721133 ], [ 87.129470151026524, 23.868857483487023 ], [ 87.167315855044535, 23.825040292254243 ], [ 87.149612678485283, 23.796660055168154 ], [ 87.122568465665523, 23.796119083784053 ], [ 86.97390190617925, 23.868857025919318 ], [ 86.946920027457054, 23.845973615401963 ], [ 86.915717941683496, 23.883144124198594 ], [ 86.881322306447359, 23.863062292561914 ], [ 86.88987159726085, 23.819581062803522 ], [ 86.874711628526029, 23.847528773012655 ], [ 86.826744490319157, 23.814116794345136 ], [ 86.805484089439346, 23.837458646009779 ], [ 86.804113983459587, 23.801408275328416 ], [ 86.828316114468265, 23.753212245281052 ], [ 86.811743547644127, 23.745045696109067 ], [ 86.799347341102361, 23.688901711698435 ], [ 86.747990235897703, 23.678877292870567 ], [ 86.713003654731679, 23.69853077906469 ], [ 86.598314093999591, 23.67385283020548 ], [ 86.528841445096049, 23.629805031559375 ], [ 86.461892495303985, 23.629714404914921 ], [ 86.447241488652963, 23.597941065308063 ], [ 86.387839269393083, 23.573990586780024 ], [ 86.365183238701363, 23.531013902524514 ], [ 86.375397950356032, 23.509059574839913 ], [ 86.361730250394785, 23.48525721231621 ], [ 86.37934213207005, 23.473696334185433 ], [ 86.363676013876628, 23.471429352839611 ], [ 86.34891269805216, 23.440330502731289 ], [ 86.305702920808997, 23.435034569454569 ], [ 86.317697813082418, 23.426741362649771 ], [ 86.310189197169407, 23.411768648171677 ], [ 86.264172186460016, 23.430771197402294 ], [ 86.247522285469685, 23.411597358478488 ], [ 86.230439378546123, 23.430970187232102 ], [ 86.246056552929616, 23.459597688049673 ], [ 86.232922745996234, 23.462186417971672 ], [ 86.228881091683988, 23.443282016827002 ], [ 86.177145507385504, 23.469763661286709 ], [ 86.148514759281241, 23.465292820441192 ], [ 86.158668576837755, 23.559427267643201 ], [ 86.081016457353542, 23.565590875916957 ], [ 86.05187535837004, 23.586225763777495 ], [ 86.016822836370608, 23.547466448400403 ], [ 86.054175786607487, 23.486867051101697 ], [ 85.870878829761992, 23.475469465322721 ], [ 85.863657582213392, 23.431571243136574 ], [ 85.884559727771361, 23.429884113809727 ], [ 85.886148126161814, 23.404935703671985 ], [ 85.902682925116451, 23.398452202252866 ], [ 85.869795107593106, 23.388841149994182 ], [ 85.883597376980546, 23.350297173928904 ], [ 85.819707494361452, 23.268415984509634 ], [ 85.838043110033539, 23.246953846402658 ], [ 85.836819037779648, 23.220129073869348 ], [ 85.864372167767399, 23.221883761674164 ], [ 85.882589566046462, 23.198319479715217 ], [ 85.894208238489014, 23.155195537799333 ], [ 85.921893211516092, 23.145054363714678 ], [ 85.958124019537763, 23.160868401868004 ], [ 86.04373147993924, 23.144863990043849 ], [ 86.049219518876953, 23.105995975415098 ], [ 86.132740673472128, 23.084012775608965 ], [ 86.15752193666637, 23.030426799133107 ], [ 86.223068351296945, 22.994771566142447 ], [ 86.304621454309782, 23.016717822842963 ], [ 86.32612697848117, 22.994848132915358 ], [ 86.376834712228188, 22.998420408231173 ], [ 86.393984245399736, 22.98096167880168 ], [ 86.419175762896074, 23.000509124512543 ], [ 86.446801183009697, 22.988069757394964 ], [ 86.501405035009782, 22.994636874803831 ], [ 86.518936168022464, 22.970508932219467 ], [ 86.547049245774588, 22.989339114272084 ], [ 86.525511518796918, 22.947227620463817 ], [ 86.489080778132376, 22.937588960834461 ], [ 86.476620338454509, 22.951793887562729 ], [ 86.43584817926066, 22.92582854649789 ], [ 86.46734787149795, 22.900815548336084 ], [ 86.450985116988221, 22.862296202026762 ], [ 86.434859725224328, 22.860577724300292 ], [ 86.438742579852203, 22.831196957669636 ], [ 86.419431647106421, 22.790920532279983 ], [ 86.510626666304404, 22.704729636562952 ], [ 86.514050158428589, 22.718427813783695 ], [ 86.548073088043253, 22.720802473839736 ], [ 86.635095890887271, 22.665529332036122 ], [ 86.633186308850156, 22.610961160461763 ], [ 86.658590752221642, 22.575622571469989 ], [ 86.765867116988503, 22.575623834769015 ], [ 86.766775408962147, 22.556003558237364 ], [ 86.789314044219324, 22.547669040235874 ], [ 86.800952636803288, 22.488276390471388 ], [ 86.750712328837949, 22.482407151574964 ], [ 86.75115051805038, 22.455727588730401 ], [ 86.764804328260681, 22.426561852274929 ], [ 86.845593803993211, 22.39979105412964 ], [ 86.83320819038525, 22.324397976925077 ], [ 86.890217997515848, 22.284966396065482 ], [ 86.886793785841121, 22.257310240535855 ], [ 86.824064768215891, 22.266750000667756 ], [ 86.816860248196235, 22.253669527065767 ], [ 86.813474408957191, 22.267451987817243 ], [ 86.803062576386438, 22.244312144987887 ], [ 86.792268049826561, 22.266233944729297 ], [ 86.794397714616693, 22.243334811621555 ], [ 86.812519159348653, 22.241098022672553 ], [ 86.802284202362429, 22.217849770139523 ], [ 86.778230595209536, 22.2180177385622 ], [ 86.795177022888609, 22.227851078451618 ], [ 86.777735693556579, 22.23668189452172 ], [ 86.776095980702181, 22.218005777415549 ], [ 86.751142934472753, 22.210995323841832 ], [ 86.656102958772109, 22.235711372895782 ], [ 86.646684679075292, 22.267600885265178 ], [ 86.595697543223764, 22.277557520110999 ], [ 86.582269201166596, 22.301570678042097 ], [ 86.534412792894898, 22.301059818804745 ], [ 86.496924756700523, 22.347131501956788 ], [ 86.446444226651764, 22.327298369604186 ], [ 86.439775956839284, 22.303153304047601 ], [ 86.359576135259246, 22.348689856716828 ], [ 86.283427986003474, 22.447750342982868 ], [ 86.118503786573811, 22.486611746474512 ], [ 86.045470272477914, 22.567438468325321 ], [ 86.024048659937236, 22.544555811026669 ], [ 86.028553529627388, 22.523973464742223 ], [ 85.984529832922746, 22.515044685271452 ], [ 85.957129478517032, 22.464736893135555 ], [ 86.018115824678162, 22.425657390711923 ], [ 86.027080074270842, 22.39503293688977 ], [ 86.02400516890107, 22.364204529688344 ], [ 85.99804369189998, 22.341530731181773 ], [ 86.029070860416368, 22.334236267393607 ], [ 86.015780345076635, 22.312303683138261 ], [ 86.048792638555625, 22.307908948150835 ], [ 86.0171382797826, 22.297187942860713 ], [ 85.973884409632063, 22.246991674363731 ], [ 86.031305120546619, 22.189918145888825 ], [ 85.996763874691126, 22.132365283326816 ], [ 86.009255691623551, 22.115736351192247 ], [ 85.946419359457863, 22.021822719264435 ], [ 85.91915181827197, 22.008053786284783 ], [ 85.909172259507514, 21.96924119200602 ], [ 85.896744142111885, 21.983765759554313 ], [ 85.825760226863167, 21.974982836403743 ], [ 85.76604514594942, 21.994832992414612 ], [ 85.795647855919739, 22.080659638449692 ], [ 85.838357171836677, 22.079436762688484 ], [ 85.807427499274695, 22.116026425192327 ], [ 85.749393844485581, 22.073481390328418 ], [ 85.685280902096579, 22.054443932661716 ], [ 85.651625340313984, 22.095359525402522 ], [ 85.599405759910084, 22.078265731719636 ], [ 85.545181865630781, 22.089620748035017 ], [ 85.423301423999987, 22.157961341235534 ], [ 85.371080878805472, 22.160906419883592 ], [ 85.36653976119527, 22.122878801078208 ], [ 85.310595639859301, 22.118737047888402 ], [ 85.238142125721495, 22.009265167832655 ], [ 85.181054173246054, 22.072746427096636 ], [ 85.167646526576405, 22.069079624654112 ], [ 85.174089534848264, 22.051506431759343 ], [ 85.154817185642273, 22.078414286917205 ], [ 85.121915008549109, 22.070749931964727 ], [ 85.098525241119845, 22.10583213744469 ], [ 85.03928954795407, 22.11543592123564 ], [ 84.986912313217815, 22.08257428095278 ], [ 84.984683292062314, 22.095464771705114 ], [ 85.028449547776205, 22.122130891636829 ], [ 85.029855037496688, 22.162319194004553 ], [ 85.054310876097801, 22.183622456619243 ], [ 85.078223480988768, 22.257247310589591 ], [ 85.070220203272967, 22.27332168721415 ], [ 85.116995790934141, 22.294381980679415 ], [ 85.118038849963369, 22.31748772011764 ], [ 85.092013743494121, 22.315980210124174 ], [ 85.095667418130063, 22.344616548138223 ], [ 85.07658031141716, 22.356067710556662 ], [ 85.087835820143169, 22.387490562063814 ], [ 85.059713157366929, 22.448576640944381 ], [ 85.076945937415886, 22.463625145659488 ], [ 85.067195777832254, 22.484193697069792 ], [ 84.958990410432875, 22.44496339576073 ], [ 84.95435914329066, 22.45866514482325 ], [ 84.886209902345158, 22.420079952793131 ], [ 84.88011086169054, 22.448840196450181 ], [ 84.836895729589969, 22.431392713365238 ], [ 84.81024589963782, 22.453243290304464 ], [ 84.759076338409969, 22.44658833511274 ], [ 84.749950054299603, 22.418879815297963 ], [ 84.666598782802751, 22.419469002721502 ], [ 84.628850676248803, 22.434445363542135 ], [ 84.535289704798217, 22.426977224350274 ], [ 84.480222901524897, 22.413247800920782 ], [ 84.48528398647943, 22.389246281373548 ], [ 84.430995281447323, 22.372925238187534 ], [ 84.429442046710349, 22.352428220439226 ], [ 84.291495989011295, 22.342794665096324 ], [ 84.250444450170846, 22.378902033772714 ], [ 84.196873044503221, 22.378026145081936 ], [ 84.156316616623187, 22.407629972987657 ], [ 84.14110866527578, 22.425514654881169 ], [ 84.140868266224302, 22.473812611051123 ], [ 84.111753458234219, 22.476997522590025 ], [ 84.059896059688256, 22.516331674806217 ], [ 84.008929934532901, 22.52513973963941 ], [ 84.009505417761787, 22.573048520490776 ], [ 84.052777060181924, 22.595813845142178 ], [ 84.084016165528354, 22.6381164070072 ], [ 84.152467560209544, 22.63680061845254 ], [ 84.233463377166217, 22.680755953271508 ], [ 84.231863049148799, 22.741832583670117 ], [ 84.259868267083078, 22.767634747839239 ], [ 84.289366451781916, 22.766227425278672 ], [ 84.333616773669831, 22.860568469996334 ], [ 84.372502408783262, 22.86526327872874 ], [ 84.395866133154101, 22.93915735999488 ], [ 84.374142587863304, 22.979076172973105 ], [ 84.328106871534715, 22.981900756934213 ], [ 84.284158238055213, 22.963390550248477 ], [ 84.277423474047069, 22.992918169111221 ], [ 84.253549408678438, 22.972240371313941 ], [ 84.219215543397866, 22.978760688955344 ], [ 84.185801793716678, 23.027091723364247 ], [ 84.178313963022717, 22.979795710970688 ], [ 84.149492368734627, 22.965377534557327 ], [ 84.125387658221868, 23.036920040633007 ], [ 84.133460485303587, 23.083089703633281 ], [ 84.09350694376019, 23.112422084767196 ], [ 84.066594741964693, 23.110435946716148 ], [ 84.037468998782643, 23.139878616850289 ], [ 84.032394253147586, 23.160484848125947 ], [ 84.063355294879287, 23.206018000577647 ], [ 84.053734173794666, 23.247298879177201 ], [ 84.074756043220447, 23.333271173429615 ], [ 84.050990338031269, 23.374506918601465 ], [ 84.023134699473275, 23.37795148842951 ], [ 84.005711138817546, 23.353870692453768 ], [ 83.974596354916557, 23.362887699391145 ], [ 83.96234487145864, 23.385346324835247 ], [ 83.981697626170728, 23.422272938965779 ], [ 83.971006079780096, 23.466922487252056 ], [ 84.014644328260957, 23.503501174852001 ], [ 84.028056030824089, 23.545601912494533 ], [ 84.030059476926951, 23.599990691011836 ], [ 84.007707083987754, 23.62229124861388 ], [ 84.016590951430516, 23.634374536961623 ], [ 83.931906041961184, 23.620413474019287 ], [ 83.937693688809077, 23.568992070331287 ], [ 83.807223384853316, 23.587471076667974 ], [ 83.775320022964991, 23.60895421208534 ], [ 83.751919203562792, 23.638665551795278 ], [ 83.761123725544493, 23.651463045742602 ], [ 83.722859565605873, 23.685864698023181 ], [ 83.746067881432609, 23.719494893107328 ], [ 83.705346951362785, 23.820757309730588 ], [ 83.664490683807202, 23.827655473138083 ], [ 83.659494051177688, 23.849263452006049 ], [ 83.571189974955729, 23.862135438230489 ], [ 83.585757844323808, 23.886402678385288 ], [ 83.553444061945129, 23.898068171818803 ], [ 83.547390127497565, 23.937544843360957 ], [ 83.515303079896569, 23.980689423971526 ], [ 83.515719746373122, 24.027166286385462 ], [ 83.451492149309487, 24.042730892627262 ], [ 83.431663445600293, 24.08593778169093 ], [ 83.329669787355073, 24.101741534032683 ], [ 83.354099969173362, 24.124876582502413 ], [ 83.383030345849107, 24.197887990251122 ], [ 83.37877060034883, 24.230330834947519 ], [ 83.409140839881076, 24.266298246123014 ], [ 83.407205904691693, 24.288752317710085 ], [ 83.38007201934532, 24.313102131687174 ], [ 83.457306011692353, 24.364519678016478 ], [ 83.434458571573131, 24.400723018035489 ], [ 83.405110140523732, 24.404755101565637 ], [ 83.404934268357394, 24.435969310388675 ], [ 83.386608359880242, 24.448132902053008 ], [ 83.401545512288607, 24.50340420710371 ], [ 83.505793915845814, 24.525618299197784 ], [ 83.718659660479929, 24.503300133604199 ], [ 83.801494065616822, 24.529898143373043 ], [ 83.872715889787059, 24.532148920625517 ], [ 83.936814974764474, 24.549618932154448 ], [ 84.008381277693346, 24.642747246189945 ], [ 84.052133484654519, 24.610343974762795 ], [ 84.05064919741227, 24.586813001658296 ], [ 84.093157630268706, 24.534324408960401 ], [ 84.08554139169307, 24.506165023141275 ], [ 84.108369500965679, 24.477440706164582 ], [ 84.140744430767427, 24.500455634121977 ], [ 84.145668802915509, 24.537479326467075 ], [ 84.163188785140548, 24.533429829363218 ], [ 84.156417263867624, 24.510840685042087 ], [ 84.178254248412529, 24.505104896356578 ], [ 84.172811238426732, 24.545046832793041 ], [ 84.188342105372683, 24.553254185227534 ], [ 84.214832104374523, 24.532551503625051 ], [ 84.235624125461811, 24.550108637815299 ], [ 84.256902655242371, 24.526869789557022 ], [ 84.279687231257981, 24.547173490054394 ], [ 84.270523306838911, 24.560075143188527 ], [ 84.297252094212936, 24.560422307544655 ], [ 84.327558557851603, 24.500273988971042 ], [ 84.291353525190402, 24.466175791241749 ], [ 84.297440509555585, 24.448989946413924 ], [ 84.335613357542201, 24.431296803856398 ], [ 84.320524642277434, 24.421055694837531 ], [ 84.334355694584858, 24.420411146286479 ], [ 84.341999718950561, 24.393202956862446 ], [ 84.387975554480605, 24.388610040332825 ], [ 84.406634171989523, 24.374749928674504 ], [ 84.400598958432468, 24.364498524683199 ], [ 84.430809730832124, 24.35654791217096 ], [ 84.424426799191522, 24.329767638088633 ], [ 84.460059762221931, 24.337309704219333 ], [ 84.483713173508974, 24.312875107061775 ], [ 84.505058351097091, 24.331307846183144 ], [ 84.485351790418747, 24.306568424050376 ], [ 84.496249317809102, 24.286269470615309 ], [ 84.531716968369352, 24.338618184977683 ], [ 84.527810435048892, 24.376421669717153 ], [ 84.572380361345239, 24.382763924767566 ], [ 84.567580068097456, 24.409151313795643 ], [ 84.665325723619773, 24.390922361926066 ], [ 84.686446763459656, 24.456675649890023 ], [ 84.786124677191822, 24.503490111959071 ], [ 84.802220245786614, 24.530572965712995 ], [ 84.83882286201279, 24.512652652343515 ], [ 84.839879740724342, 24.452298986858047 ], [ 84.85363051867968, 24.466468532355826 ], [ 84.887413921506976, 24.463127133531401 ], [ 84.882068877294515, 24.424584813144808 ], [ 84.903945666189671, 24.372157860593155 ], [ 84.974693098143206, 24.374618025953595 ], [ 85.028211142984631, 24.415337100940672 ], [ 85.061874598263628, 24.407351871492601 ], [ 85.079561713843944, 24.433419286311466 ], [ 85.072712379602763, 24.380776642746032 ], [ 85.088795165171064, 24.37220324626545 ], [ 85.173979605311985, 24.420523368811789 ], [ 85.152681083524797, 24.455110879839282 ], [ 85.226153523451671, 24.463193181762342 ], [ 85.24966758268198, 24.490775044722234 ], [ 85.282663829555048, 24.491575224685217 ], [ 85.288241991075353, 24.523005037059807 ], [ 85.391745902366097, 24.529871981142566 ], [ 85.397578272738741, 24.544752655061174 ], [ 85.370854549167959, 24.555194246633555 ], [ 85.384617822688895, 24.555386151576236 ], [ 85.434526071104429, 24.52796963412149 ], [ 85.497807195998206, 24.546538073968684 ], [ 85.523859941832129, 24.520899769221607 ], [ 85.541743623169623, 24.531803095907797 ], [ 85.540933972502373, 24.562281597112531 ], [ 85.571757361789807, 24.561595801822481 ], [ 85.56617826961488, 24.586935574086272 ], [ 85.580667368410673, 24.600690247846746 ], [ 85.615258642342653, 24.580694650206176 ], [ 85.668036631696864, 24.578915162464497 ], [ 85.676183185310549, 24.616405571017019 ], [ 85.649048631617632, 24.68451963056755 ], [ 85.681416781833946, 24.691520993482776 ], [ 85.707204327029686, 24.724467772038988 ], [ 85.707496774468765, 24.779545593356971 ], [ 85.736725672991511, 24.820714289927505 ], [ 85.778154174569593, 24.796469298448635 ], [ 85.867292100275932, 24.804613707274434 ], [ 85.945388302819183, 24.732891009185302 ], [ 86.055333506599581, 24.779668470691337 ], [ 86.036946044660851, 24.740598882952021 ], [ 86.094246498108362, 24.744845687877806 ], [ 86.128581881541777, 24.698677129283489 ], [ 86.115447379312371, 24.643663231737587 ], [ 86.124646473673138, 24.611212073328176 ], [ 86.16691463863215, 24.583679866817398 ], [ 86.213671418266216, 24.594274674817832 ], [ 86.215006050673708, 24.613787407327226 ], [ 86.259248960562218, 24.578128798571203 ], [ 86.322849821018423, 24.58683340208659 ], [ 86.300689101611454, 24.560842783607445 ], [ 86.309206265975405, 24.511115465370761 ], [ 86.276175916359222, 24.465840275516953 ], [ 86.377423234503439, 24.430682633066496 ], [ 86.413067451627725, 24.38021235869088 ], [ 86.445324869213877, 24.367776977455122 ], [ 86.472077049616274, 24.393470522746817 ], [ 86.467861868638906, 24.425147609118483 ], [ 86.491287953158505, 24.427955454701404 ], [ 86.483580891314361, 24.467608931435933 ], [ 86.49975626893395, 24.509811607020161 ], [ 86.527733357921733, 24.544167470501105 ], [ 86.552471127384905, 24.536048084981896 ], [ 86.559053582036626, 24.564763567276103 ], [ 86.580507666878191, 24.566627745916676 ], [ 86.603459558607071, 24.608086175334019 ], [ 86.669427694534292, 24.566111038320539 ], [ 86.735040479393007, 24.579485851269549 ], [ 86.753432891048945, 24.617962833714838 ], [ 86.787061505169632, 24.616377715911216 ], [ 86.810975180852409, 24.599158353492978 ], [ 86.802140648885072, 24.570208890256254 ], [ 86.843599696776067, 24.574826066150202 ], [ 86.856835479562193, 24.554586999869564 ], [ 86.881334520840269, 24.574092724412839 ], [ 86.916488345854304, 24.545074250254221 ], [ 86.908783037521644, 24.595576193294786 ], [ 86.945515087505512, 24.635713800873564 ], [ 86.939848695254668, 24.652479135819512 ], [ 86.958258942062272, 24.648886507819839 ], [ 86.953025471303022, 24.631270727200839 ], [ 86.978408596754505, 24.640041548206838 ], [ 86.996243279484816, 24.619870778463081 ], [ 87.020042849363591, 24.629659212930143 ], [ 87.051120149262701, 24.608481805058382 ], [ 87.054090249984895, 24.669293665428452 ], [ 87.081181729459942, 24.729111078491144 ], [ 87.06985872042516, 24.744912825181927 ], [ 87.095759138038062, 24.802674709430285 ], [ 87.074521221091501, 24.817666761039305 ], [ 87.156762071590904, 24.880936074972926 ], [ 87.145008826128887, 24.919164484042522 ], [ 87.150378172464755, 25.026012682101666 ], [ 87.21269754125241, 25.09108674169601 ], [ 87.237158387961244, 25.089132396021469 ], [ 87.241352338155167, 25.116847972085761 ], [ 87.2955516608165, 25.088484438034026 ], [ 87.327567401048512, 25.223564012608055 ], [ 87.371929308067763, 25.20619572462164 ], [ 87.401369709534265, 25.227121421172413 ], [ 87.478153383615876, 25.194327636527991 ], [ 87.473307152321098, 25.238203752701143 ], [ 87.500615090745342, 25.259797337358975 ], [ 87.487446167769193, 25.297244188633563 ], [ 87.543020666501761, 25.280980563227409 ], [ 87.551905350513081, 25.332577571688034 ], [ 87.58407247304018, 25.34937208373654 ], [ 87.583988966549654, 25.331829370901414 ], [ 87.610489860319262, 25.313191425420936 ], [ 87.69204554958182, 25.311534300133765 ], [ 87.711088918221876, 25.257546421441006 ], [ 87.778717250388624, 25.250462440272276 ], [ 87.779269837357532, 25.143545323847338 ], [ 87.800764527846582, 25.117679969727842 ], [ 87.795778260877114, 25.087238253516954 ], [ 87.939928382169001, 24.991286846428036 ], [ 87.962339968695488, 24.937756099864174 ], [ 87.952484584951108, 24.908037338593008 ], [ 87.890802997557287, 24.855102752554515 ], [ 87.900309272626089, 24.822960007892235 ], [ 87.870082367382267, 24.826110321746047 ], [ 87.8816748898669, 24.798923287687227 ], [ 87.868701163615469, 24.774255271830647 ], [ 87.836616796587293, 24.765786780977805 ], [ 87.836174418530703, 24.789774900442719 ], [ 87.817752904154503, 24.760861006462157 ], [ 87.907849978157685, 24.721229348541378 ], [ 87.888635142689438, 24.67912656052367 ], [ 87.917111957283282, 24.665679128907144 ], [ 87.914303546125723, 24.63698743038438 ], [ 87.905724740265271, 24.614706279790642 ], [ 87.875232469991559, 24.613667838853775 ], [ 87.911510474599908, 24.61020100577408 ], [ 87.908873494337882, 24.585689183213248 ], [ 87.852047198646801, 24.553853700682556 ], [ 87.771738508440876, 24.58366516284735 ], [ 87.770651891900144, 24.57074725603082 ], [ 87.791476814683051, 24.572011852105668 ], [ 87.808866980468082, 24.547400011643699 ], [ 87.79425980621302, 24.5012566099638 ], [ 87.802220336697729, 24.494350759864737 ], [ 87.80989935224035, 24.51410829574003 ], [ 87.811532362764424, 24.492124478209103 ], [ 87.828321980527519, 24.498508432496767 ], [ 87.810734629147717, 24.477001608390058 ], [ 87.823885071981849, 24.45833520173198 ], [ 87.803474920230272, 24.454209663297078 ], [ 87.78956956377408, 24.420352793805669 ], [ 87.812343511821581, 24.414081846997661 ], [ 87.794242855003631, 24.399583507776914 ], [ 87.801396787296397, 24.383072793752167 ], [ 87.76460240680818, 24.339741231049583 ], [ 87.761521935476921, 24.308169748098599 ], [ 87.730172287943219, 24.288441041483779 ], [ 87.713205558338728, 24.293859382022802 ], [ 87.706023770187315, 24.260358951834608 ], [ 87.658365148483284, 24.235871744696734 ], [ 87.638868918447272, 24.25468666083497 ], [ 87.637953433663128, 24.215384716189888 ], [ 87.67445687588193, 24.207468979416728 ], [ 87.699909399782371, 24.176420606190128 ], [ 87.696127741269549, 24.160268435790332 ] ] ] } },
{ "type": "Feature", "properties": { "Name": "Karnataka" }, "geometry": { "type": "MultiPolygon", "coordinates": [ [ [ [ 77.332319907810515, 18.450861406943009 ], [ 77.345238780235732, 18.433611256917374 ], [ 77.365656558684108, 18.451563895109146 ], [ 77.372852662387871, 18.401102676641077 ], [ 77.414113802438635, 18.393106980804994 ], [ 77.394889050467981, 18.368454492204432 ], [ 77.400167434296492, 18.347446312928167 ], [ 77.356743047735279, 18.320202683224718 ], [ 77.365808127828743, 18.30712531508571 ], [ 77.437682880785147, 18.310313368412107 ], [ 77.44759549799295, 18.269994840389636 ], [ 77.465054737935105, 18.262535444235425 ], [ 77.511574832153059, 18.282048014409725 ], [ 77.512649094163677, 18.309597010546032 ], [ 77.605434046972888, 18.281346406193332 ], [ 77.571796056237261, 18.243999952059806 ], [ 77.585330642941386, 18.21981829876184 ], [ 77.563476285877215, 18.196127404449157 ], [ 77.596857842633511, 18.155945769622672 ], [ 77.598817717750123, 18.093329774805706 ], [ 77.547649386315882, 18.056130475450015 ], [ 77.588603055502787, 18.01215529603342 ], [ 77.605946711912296, 18.020231722868036 ], [ 77.627799841877788, 17.996785743372321 ], [ 77.64891795231155, 17.998875873992901 ], [ 77.655867038176822, 17.968837578038649 ], [ 77.649496535626483, 17.950013752963258 ], [ 77.633024789421626, 17.967380738468943 ], [ 77.624556401780936, 17.959601655294442 ], [ 77.6190496706988, 17.904057792476948 ], [ 77.586074459674734, 17.907835294048649 ], [ 77.599087206047145, 17.873086888900499 ], [ 77.576409632856596, 17.875419299756508 ], [ 77.554036242695986, 17.820068382870307 ], [ 77.528231811867812, 17.827898629767688 ], [ 77.506567255348457, 17.785953998422574 ], [ 77.569158785819411, 17.766492533339154 ], [ 77.568543233237264, 17.748907016736961 ], [ 77.545972660176815, 17.726841820473162 ], [ 77.452438939120427, 17.694705926671631 ], [ 77.443126170146996, 17.583966436387104 ], [ 77.494072398517105, 17.56836051170718 ], [ 77.506904979674459, 17.542281554286802 ], [ 77.528390006985987, 17.575367656749403 ], [ 77.550565430915881, 17.551735771619668 ], [ 77.593805967372688, 17.564514413678484 ], [ 77.596904920642601, 17.534304563557345 ], [ 77.662014698349552, 17.522823299799629 ], [ 77.692452118390307, 17.497430477177666 ], [ 77.688406400099737, 17.47519651790596 ], [ 77.657369376166386, 17.480919320394953 ], [ 77.656897209974971, 17.50646181199243 ], [ 77.644789764186314, 17.477567258477496 ], [ 77.615235718649842, 17.47289213817227 ], [ 77.614275584901137, 17.44594802183493 ], [ 77.576190646048204, 17.456169715959472 ], [ 77.575866010175901, 17.430716640269733 ], [ 77.537305620890862, 17.443749531097836 ], [ 77.513002947740617, 17.43087340930435 ], [ 77.514178025878962, 17.414184393875523 ], [ 77.537848163796596, 17.406095632717044 ], [ 77.529805443751627, 17.370714509539436 ], [ 77.483822062373193, 17.355001304373197 ], [ 77.479099747383671, 17.370725054893249 ], [ 77.453610225469916, 17.373994121323868 ], [ 77.456014404631134, 17.331240712903007 ], [ 77.437928746983445, 17.291923681843233 ], [ 77.458537762382747, 17.279001912216241 ], [ 77.420420729419689, 17.237630211114293 ], [ 77.38018975308222, 17.22253648452612 ], [ 77.403749654239817, 17.209897839242348 ], [ 77.393895227201156, 17.194402541343155 ], [ 77.372273450252223, 17.195569075102139 ], [ 77.363725548234186, 17.158788278813216 ], [ 77.406658872541925, 17.12451737281766 ], [ 77.463622790134551, 17.110002210292354 ], [ 77.502529986611449, 17.014109925184588 ], [ 77.479514451041325, 16.996023345961991 ], [ 77.469432435825425, 16.919203731834941 ], [ 77.454013020161852, 16.913904250070757 ], [ 77.457078841767469, 16.830186813574993 ], [ 77.476496507843692, 16.788374998233468 ], [ 77.43949418533353, 16.78913905965781 ], [ 77.426062330863644, 16.722881722689081 ], [ 77.47404373431722, 16.716566173121702 ], [ 77.469795374064844, 16.687037602889614 ], [ 77.418854125954681, 16.668580657987079 ], [ 77.434336765047945, 16.641390333162175 ], [ 77.476103786859397, 16.650114770357643 ], [ 77.453640527441109, 16.616755313938569 ], [ 77.467389000319415, 16.598844942969333 ], [ 77.423749858913169, 16.568889760301431 ], [ 77.392866890661153, 16.569983638914824 ], [ 77.419009054798451, 16.54893340313529 ], [ 77.419108309654177, 16.522387450675485 ], [ 77.377780413099742, 16.513714550831324 ], [ 77.369004071301546, 16.488681355251362 ], [ 77.298704666011147, 16.496172440371094 ], [ 77.293988101137742, 16.47668139348831 ], [ 77.235752753906056, 16.472755837163685 ], [ 77.287949043689579, 16.408653828921697 ], [ 77.349086902401496, 16.383856231541657 ], [ 77.420937582304916, 16.366240430419332 ], [ 77.489680085935404, 16.385023655477653 ], [ 77.572708452613455, 16.340942096325875 ], [ 77.593910607628558, 16.343901238923046 ], [ 77.597796874956202, 16.293120406481716 ], [ 77.563193365970051, 16.301643812248212 ], [ 77.536885070099046, 16.266812848076523 ], [ 77.504802275122614, 16.275810146761671 ], [ 77.490053265867346, 16.255190016346827 ], [ 77.492329840240743, 16.229306931583398 ], [ 77.515644104270407, 16.227798855879865 ], [ 77.501135795900581, 16.221727344131139 ], [ 77.486137871564949, 16.162994311899869 ], [ 77.489778266406077, 16.119629557999097 ], [ 77.513260514495528, 16.108033750389669 ], [ 77.493642716350408, 16.086353939852053 ], [ 77.50685989951856, 16.079645766527012 ], [ 77.493985395783511, 16.036998480096248 ], [ 77.514035527023751, 16.008086801158413 ], [ 77.513424469611266, 15.926797167257581 ], [ 77.429583412367037, 15.949069677592826 ], [ 77.380087665838403, 15.939773069875823 ], [ 77.248853679805109, 15.964564895867479 ], [ 77.185275364367541, 15.956753148963569 ], [ 77.084560176756625, 15.918653663957853 ], [ 77.032601957591368, 15.856928723521079 ], [ 77.025170444079166, 15.837522961888917 ], [ 77.065455604099611, 15.827362010699996 ], [ 77.049080840911159, 15.730271548891009 ], [ 77.07967148569162, 15.727523636800569 ], [ 77.078676040067393, 15.695156899447566 ], [ 77.128865197960479, 15.665876666820221 ], [ 77.121404018484355, 15.631097004318496 ], [ 77.083170857609559, 15.659158167912839 ], [ 77.030413352538801, 15.634506467774072 ], [ 77.030018242035808, 15.502661794107919 ], [ 76.974509416438721, 15.510521426004169 ], [ 76.973996125373574, 15.498249060806856 ], [ 77.031985976512814, 15.435570258839547 ], [ 77.029205102311977, 15.404374274003802 ], [ 77.047224623293488, 15.390035620363694 ], [ 77.041804585026142, 15.361936060855564 ], [ 77.063722162825073, 15.328021675542493 ], [ 77.113076050098996, 15.333690740387857 ], [ 77.11834950307491, 15.294863040613592 ], [ 77.151551796524686, 15.29244683015806 ], [ 77.147109384899593, 15.272933396010405 ], [ 77.166904792552813, 15.26859578689781 ], [ 77.125093381389931, 15.226951730479827 ], [ 77.147629435787266, 15.223921426152744 ], [ 77.169105486234145, 15.171360267408124 ], [ 77.135376628212583, 15.14976006356669 ], [ 77.157250222698565, 15.140480875262853 ], [ 77.156298570842779, 15.12294349329801 ], [ 77.130090387718596, 15.100780928900711 ], [ 77.112898444184168, 15.034069191330302 ], [ 77.084716807907867, 15.030722001917619 ], [ 77.08242005737317, 15.006093922917961 ], [ 77.044086307644434, 15.009856793219461 ], [ 77.049531774522507, 15.0330900436932 ], [ 77.004047515082235, 15.033847701224902 ], [ 76.985191188260757, 15.015203896294226 ], [ 76.91833533806809, 15.035539393962342 ], [ 76.877132088149196, 15.030224670859779 ], [ 76.865855022551301, 15.059701857295098 ], [ 76.835986218119046, 15.079252273461249 ], [ 76.800205698718415, 15.095850521500362 ], [ 76.776664151040421, 15.078419536827777 ], [ 76.790099484685413, 15.020733446181666 ], [ 76.760537758553284, 14.98987688949815 ], [ 76.766507128294947, 14.97563599595205 ], [ 76.828471504441879, 14.95647535967756 ], [ 76.867427006026531, 14.969839666694062 ], [ 76.869589055980995, 14.937727370812722 ], [ 76.863810456066332, 14.895599367102889 ], [ 76.845446120356243, 14.889311846874216 ], [ 76.853942433924175, 14.809461953634324 ], [ 76.837333276023571, 14.810582122812511 ], [ 76.836713126762135, 14.790792826247454 ], [ 76.782651576919278, 14.785957068853387 ], [ 76.802907532852345, 14.741902913390085 ], [ 76.77523357227237, 14.680979293906534 ], [ 76.76495612587145, 14.6021431683545 ], [ 76.781803720004689, 14.596515235084269 ], [ 76.806241959711087, 14.531083698595484 ], [ 76.855561857429592, 14.509609371310566 ], [ 76.86792022244002, 14.474056107074285 ], [ 76.900646985507663, 14.489225254329916 ], [ 76.974773065686392, 14.485346134730831 ], [ 76.959871369782306, 14.450609431387704 ], [ 76.944748932660062, 14.450912640177243 ], [ 76.942785643945385, 14.399734659750806 ], [ 76.915787394325449, 14.420709446811076 ], [ 76.884774976146062, 14.395726211643126 ], [ 76.88471305078194, 14.34755317292583 ], [ 76.956679557661445, 14.294362714561538 ], [ 76.924852134855684, 14.273800494346665 ], [ 76.940010027583881, 14.244623966621276 ], [ 77.052417236876963, 14.245517538936156 ], [ 77.081125909340585, 14.214166151716974 ], [ 77.107711622039304, 14.219922384455263 ], [ 77.115598142124398, 14.292493096892844 ], [ 77.135656880123335, 14.336884374753412 ], [ 77.157298718249208, 14.342111003611043 ], [ 77.238156013192409, 14.317371109274822 ], [ 77.286522447153189, 14.340109183316123 ], [ 77.283491578096957, 14.282746831583236 ], [ 77.363775071457482, 14.275836066672655 ], [ 77.359439597978763, 14.234015455446167 ], [ 77.391941424695858, 14.198910331876931 ], [ 77.419343673648527, 14.21163268543603 ], [ 77.408785616909114, 14.259858723356428 ], [ 77.38731922694474, 14.270873946118719 ], [ 77.377027827012597, 14.304804036715433 ], [ 77.392759131454596, 14.335840621340205 ], [ 77.446176967429452, 14.317473832069011 ], [ 77.450234277580478, 14.280714018723545 ], [ 77.481768422903855, 14.29161555597168 ], [ 77.503816806187928, 14.263754372693084 ], [ 77.49274183368118, 14.231012870133267 ], [ 77.517024480688804, 14.184408428922433 ], [ 77.503458008283673, 14.157124240148173 ], [ 77.393671641018514, 14.174253523825824 ], [ 77.37889534723314, 14.135850149624794 ], [ 77.351320777154498, 14.129988661537444 ], [ 77.347417714924276, 14.103644836706238 ], [ 77.390564690945951, 14.126648517927965 ], [ 77.400871815887157, 14.118720844097513 ], [ 77.360495296304038, 14.06256891697142 ], [ 77.340455222601719, 14.060200645895589 ], [ 77.332252396721984, 14.030697814933669 ], [ 77.390107247243705, 14.016704760249077 ], [ 77.381591848069249, 13.976242470096217 ], [ 77.42583722742647, 13.986120771098511 ], [ 77.437829985302798, 13.975529354588677 ], [ 77.435311952764181, 13.947522609550251 ], [ 77.412033899823641, 13.945567008617024 ], [ 77.434988906909908, 13.915014390750537 ], [ 77.399966393132516, 13.888297015614441 ], [ 77.397920042593398, 13.906592580031388 ], [ 77.357580258715473, 13.903383646550481 ], [ 77.347786356567426, 13.915973084378322 ], [ 77.3712347812898, 13.952760356611149 ], [ 77.349436272486855, 13.958149514066966 ], [ 77.361040021217605, 13.99082118543337 ], [ 77.336169461890819, 13.995377257157267 ], [ 77.322180269262446, 14.030004366893856 ], [ 77.274946963912839, 14.011294420182653 ], [ 77.270307653255557, 14.034493380888822 ], [ 77.245303561158465, 14.011955575855687 ], [ 77.149172041657735, 14.001175918844709 ], [ 77.127352170019023, 14.047027685814786 ], [ 77.078871765001523, 14.042653262902453 ], [ 77.027634207594858, 14.061761595482688 ], [ 77.0297522347105, 14.088188102938368 ], [ 77.01462502933073, 14.100017464297601 ], [ 77.02328199221418, 14.176702792976707 ], [ 76.960557600912665, 14.181787528136317 ], [ 76.947519461862143, 14.198191905074225 ], [ 76.942323981754555, 14.173347081039378 ], [ 76.894487090280734, 14.16782883115018 ], [ 76.885866201044166, 14.138255863882119 ], [ 76.924933219488196, 14.137125535856384 ], [ 76.977520948360151, 14.071304806823219 ], [ 76.971690079072346, 14.058032197156511 ], [ 76.932335229631491, 14.053941703718062 ], [ 76.931084693009296, 14.030217790114095 ], [ 76.999441914604333, 13.990354566307605 ], [ 76.993714586034514, 13.962579939584424 ], [ 77.04160518867748, 13.933448162446769 ], [ 77.047240437235757, 13.906614605489771 ], [ 77.022976914462205, 13.902610659419652 ], [ 77.014169988621873, 13.86032444755997 ], [ 76.977967378716983, 13.826882833418608 ], [ 76.99844786675871, 13.745589479581563 ], [ 77.016446400400227, 13.738524858110159 ], [ 77.024417683718866, 13.779239000187296 ], [ 77.043315842388182, 13.777808833710253 ], [ 77.064644916776501, 13.743846989312004 ], [ 77.085578803406733, 13.742450210279751 ], [ 77.09038790373755, 13.767154297200884 ], [ 77.172996900908359, 13.762022504503301 ], [ 77.178452642716678, 13.782697330725702 ], [ 77.157463365966038, 13.806043274863887 ], [ 77.168631030237066, 13.829632298636193 ], [ 77.128039058716169, 13.856068903047916 ], [ 77.168526583118975, 13.8645032989537 ], [ 77.16188170363985, 13.906637674711405 ], [ 77.184657496826929, 13.925198274302344 ], [ 77.181335940131291, 13.869855981634286 ], [ 77.200377429495774, 13.863049307335558 ], [ 77.213073985956157, 13.886201867058276 ], [ 77.219797217392681, 13.867729050849762 ], [ 77.235569286484008, 13.904147821346445 ], [ 77.248216105922054, 13.901222258335899 ], [ 77.256640857897807, 13.846533490463726 ], [ 77.311441670015526, 13.866592957211086 ], [ 77.325327449486721, 13.833247655420536 ], [ 77.362376770055903, 13.854255210508537 ], [ 77.381844091407785, 13.839371649684095 ], [ 77.432466057604756, 13.843224424318892 ], [ 77.422513010819287, 13.799100048916802 ], [ 77.464536208793533, 13.806084189518025 ], [ 77.455277079124016, 13.682269223373877 ], [ 77.492057996561073, 13.689816266833182 ], [ 77.484983476237716, 13.714789591564433 ], [ 77.514112109300044, 13.713217404934253 ], [ 77.52517947217801, 13.691009340840955 ], [ 77.536580906832029, 13.730607430559225 ], [ 77.527209631482421, 13.753816673684126 ], [ 77.547386145801667, 13.752906599115757 ], [ 77.560511172601466, 13.722412253389249 ], [ 77.599916500174743, 13.750764501046692 ], [ 77.627660645229582, 13.734604668982124 ], [ 77.642178071499544, 13.746806119568085 ], [ 77.618788167526347, 13.754966717830257 ], [ 77.62101677905008, 13.7684430779109 ], [ 77.680023075729963, 13.786781138352769 ], [ 77.671662526347575, 13.760484406929407 ], [ 77.703239025439956, 13.769791641169531 ], [ 77.717306658958961, 13.74107706178158 ], [ 77.719253716913073, 13.800277606786519 ], [ 77.781479959151852, 13.818294776073751 ], [ 77.78221457983166, 13.844082088202397 ], [ 77.837018722004132, 13.869741510247081 ], [ 77.813439604984325, 13.914624120883126 ], [ 77.826536032120387, 13.944725274081099 ], [ 77.895642130658743, 13.941041440341563 ], [ 77.895764999528353, 13.920361331406239 ], [ 77.926713882562694, 13.905325649187596 ], [ 77.967378857471758, 13.960154654571687 ], [ 77.982569627641013, 13.957685409225947 ], [ 77.984534487509166, 13.897399142130922 ], [ 77.949025274595641, 13.886447439417388 ], [ 77.95292779873499, 13.827352170656701 ], [ 77.97604822429264, 13.829490372662697 ], [ 78.000429977035637, 13.872925888759619 ], [ 78.02117563696946, 13.863824673043 ], [ 78.041274778494937, 13.860262112626536 ], [ 78.046138729058697, 13.862129889243112 ], [ 78.048811853036156, 13.89608893735404 ], [ 78.07894494002835, 13.881151175143952 ], [ 78.081851893677651, 13.861237019405763 ], [ 78.114722120391079, 13.862883767397053 ], [ 78.123580033708635, 13.845349096304279 ], [ 78.113697872083918, 13.80746349707265 ], [ 78.126345469463033, 13.786372080652892 ], [ 78.091466997846481, 13.742272860461313 ], [ 78.120742938445701, 13.715613464019325 ], [ 78.113162764533783, 13.692730908279252 ], [ 78.069018923549777, 13.697804925339394 ], [ 78.087050450515065, 13.643062410494837 ], [ 78.167520143972737, 13.655819722139587 ], [ 78.168165289755279, 13.632846386572625 ], [ 78.204138015389091, 13.628415576738243 ], [ 78.192912171728679, 13.56484083670769 ], [ 78.235987016626282, 13.599264021442595 ], [ 78.259428919579705, 13.58248805250266 ], [ 78.326111613213129, 13.594829388643655 ], [ 78.402196979213699, 13.587249354456866 ], [ 78.374370235865101, 13.50903175495522 ], [ 78.381612268632722, 13.396974215604658 ], [ 78.365747326317461, 13.358644794093946 ], [ 78.408334854936371, 13.34567643674367 ], [ 78.378186572941132, 13.337177549010905 ], [ 78.401039430799813, 13.315460224902854 ], [ 78.427882969866573, 13.331283163786011 ], [ 78.444140713116226, 13.308100957316553 ], [ 78.483336879653706, 13.321160265999428 ], [ 78.479244836142243, 13.301279610140908 ], [ 78.53211290495986, 13.266926218677597 ], [ 78.569471942181139, 13.309212470951847 ], [ 78.58729860026105, 13.280629890005116 ], [ 78.566334786257144, 13.22084269188324 ], [ 78.579397410687392, 13.215615275478946 ], [ 78.549691384577869, 13.189682077496753 ], [ 78.567228662965434, 13.193252574244903 ], [ 78.579697429127663, 13.167349184572297 ], [ 78.550045723245077, 13.164177045326147 ], [ 78.544577173257437, 13.141991663069085 ], [ 78.516976656240118, 13.131579123584718 ], [ 78.538437086780874, 13.105718582607135 ], [ 78.509401324247591, 13.091484049144846 ], [ 78.514181889593402, 13.061844283044517 ], [ 78.462125880724642, 13.043203934013782 ], [ 78.467389974153591, 12.97501228619041 ], [ 78.435259003426836, 12.98103016951832 ], [ 78.437901226256841, 12.96397576961154 ], [ 78.411091265317083, 12.945258859745874 ], [ 78.418745269965598, 12.921715510387747 ], [ 78.437943960013229, 12.929004299786717 ], [ 78.46662409389856, 12.905399526544965 ], [ 78.464697790620747, 12.866753599863962 ], [ 78.445507253682635, 12.911786289151324 ], [ 78.38862323135308, 12.906849430430679 ], [ 78.355803178243207, 12.940732582032103 ], [ 78.339658642482277, 12.903176817006161 ], [ 78.323460312907187, 12.901775837294689 ], [ 78.320257204471645, 12.887251957253186 ], [ 78.33700698464682, 12.882356835675688 ], [ 78.313553842870888, 12.876445931591 ], [ 78.312373071210288, 12.858510904743717 ], [ 78.252124721597767, 12.860544816621376 ], [ 78.23087768495445, 12.760652874918048 ], [ 78.134162909102741, 12.781961750111638 ], [ 78.053260217796648, 12.853851062222187 ], [ 78.023792548868016, 12.856498890525517 ], [ 78.028914511751026, 12.845183595063926 ], [ 78.003843303824098, 12.825594125770102 ], [ 78.009678670078216, 12.805737390794206 ], [ 77.988447067389785, 12.808191239068666 ], [ 77.952262927745466, 12.857116089576152 ], [ 77.939921425011192, 12.853142151204416 ], [ 77.940604618937584, 12.823343892204329 ], [ 77.920482922511951, 12.828157076365194 ], [ 77.94170435806798, 12.871636098496646 ], [ 77.927650188498461, 12.874916050673345 ], [ 77.929252168517706, 12.890915251681038 ], [ 77.890271104473314, 12.869655537845988 ], [ 77.835940719408654, 12.870331065170012 ], [ 77.792389567984472, 12.842705948197271 ], [ 77.809808147481959, 12.831533724485956 ], [ 77.8084631152784, 12.796727456839495 ], [ 77.77876992968757, 12.768009358364367 ], [ 77.79266897458055, 12.747865818012114 ], [ 77.762340770813694, 12.73531706220394 ], [ 77.774375822271935, 12.7242170231673 ], [ 77.763848011808122, 12.699639248336375 ], [ 77.735105950762048, 12.6940251187961 ], [ 77.739851842036202, 12.672992927675679 ], [ 77.711514330990113, 12.68314138062831 ], [ 77.704151650886573, 12.661408389716609 ], [ 77.678578079899893, 12.660393329782508 ], [ 77.676308119821925, 12.6794760116773 ], [ 77.659834006556309, 12.683844733624911 ], [ 77.598796752868026, 12.667163509095653 ], [ 77.606155023141852, 12.628918229305141 ], [ 77.590941768141008, 12.615249065299487 ], [ 77.580271474991662, 12.551595944401992 ], [ 77.587122929256921, 12.514760938271811 ], [ 77.616247124641717, 12.509186044764045 ], [ 77.583600209226418, 12.478801746795025 ], [ 77.60734358139932, 12.475129703912305 ], [ 77.626008572455163, 12.496314496726775 ], [ 77.634545622824589, 12.487604682843948 ], [ 77.616725340986591, 12.36820529822239 ], [ 77.551253332912665, 12.291213761430557 ], [ 77.478975761009806, 12.271281858835522 ], [ 77.471829983623209, 12.208426511892329 ], [ 77.518598468305456, 12.194486956825582 ], [ 77.610669696146729, 12.206150229918878 ], [ 77.733257630234021, 12.178083481897454 ], [ 77.776305082803674, 12.112284043878871 ], [ 77.7088172022316, 12.03602244275115 ], [ 77.675588158749264, 11.952020007392992 ], [ 77.537879270658237, 11.932430739927655 ], [ 77.494695798781549, 11.943893927009812 ], [ 77.486093428314589, 11.887456653985025 ], [ 77.461521088102558, 11.900030852615075 ], [ 77.466506092040746, 11.847127436866286 ], [ 77.427173414817744, 11.760895797421345 ], [ 77.394343886278236, 11.787681049446221 ], [ 77.364734417383701, 11.790452239543317 ], [ 77.335035746679765, 11.771280321216191 ], [ 77.29374193490213, 11.809049722637045 ], [ 77.2497630623335, 11.81306561285772 ], [ 77.238487938893257, 11.794705776206522 ], [ 77.110630168447358, 11.773529321552992 ], [ 77.117588391975701, 11.721127945989716 ], [ 77.080099870691058, 11.736039285560153 ], [ 77.056309414220877, 11.769834341142129 ], [ 77.066803339333859, 11.788038541670211 ], [ 77.034983956449878, 11.769838279221267 ], [ 77.029763366633503, 11.804734936307653 ], [ 76.982873598608137, 11.811910514024092 ], [ 76.969804291610473, 11.776921232208469 ], [ 76.953813136896116, 11.792118165829539 ], [ 76.907884880635066, 11.795309182729886 ], [ 76.900257758071461, 11.783981250374095 ], [ 76.888228353423116, 11.733706673944669 ], [ 76.834880586040413, 11.655480458138882 ], [ 76.853456681612386, 11.597033554335214 ], [ 76.756790139901526, 11.618503083518791 ], [ 76.61385541673117, 11.60762382016182 ], [ 76.559824741086345, 11.622542009200069 ], [ 76.550430060132015, 11.674267134277967 ], [ 76.511547561935586, 11.705053911726132 ], [ 76.458081784670625, 11.664405805529924 ], [ 76.416628012585306, 11.671777959461389 ], [ 76.403346834334641, 11.71132537860343 ], [ 76.427346242533133, 11.726346570741912 ], [ 76.413934755565663, 11.760135275629063 ], [ 76.339641568981122, 11.73904141076021 ], [ 76.280112119530941, 11.812390692173595 ], [ 76.223624768976322, 11.808244568766124 ], [ 76.207380548964963, 11.861576578791368 ], [ 76.190293477451746, 11.871253803405923 ], [ 76.119914704209322, 11.850351881325425 ], [ 76.112401587736727, 11.978763932279273 ], [ 76.003107547552929, 11.931436556391093 ], [ 75.85843528140046, 11.958899505145686 ], [ 75.800993791555044, 12.037005903962569 ], [ 75.802641074512366, 12.079475660427027 ], [ 75.753476788357261, 12.085386772764602 ], [ 75.714636382520098, 12.070493439121201 ], [ 75.703171745995917, 12.108226418423698 ], [ 75.661558964020443, 12.098474605906528 ], [ 75.635845491208059, 12.14842952546077 ], [ 75.592379875568611, 12.146988783929821 ], [ 75.532523725917585, 12.20047376966953 ], [ 75.539694605826497, 12.215645789771841 ], [ 75.484856477691892, 12.289967122251705 ], [ 75.413996193982484, 12.28961665732861 ], [ 75.432069166520023, 12.309060413676956 ], [ 75.410325532204496, 12.347257481149835 ], [ 75.421849170974824, 12.372727199567109 ], [ 75.372396639699559, 12.400235126576852 ], [ 75.365553423883782, 12.456804748985119 ], [ 75.413236738478318, 12.458623915266234 ], [ 75.424873320632713, 12.469568026836303 ], [ 75.417285081646185, 12.498497697337431 ], [ 75.381851503286356, 12.502053620696691 ], [ 75.360018401260092, 12.4650237903801 ], [ 75.336246502187066, 12.464150195910682 ], [ 75.332085415061158, 12.499598231100446 ], [ 75.30412423613538, 12.503330978861053 ], [ 75.302960431853847, 12.522648773010456 ], [ 75.273052821997979, 12.536862489369522 ], [ 75.271981497478322, 12.570230958381766 ], [ 75.289629753736079, 12.583870304842442 ], [ 75.314483255852238, 12.573799126815585 ], [ 75.326101960634162, 12.59365452533547 ], [ 75.275443896535805, 12.619766270638197 ], [ 75.237434095468203, 12.568390079122544 ], [ 75.220248663821252, 12.568187678457898 ], [ 75.200245420147283, 12.588993805508682 ], [ 75.201651995930959, 12.628975909265968 ], [ 75.161016764240927, 12.620978506476774 ], [ 75.137617210564969, 12.644693194738926 ], [ 75.160375447976449, 12.671606851567184 ], [ 75.152380299115649, 12.682249560592915 ], [ 75.111638269416446, 12.680831802910681 ], [ 75.085125346306867, 12.705287183247849 ], [ 75.085171378676975, 12.673875145555943 ], [ 75.046535447364747, 12.666741277778414 ], [ 75.050208190539252, 12.719443913869979 ], [ 75.000954486979097, 12.715465410364127 ], [ 75.011149829159621, 12.727960881183808 ], [ 74.982395206970935, 12.738446450733273 ], [ 75.009384175197326, 12.767576981233832 ], [ 75.003096443417277, 12.791732144312675 ], [ 74.932858670640172, 12.780612192921877 ], [ 74.882244514396305, 12.754119549358844 ], [ 74.864116237078292, 12.761432254440235 ], [ 74.824356234867892, 12.849113757982524 ], [ 74.807472747649214, 12.924253541517354 ], [ 74.820474251605845, 12.929576117745338 ], [ 74.806411579482187, 12.929455346709053 ], [ 74.716303236113745, 13.312637302865124 ], [ 74.693523939497055, 13.343765658794485 ], [ 74.695370307087614, 13.455237609511705 ], [ 74.668455304345073, 13.640226563412648 ], [ 74.645497268139678, 13.682016868224739 ], [ 74.609878220012988, 13.865611076625575 ], [ 74.56915861226328, 13.946839189592717 ], [ 74.513932755082394, 13.986919594966952 ], [ 74.468881650695721, 14.18873843185767 ], [ 74.441610706691506, 14.224628128686106 ], [ 74.39762822469207, 14.408242015688138 ], [ 74.35469306782116, 14.522235031831215 ], [ 74.31017830257484, 14.521429828238205 ], [ 74.31468845346059, 14.545788645061192 ], [ 74.270397690316898, 14.627047805190177 ], [ 74.286402374557767, 14.634279327550784 ], [ 74.284259104782649, 14.663629920355101 ], [ 74.256719647153474, 14.707628616798514 ], [ 74.262762990463855, 14.71987357632079 ], [ 74.234204674419246, 14.74849223345741 ], [ 74.203773184157669, 14.736455616815922 ], [ 74.203997533908293, 14.719343155303019 ], [ 74.092739847480317, 14.804070170451464 ], [ 74.12422712949197, 14.80507104889838 ], [ 74.125072150425225, 14.837954738139441 ], [ 74.08575061859996, 14.90097265646428 ], [ 74.124194342780726, 14.925391529047239 ], [ 74.162087164333727, 14.912206887806869 ], [ 74.163577871835329, 14.958547733701929 ], [ 74.201513677774656, 14.925789827147019 ], [ 74.236669500641923, 14.966910574628626 ], [ 74.252565382732186, 14.959159017219491 ], [ 74.264290391449876, 14.978589647017561 ], [ 74.253575424183154, 14.998210650919848 ], [ 74.296466067735096, 15.041272049991631 ], [ 74.272617289043424, 15.097562286293602 ], [ 74.285109976443323, 15.149097128318031 ], [ 74.316937361519877, 15.186328565911419 ], [ 74.301589598178268, 15.224408599209674 ], [ 74.25109195163013, 15.258918781298517 ], [ 74.276302522393635, 15.283596835099502 ], [ 74.336415785150336, 15.295009757723111 ], [ 74.317002222578338, 15.329184364672129 ], [ 74.323179505595874, 15.367743234453732 ], [ 74.275851953498261, 15.391655031142133 ], [ 74.275430171116156, 15.449252350733186 ], [ 74.250889927709252, 15.491657919593537 ], [ 74.282633159508279, 15.531481894864369 ], [ 74.263134620801949, 15.564001293617986 ], [ 74.245176677536534, 15.566671177921751 ], [ 74.264282700074418, 15.615577253719046 ], [ 74.244142073450774, 15.626173225808122 ], [ 74.250425577759117, 15.657322625655437 ], [ 74.223762580301539, 15.669047837108318 ], [ 74.205112881266729, 15.651101431575338 ], [ 74.180953978986153, 15.682214966328498 ], [ 74.164401460762534, 15.653568546246108 ], [ 74.135529386545386, 15.648442156974371 ], [ 74.088045950694806, 15.672323250871916 ], [ 74.12575449274874, 15.681034151865731 ], [ 74.122149991891419, 15.720798160905758 ], [ 74.161541550088032, 15.751360729982046 ], [ 74.201418452761274, 15.758686241351644 ], [ 74.221015131514065, 15.786062755195756 ], [ 74.233486929490397, 15.787059439790267 ], [ 74.226487353814591, 15.762693564672327 ], [ 74.240239908637577, 15.743385569763266 ], [ 74.268303796441359, 15.754801033530754 ], [ 74.287269953984463, 15.742041364368927 ], [ 74.323055024250337, 15.772739889057739 ], [ 74.358414116103447, 15.774896459464044 ], [ 74.371959637101199, 15.798304449425814 ], [ 74.360611065606676, 15.817842075543172 ], [ 74.383072137627252, 15.84916707398083 ], [ 74.338195919056702, 15.854981698429011 ], [ 74.363243777074487, 15.874983048760162 ], [ 74.364682771260121, 15.893924230050558 ], [ 74.368602519696722, 15.8944219893412 ], [ 74.388127166140123, 15.854314610613368 ], [ 74.40615756571971, 15.855438175556136 ], [ 74.386853180794091, 15.905043294276597 ], [ 74.430819280217662, 15.956643615018027 ], [ 74.463222227574818, 16.039243966617065 ], [ 74.429694141222626, 16.059204041868476 ], [ 74.373400767480589, 16.036496959417789 ], [ 74.377335150371479, 16.055173812467466 ], [ 74.36132817363, 16.05388944603764 ], [ 74.372218812738737, 16.078263580605167 ], [ 74.42761979917924, 16.112017392538391 ], [ 74.48155529203153, 16.08894124006715 ], [ 74.491231211246799, 16.104356616317855 ], [ 74.47983317941106, 16.147176515743986 ], [ 74.507996674210204, 16.202309080495137 ], [ 74.480481802572058, 16.25017656198586 ], [ 74.46862275084095, 16.240236549977816 ], [ 74.417613434686714, 16.258052380462409 ], [ 74.410517532662993, 16.283148541663586 ], [ 74.373011788877719, 16.261688023836168 ], [ 74.35478181508303, 16.29269330244361 ], [ 74.343017866194401, 16.290712618723727 ], [ 74.350463560511656, 16.2754192964555 ], [ 74.324937125026267, 16.271809190880528 ], [ 74.320829316979868, 16.284528373209195 ], [ 74.342551854360977, 16.298079891189563 ], [ 74.316610843677026, 16.326614308977081 ], [ 74.327039031874165, 16.342562006291494 ], [ 74.317197648373437, 16.381056219234836 ], [ 74.335874490902839, 16.393793720732333 ], [ 74.35341452981325, 16.366470795354306 ], [ 74.363699451993924, 16.405143032570358 ], [ 74.335059571616455, 16.401459502980753 ], [ 74.332597585866722, 16.454810643580807 ], [ 74.289281527145661, 16.46302294048326 ], [ 74.29090197832376, 16.504954273880667 ], [ 74.260776898913988, 16.480149335923755 ], [ 74.24737983888997, 16.49696603816583 ], [ 74.278018994492442, 16.504507704632719 ], [ 74.270551862779229, 16.54801615102653 ], [ 74.283145628614932, 16.52464148374267 ], [ 74.301658601368516, 16.529072054895678 ], [ 74.306149529205484, 16.503744894149488 ], [ 74.31572098872627, 16.55450627968175 ], [ 74.356254023577989, 16.55979834455049 ], [ 74.357932628992614, 16.538393129838653 ], [ 74.379839446771072, 16.528643119232619 ], [ 74.396633539940893, 16.583317859936262 ], [ 74.466719079718388, 16.606871621076134 ], [ 74.454790660979327, 16.647344691686072 ], [ 74.468750982652779, 16.663851915160219 ], [ 74.489041682726125, 16.630193665323322 ], [ 74.544496657915175, 16.635516715984618 ], [ 74.543499775884797, 16.595366843835286 ], [ 74.566901059716031, 16.585436579439289 ], [ 74.554852688937089, 16.564560188789557 ], [ 74.568543076749151, 16.55391684243213 ], [ 74.628639649706187, 16.57777911259446 ], [ 74.640020499465493, 16.610500658938339 ], [ 74.686988359835141, 16.606834239737903 ], [ 74.653485330191174, 16.638875975516903 ], [ 74.689557912551948, 16.677071492795108 ], [ 74.691027617442231, 16.715587162401849 ], [ 74.732099714227942, 16.718369050964853 ], [ 74.771977836813349, 16.750726574399181 ], [ 74.849828631299061, 16.772798738025674 ], [ 74.919452160339389, 16.772533520631054 ], [ 74.901524935863421, 16.862592176559485 ], [ 74.960370023577354, 16.880988290641255 ], [ 74.963588221913028, 16.909752191399839 ], [ 74.921785834327181, 16.929902994479871 ], [ 74.931717502107205, 16.94479633085782 ], [ 74.964554298915658, 16.92681710909801 ], [ 74.964365290684938, 16.947673892031837 ], [ 74.992919079220542, 16.952110671198348 ], [ 75.026595570850944, 16.944176116914999 ], [ 75.025244474120896, 16.928042257666508 ], [ 75.089343368655449, 16.951621077226815 ], [ 75.096317656756014, 16.913782281928675 ], [ 75.117491377397428, 16.913483395918064 ], [ 75.136491502038012, 16.874526564235499 ], [ 75.18899544145016, 16.875318197332557 ], [ 75.181855093481119, 16.843440521051125 ], [ 75.214209657577058, 16.84173698265171 ], [ 75.23766863301249, 16.867978159309239 ], [ 75.264727199113835, 16.86283677728456 ], [ 75.282037580128588, 16.880327110824489 ], [ 75.279611455125007, 16.956592633046331 ], [ 75.350059332168954, 16.95785177060829 ], [ 75.392143654210102, 16.980125273555014 ], [ 75.427886185654017, 16.966528734966126 ], [ 75.465560578252422, 16.98839856080636 ], [ 75.489085235806456, 16.944456178112091 ], [ 75.529321906564448, 16.969432600379864 ], [ 75.567659586422579, 16.965778136570616 ], [ 75.573105287760953, 17.00963842224828 ], [ 75.606895404596713, 17.004597338089805 ], [ 75.607870408158306, 16.971028758534239 ], [ 75.633939204191421, 16.970290491311392 ], [ 75.64476403541741, 16.954110063775371 ], [ 75.670327890225948, 16.962082839459857 ], [ 75.669702056425393, 17.038190763965932 ], [ 75.641006652976827, 17.037612329539737 ], [ 75.676723808810593, 17.065446113377863 ], [ 75.672297862406339, 17.116025885961122 ], [ 75.650356260961772, 17.115722685698049 ], [ 75.625386863597541, 17.174030711354561 ], [ 75.661922379265278, 17.214607255732464 ], [ 75.657727530756048, 17.263237215344496 ], [ 75.603746704422974, 17.305533365814529 ], [ 75.610038105820948, 17.345070032863436 ], [ 75.580858546366883, 17.351253099232764 ], [ 75.574156295083796, 17.38332916753653 ], [ 75.613529928297226, 17.391944569292665 ], [ 75.606615149092676, 17.420401760579175 ], [ 75.632994477448136, 17.477243145727424 ], [ 75.675890154260657, 17.455971389664033 ], [ 75.690742914439625, 17.40950185634707 ], [ 75.733608195856178, 17.420120643595975 ], [ 75.792952922039561, 17.369724480723921 ], [ 75.813672467049727, 17.372786768789201 ], [ 75.82145367583739, 17.421249049062084 ], [ 75.851096770469667, 17.410551331640473 ], [ 75.860890420191097, 17.385621032282277 ], [ 75.884201094552893, 17.417985150587917 ], [ 75.890593559115274, 17.356548096994725 ], [ 75.93083041043468, 17.322598171176217 ], [ 76.014343398445604, 17.353557394153842 ], [ 76.060546044211833, 17.355331205616391 ], [ 76.079140406126811, 17.331625759099861 ], [ 76.118964105179032, 17.370526872441843 ], [ 76.162628007747799, 17.345242212776466 ], [ 76.176324420560448, 17.300809611946569 ], [ 76.17032498240961, 17.352646178552884 ], [ 76.242097378627548, 17.378857959352796 ], [ 76.250737469353368, 17.360453599459891 ], [ 76.272018973455815, 17.360612394739821 ], [ 76.276369862024808, 17.334594777068947 ], [ 76.317672612039516, 17.332395707579284 ], [ 76.314353574219922, 17.348409853259007 ], [ 76.345308616103821, 17.354467671493865 ], [ 76.354020409457249, 17.314336095251068 ], [ 76.383168509910092, 17.314544953025774 ], [ 76.412197642876578, 17.351086389412902 ], [ 76.409129844977329, 17.371406339192426 ], [ 76.363436172972953, 17.377687243595638 ], [ 76.371520865901303, 17.436442387738538 ], [ 76.333273093030087, 17.433920321941297 ], [ 76.330698476510022, 17.470212728625427 ], [ 76.375527375424682, 17.490238310056164 ], [ 76.345776011342792, 17.492548667109983 ], [ 76.346583580613526, 17.51259813327534 ], [ 76.367230855260772, 17.519471304053628 ], [ 76.362752400531534, 17.537390957617685 ], [ 76.340704722424931, 17.542493210074102 ], [ 76.33129961292849, 17.597437052896126 ], [ 76.419697653827484, 17.603727304636465 ], [ 76.429204642158624, 17.644970284776345 ], [ 76.489761941261989, 17.660515183528666 ], [ 76.487241688087977, 17.714779349959386 ], [ 76.523916025806429, 17.715167287585082 ], [ 76.52329024051491, 17.759812293236955 ], [ 76.572747412486905, 17.760541072328632 ], [ 76.570308918580182, 17.705420310478747 ], [ 76.5820363743087, 17.705696489440776 ], [ 76.61534534449514, 17.770410155649408 ], [ 76.664201538152184, 17.687573648914974 ], [ 76.69085240476015, 17.681017898682271 ], [ 76.699659081767152, 17.727261835524196 ], [ 76.728283979143995, 17.737573032935053 ], [ 76.714105238397408, 17.780952284751173 ], [ 76.762052205832887, 17.787028598418232 ], [ 76.790407843983104, 17.82634508336897 ], [ 76.76751420530546, 17.852138518137469 ], [ 76.738496988491235, 17.856693135570179 ], [ 76.739987470515672, 17.899712447393384 ], [ 76.768176233127136, 17.90116302584207 ], [ 76.775064642286523, 17.877723850870616 ], [ 76.806684154511373, 17.870585761248329 ], [ 76.810230691574972, 17.887051739327312 ], [ 76.83973992285685, 17.899384147550819 ], [ 76.884282662539405, 17.894302225702283 ], [ 76.901279682436993, 17.917251265268614 ], [ 76.91899602919662, 17.915962514196014 ], [ 76.90566015612157, 18.009718035959995 ], [ 76.914331955580209, 18.035369341451549 ], [ 76.952321728708569, 18.040226895740638 ], [ 76.945231065659584, 18.083208285769238 ], [ 76.966367080415253, 18.098208316449753 ], [ 76.920517453691048, 18.118190492426706 ], [ 76.951953252355452, 18.188106211429062 ], [ 76.990627728579852, 18.189994123927367 ], [ 77.001132177456398, 18.160905789723017 ], [ 77.023321933108321, 18.158515566747699 ], [ 77.033196018878655, 18.181998569284659 ], [ 77.063975644940385, 18.150657607175923 ], [ 77.111560569756804, 18.155838320547513 ], [ 77.097616893865563, 18.196728390336609 ], [ 77.151540139985585, 18.217048855139737 ], [ 77.174830987630713, 18.284865088541459 ], [ 77.21303215680328, 18.280323100764917 ], [ 77.198731900948218, 18.315454996117857 ], [ 77.219086673359172, 18.325732976088144 ], [ 77.225850955109223, 18.365222146172748 ], [ 77.246411052749735, 18.370767480376966 ], [ 77.233705498763442, 18.38820254789265 ], [ 77.241788637606334, 18.412608846117354 ], [ 77.316872346132442, 18.442253554107737 ], [ 77.31990605745824, 18.458027617671995 ], [ 77.332319907810515, 18.450861406943009 ] ] ], [ [ [ 74.292720134322821, 15.831043103586872 ], [ 74.314000718550432, 15.799232033308193 ], [ 74.302517910006372, 15.787765945264429 ], [ 74.267559307768167, 15.796865774081441 ], [ 74.263679714024804, 15.828848461967308 ], [ 74.292720134322821, 15.831043103586872 ] ] ] ] } },
{ "type": "Feature", "properties": { "Name": "Kerala" }, "geometry": { "type": "Polygon", "coordinates": [ [ [ 74.988963130474616, 12.795531086281892 ], [ 75.009384175197326, 12.767576981233832 ], [ 74.982395206970935, 12.738446450733273 ], [ 75.011149829159621, 12.727960881183808 ], [ 75.000954486979097, 12.715465410364127 ], [ 75.050208190539252, 12.719443913869979 ], [ 75.046535447364747, 12.666741277778414 ], [ 75.085171378676975, 12.673875145555943 ], [ 75.085125346306867, 12.705287183247849 ], [ 75.111638269416446, 12.680831802910681 ], [ 75.152380299115649, 12.682249560592915 ], [ 75.160375447976449, 12.671606851567184 ], [ 75.137617210564969, 12.644693194738926 ], [ 75.161016764240927, 12.620978506476774 ], [ 75.201651995930959, 12.628975909265968 ], [ 75.200245420147283, 12.588993805508682 ], [ 75.220248663821252, 12.568187678457898 ], [ 75.237434095468203, 12.568390079122544 ], [ 75.275443896535805, 12.619766270638197 ], [ 75.326101960634162, 12.59365452533547 ], [ 75.314483255852238, 12.573799126815585 ], [ 75.289629753736079, 12.583870304842442 ], [ 75.271981497478322, 12.570230958381766 ], [ 75.26965130176734, 12.54960036190081 ], [ 75.280017957164119, 12.524172654605005 ], [ 75.302960431853847, 12.522648773010456 ], [ 75.30412423613538, 12.503330978861053 ], [ 75.332085415061158, 12.499598231100446 ], [ 75.336246502187066, 12.464150195910682 ], [ 75.360018401260092, 12.4650237903801 ], [ 75.381851503286356, 12.502053620696691 ], [ 75.415713258969376, 12.500461781573048 ], [ 75.423180463446116, 12.466825063348416 ], [ 75.393324142003053, 12.451430990494931 ], [ 75.365553423883782, 12.456804748985119 ], [ 75.372396639699559, 12.400235126576852 ], [ 75.421849170974824, 12.372727199567109 ], [ 75.410325532204496, 12.347257481149835 ], [ 75.432069166520023, 12.309060413676956 ], [ 75.413996193982484, 12.28961665732861 ], [ 75.484856477691892, 12.289967122251705 ], [ 75.539694605826497, 12.215645789771841 ], [ 75.532523725917585, 12.20047376966953 ], [ 75.576939539938692, 12.156886606091447 ], [ 75.635845491208059, 12.14842952546077 ], [ 75.661558964020443, 12.098474605906528 ], [ 75.703171745995917, 12.108226418423698 ], [ 75.714636382520098, 12.070493439121201 ], [ 75.753476788357261, 12.085386772764602 ], [ 75.802641074512366, 12.079475660427027 ], [ 75.800993791555044, 12.037005903962569 ], [ 75.829380564414677, 11.984557975717838 ], [ 75.870006330556578, 11.95195586253592 ], [ 76.003107547552929, 11.931436556391093 ], [ 76.112401587736727, 11.978763932279273 ], [ 76.119914704209322, 11.850351881325425 ], [ 76.190293477451746, 11.871253803405923 ], [ 76.207380548964963, 11.861576578791368 ], [ 76.223624768976322, 11.808244568766124 ], [ 76.280112119530941, 11.812390692173595 ], [ 76.339641568981122, 11.73904141076021 ], [ 76.413934755565663, 11.760135275629063 ], [ 76.427346156294874, 11.726012041319912 ], [ 76.403364792555479, 11.707795218248021 ], [ 76.44332903213558, 11.643658142843153 ], [ 76.387996650033358, 11.629703510009058 ], [ 76.377881458237425, 11.601946055344619 ], [ 76.335776444402001, 11.595773587554055 ], [ 76.302283147105811, 11.571263823232181 ], [ 76.278906035142285, 11.600848812744642 ], [ 76.234253400957741, 11.571321522462457 ], [ 76.251397603526399, 11.536882803272045 ], [ 76.239664038355627, 11.526688710518778 ], [ 76.24714296584682, 11.467944004441645 ], [ 76.284332311310948, 11.482959526754831 ], [ 76.325930210897113, 11.454017992480887 ], [ 76.34212277328804, 11.46763057528276 ], [ 76.397822357932341, 11.436313704646681 ], [ 76.418600993223563, 11.441819298774943 ], [ 76.415518445885695, 11.423208162253667 ], [ 76.460275209184687, 11.388841390449992 ], [ 76.517645883937959, 11.371597137979116 ], [ 76.508078847721649, 11.354159436475079 ], [ 76.547750868034782, 11.358918540873004 ], [ 76.545646105442657, 11.300345935792446 ], [ 76.521582951893237, 11.270613842071322 ], [ 76.452980544124586, 11.239404528106824 ], [ 76.438511620591768, 11.198997569817374 ], [ 76.458332165801551, 11.187714868574124 ], [ 76.472256471320321, 11.208783681760252 ], [ 76.49572856575216, 11.211402628361645 ], [ 76.533761066348688, 11.185628283173516 ], [ 76.628839359687746, 11.194198059077477 ], [ 76.705725915123907, 11.240390185010559 ], [ 76.734464055922075, 11.218019389721274 ], [ 76.728543453920537, 11.191381235381838 ], [ 76.69789590805334, 11.174150029287233 ], [ 76.700111335003683, 11.153576372466651 ], [ 76.747985308034117, 11.135423848688973 ], [ 76.746408837474021, 11.056694480912407 ], [ 76.77804310812067, 11.042120917904215 ], [ 76.80069494368, 11.053920634951988 ], [ 76.766484898584935, 11.029121351496308 ], [ 76.718073174262457, 11.040943640204283 ], [ 76.699626414531835, 11.026601457905567 ], [ 76.658977140377303, 10.930530688618818 ], [ 76.740668502197181, 10.89100345821805 ], [ 76.828307289712995, 10.87257735162488 ], [ 76.853777763749434, 10.839622688656757 ], [ 76.848164253522725, 10.819466257350875 ], [ 76.90068162274838, 10.80796214627143 ], [ 76.907208159070279, 10.783343957591937 ], [ 76.892100320469737, 10.718410251951955 ], [ 76.86742154606624, 10.694216987357755 ], [ 76.882041801588443, 10.638900568866926 ], [ 76.814192262876247, 10.634984127691416 ], [ 76.810041806413466, 10.623776650455708 ], [ 76.817395794418317, 10.602672379433768 ], [ 76.838521932197409, 10.596262857026108 ], [ 76.843008360373133, 10.536613527949118 ], [ 76.815956676265159, 10.422936075483175 ], [ 76.848538018257941, 10.367347299279995 ], [ 76.829847934561258, 10.303084229807229 ], [ 76.848487417954615, 10.284451957372781 ], [ 76.873069854332115, 10.297476493088825 ], [ 76.873182795021194, 10.275605316722299 ], [ 76.911794828451917, 10.234188650001407 ], [ 76.983513493737831, 10.219586724496416 ], [ 77.048352777034609, 10.259353922691664 ], [ 77.043540602668898, 10.283991019372392 ], [ 77.0913504081403, 10.314987277030955 ], [ 77.120077116079855, 10.317961576349596 ], [ 77.175917853004734, 10.358501408443678 ], [ 77.235176825112788, 10.352795374796013 ], [ 77.227266755692568, 10.316498865746226 ], [ 77.263479964819481, 10.263819866799922 ], [ 77.259042023211236, 10.230382860076094 ], [ 77.280863890906545, 10.236664302211015 ], [ 77.295203296240018, 10.218468697782397 ], [ 77.274518134247359, 10.184857817692867 ], [ 77.267639677522979, 10.122129283145393 ], [ 77.23845876520609, 10.130766436504626 ], [ 77.201106077277259, 10.107125899103504 ], [ 77.263819913374121, 10.029227437309515 ], [ 77.254650765251668, 10.012366829727258 ], [ 77.272712300439025, 9.964212738732934 ], [ 77.246562352399778, 9.951936697925021 ], [ 77.218269150755063, 9.904828067622276 ], [ 77.212462671625559, 9.877416931074716 ], [ 77.237203623819767, 9.851909084832096 ], [ 77.221792245383014, 9.822977636909767 ], [ 77.246717898386152, 9.798375677188032 ], [ 77.222709676816379, 9.788284472455453 ], [ 77.22379551990764, 9.730362538920696 ], [ 77.203443050777082, 9.722099682676131 ], [ 77.206603328438163, 9.694645199964334 ], [ 77.165746469791159, 9.612856291672967 ], [ 77.208804431751332, 9.613465277452368 ], [ 77.23416914712935, 9.581562136008541 ], [ 77.269561490122683, 9.572788004275145 ], [ 77.317667215920025, 9.602522447000082 ], [ 77.339345520256529, 9.573337240979058 ], [ 77.360976503140463, 9.602278283391888 ], [ 77.350110765331394, 9.567098063626569 ], [ 77.365410437364247, 9.535106131258381 ], [ 77.385024696147141, 9.519247611271703 ], [ 77.400353808666793, 9.527379499919551 ], [ 77.412242437428631, 9.508992861578273 ], [ 77.392458105104581, 9.459365827166001 ], [ 77.365844972230079, 9.460098489604635 ], [ 77.349202961142936, 9.441110383649978 ], [ 77.325130090517106, 9.337132148091657 ], [ 77.299899381321566, 9.336713929179332 ], [ 77.299378540814786, 9.310930072854303 ], [ 77.282886025560572, 9.301328862341494 ], [ 77.282135922416856, 9.216800867192644 ], [ 77.252391927215228, 9.189453735117663 ], [ 77.267717597390714, 9.1533282456408 ], [ 77.211983130265637, 9.099795838081659 ], [ 77.197091540408479, 9.046457025557377 ], [ 77.166928711095565, 9.044797342710522 ], [ 77.146925491676114, 9.021273026653368 ], [ 77.196121064355893, 8.954603558890911 ], [ 77.192628525024034, 8.926218052752878 ], [ 77.221220910574118, 8.927423308326464 ], [ 77.221064594731544, 8.90396939765566 ], [ 77.258255025360512, 8.874874749269399 ], [ 77.263907306874884, 8.841971041663207 ], [ 77.229632100684015, 8.784565322876045 ], [ 77.196776036809339, 8.768214654205805 ], [ 77.190963591968, 8.741543868647929 ], [ 77.169905830355063, 8.74175214047326 ], [ 77.206657658546561, 8.684435171820956 ], [ 77.200769058128728, 8.668867469462471 ], [ 77.251357535131888, 8.620236599090703 ], [ 77.246266649466122, 8.603488256781846 ], [ 77.283670840505152, 8.546748473943628 ], [ 77.261528165557266, 8.506172050606356 ], [ 77.201188813911529, 8.500867394474598 ], [ 77.226908750102382, 8.446627445017805 ], [ 77.205888521000318, 8.443894498144834 ], [ 77.167580293307097, 8.383619250922571 ], [ 77.150586428292812, 8.384354629783711 ], [ 77.152296657998733, 8.354970665853442 ], [ 77.17379215786984, 8.358419101675732 ], [ 77.17547669575859, 8.319898086620334 ], [ 77.148135813417966, 8.331607315514532 ], [ 77.097643289063541, 8.293480119385535 ], [ 76.981672714566642, 8.381877167373986 ], [ 76.969904925380149, 8.414376653984929 ], [ 76.670702374572116, 8.79188761485168 ], [ 76.602161534638071, 8.869337563118103 ], [ 76.548477757813259, 8.899648741561688 ], [ 76.481679337815024, 9.124211842759479 ], [ 76.463610202880346, 9.133398401263799 ], [ 76.323945681517486, 9.460548001747558 ], [ 76.276882825204851, 9.808690120258092 ], [ 76.233047659725514, 9.991066443203156 ], [ 76.093901263262325, 10.393607320266375 ], [ 75.900686047789051, 10.803896282604835 ], [ 75.851157807399943, 11.054975132871917 ], [ 75.738530592608967, 11.329290177818132 ], [ 75.738621467081401, 11.358486237537308 ], [ 75.687612619847755, 11.440005007903272 ], [ 75.61979083638289, 11.478657784876734 ], [ 75.557807524648098, 11.651695850046561 ], [ 75.510286668576057, 11.729657760732845 ], [ 75.47273098205423, 11.769788745427988 ], [ 75.457219873552987, 11.76723733627335 ], [ 75.387048188034697, 11.859101743179959 ], [ 75.356861510247597, 11.855769179318534 ], [ 75.319854008051493, 11.900393455209752 ], [ 75.315383638159815, 11.953157781606963 ], [ 75.287363605209848, 11.986451445813936 ], [ 75.30058944274748, 11.954032477331147 ], [ 75.242495907159807, 12.022305649959728 ], [ 75.2029834096748, 12.005361094261776 ], [ 75.058154316538349, 12.352182512003864 ], [ 74.973508981450564, 12.501153289038076 ], [ 74.866726753870353, 12.750084040864873 ], [ 74.932858670640172, 12.780612192921877 ], [ 74.981864390672882, 12.779697158293871 ], [ 74.988963130474616, 12.795531086281892 ] ] ] } },
{ "type": "Feature", "properties": { "Name": "Lakshadweep" }, "geometry": { "type": "MultiPolygon", "coordinates": [ [ [ [ 73.080250656263061, 8.326507351867404 ], [ 73.066383998330991, 8.281588841286343 ], [ 73.04812212985216, 8.263931104518898 ], [ 73.020148398766878, 8.268029344505628 ], [ 73.055023661601226, 8.283229518974547 ], [ 73.067875569113568, 8.31033331746263 ], [ 73.077194073830142, 8.327165769359198 ], [ 73.080264729270283, 8.33038812426212 ], [ 73.080250656263061, 8.326507351867404 ] ], [ [ 73.06481049221135, 8.293755511425717 ], [ 73.07026304769532, 8.310841143842353 ], [ 73.076899946541502, 8.324452340625655 ], [ 73.068293198584144, 8.309592087224358 ], [ 73.06481049221135, 8.293755511425717 ] ] ], [ [ [ 73.667248071849031, 10.818646406415679 ], [ 73.698606085392996, 10.817470588715297 ], [ 73.700918940025758, 10.815399963698408 ], [ 73.67091763408915, 10.805076786044133 ], [ 73.667248071849031, 10.818646406415679 ] ] ], [ [ [ 72.643383180914, 10.57943486341556 ], [ 72.648928305093079, 10.564649344920593 ], [ 72.616441601513756, 10.543278361764893 ], [ 72.639856533449077, 10.580352555185881 ], [ 72.643383180914, 10.57943486341556 ] ] ], [ [ [ 72.761333476108788, 11.183933574867149 ], [ 72.778711168786074, 11.243688542954736 ], [ 72.789460095065508, 11.261491475631548 ], [ 72.77633494878981, 11.218493899425145 ], [ 72.761333476108788, 11.183933574867149 ] ] ], [ [ [ 72.203547763494356, 10.87961265138228 ], [ 72.202086960010263, 10.87045089277227 ], [ 72.178984403740245, 10.829919776491696 ], [ 72.169372847018451, 10.819280867489249 ], [ 72.203547763494356, 10.87961265138228 ] ] ], [ [ [ 72.719507396355624, 11.115041106525146 ], [ 72.717799708881969, 11.128366380838449 ], [ 72.732919335175708, 11.137464807984333 ], [ 72.730471769182898, 11.126762476525313 ], [ 72.719507396355624, 11.115041106525146 ] ] ], [ [ [ 73.646934191648128, 10.073535797386111 ], [ 73.640375255788882, 10.058334498151901 ], [ 73.650388446579242, 10.10306635237365 ], [ 73.646998464310087, 10.082418051744559 ], [ 73.646934191648128, 10.073535797386111 ] ] ], [ [ [ 73.007636882678611, 11.470846477593593 ], [ 72.997410483043723, 11.498295256119084 ], [ 72.998784536220867, 11.499516258616081 ], [ 73.009177769173647, 11.488677806956542 ], [ 73.007636882678611, 11.470846477593593 ] ] ], [ [ [ 72.711473985551962, 11.687571443080166 ], [ 72.704805500143763, 11.683803721443439 ], [ 72.715748260403601, 11.704975707788016 ], [ 72.716625942283997, 11.69577773511846 ], [ 72.711473985551962, 11.687571443080166 ] ] ], [ [ [ 72.288118291376875, 10.947616532933926 ], [ 72.292747172593721, 10.947174990797436 ], [ 72.288803209170325, 10.93678242103063 ], [ 72.283959057475428, 10.93863856067164 ], [ 72.288118291376875, 10.947616532933926 ] ] ], [ [ [ 73.659538204566289, 10.15531497129845 ], [ 73.663382923913716, 10.142260284128934 ], [ 73.660567269640012, 10.130996097798546 ], [ 73.659194040218011, 10.13034531741623 ], [ 73.659538204566289, 10.15531497129845 ] ] ], [ [ [ 72.324776593269206, 10.951413455217397 ], [ 72.319796533658376, 10.947113900370752 ], [ 72.314656098718146, 10.944690138596231 ], [ 72.316305937382438, 10.950742848829812 ], [ 72.324776593269206, 10.951413455217397 ] ] ], [ [ [ 72.331590909383962, 10.131250814917445 ], [ 72.326623075844125, 10.130951693992648 ], [ 72.327360566641261, 10.139820461254471 ], [ 72.3310155213765, 10.134093971665681 ], [ 72.331590909383962, 10.131250814917445 ] ] ], [ [ [ 72.283227087724043, 10.042213753006861 ], [ 72.284785124854494, 10.047444095529794 ], [ 72.289809024047827, 10.0542757042566 ], [ 72.287964129694345, 10.046699282393799 ], [ 72.283227087724043, 10.042213753006861 ] ] ], [ [ [ 72.189646424304144, 11.600131920387566 ], [ 72.185960711253557, 11.599757568094081 ], [ 72.184503515403634, 11.602713721072545 ], [ 72.187597833366695, 11.602265673818831 ], [ 72.189646424304144, 11.600131920387566 ] ] ], [ [ [ 73.014843100514156, 8.300580823753435 ], [ 73.011779599256911, 8.30075433082586 ], [ 73.013816897472935, 8.30373091115057 ], [ 73.015186336004433, 8.302438585999571 ], [ 73.014843100514156, 8.300580823753435 ] ] ], [ [ [ 72.16800084739009, 10.816049245524068 ], [ 72.168137747944456, 10.813933883732508 ], [ 72.164114583655703, 10.814042735503506 ], [ 72.165920660009149, 10.815800876193869 ], [ 72.16800084739009, 10.816049245524068 ] ] ], [ [ [ 72.337305823236605, 10.105305574101372 ], [ 72.335582123293008, 10.102168363444248 ], [ 72.334181962378779, 10.100938582913953 ], [ 72.335927967490846, 10.107511288121822 ], [ 72.337305823236605, 10.105305574101372 ] ] ], [ [ [ 73.627226276310338, 10.074837929072752 ], [ 73.627098596064059, 10.073626427814482 ], [ 73.625443017165111, 10.073594765674905 ], [ 73.626879664951218, 10.075362260632881 ], [ 73.627727977311707, 10.075271774859669 ], [ 73.627226276310338, 10.074837929072752 ] ] ], [ [ [ 72.332437518538654, 10.953019376723381 ], [ 72.330713331708196, 10.951658562962681 ], [ 72.329592655543479, 10.952585011150401 ], [ 72.332355046907352, 10.953936898864775 ], [ 72.332437518538654, 10.953019376723381 ] ] ], [ [ [ 72.334540805198827, 10.957467410903018 ], [ 72.333612275978425, 10.957489839459814 ], [ 72.333401334481721, 10.960346446359855 ], [ 72.334659430427024, 10.958922898214109 ], [ 72.334540805198827, 10.957467410903018 ] ] ], [ [ [ 72.334106511979755, 10.956246980351313 ], [ 72.333676776812439, 10.954515796763099 ], [ 72.333132544175655, 10.954149560316848 ], [ 72.332249495759811, 10.956025202889906 ], [ 72.334106511979755, 10.956246980351313 ] ] ], [ [ [ 73.633665230485335, 10.072636558612151 ], [ 73.633072299278652, 10.072509980404158 ], [ 73.632801331456392, 10.073275400489784 ], [ 73.633864256728103, 10.073416221858302 ], [ 73.633665230485335, 10.072636558612151 ] ] ], [ [ [ 73.632416658478675, 10.070371977352034 ], [ 73.632106562737562, 10.069906381985582 ], [ 73.631541049011688, 10.070123298097123 ], [ 73.632197810010823, 10.071086088892182 ], [ 73.632416658478675, 10.070371977352034 ] ] ], [ [ [ 73.630031381667678, 10.069336818177375 ], [ 73.629593536509987, 10.069720989388172 ], [ 73.630925333834455, 10.069784282583443 ], [ 73.630487471608802, 10.069395566114183 ], [ 73.630031381667678, 10.069336818177375 ] ] ], [ [ [ 73.6517116730776, 10.109720050454618 ], [ 73.651255455575722, 10.109842124101485 ], [ 73.651305648043873, 10.110633166576658 ], [ 73.651802899689628, 10.110307673219433 ], [ 73.6517116730776, 10.109720050454618 ] ] ], [ [ [ 73.630155951946449, 10.074280978481431 ], [ 73.62974596174908, 10.074461093512525 ], [ 73.630421308891471, 10.07495348065107 ], [ 73.630408577068948, 10.074617717965667 ], [ 73.630155951946449, 10.074280978481431 ] ] ], [ [ [ 73.013203004079102, 8.303218357294181 ], [ 73.012862610858377, 8.303340339087264 ], [ 73.012935059087738, 8.30357986518081 ], [ 73.01325276984754, 8.303507691986995 ], [ 73.013203004079102, 8.303218357294181 ] ] ] ] } },
{ "type": "Feature", "properties": { "Name": "Madhya Pradesh" }, "geometry": { "type": "Polygon", "coordinates": [ [ [ 78.372109108921336, 26.864060796057057 ], [ 78.395233724221441, 26.81710750738964 ], [ 78.433543297590944, 26.825746796561376 ], [ 78.460668727993848, 26.787642272889649 ], [ 78.521018648318915, 26.780584065795566 ], [ 78.576245180134592, 26.748798790413474 ], [ 78.608281412734897, 26.749707425866962 ], [ 78.629977720207975, 26.773231884392988 ], [ 78.672881092887522, 26.764496677425534 ], [ 78.683512434187818, 26.788290805989504 ], [ 78.725574890336659, 26.795931394471683 ], [ 78.729968210828105, 26.775085554621221 ], [ 78.751652294925137, 26.786901055474793 ], [ 78.815866485531458, 26.762356985305331 ], [ 78.871744865460016, 26.698114526137822 ], [ 78.909671454684556, 26.707014063730323 ], [ 78.955568606778868, 26.691779050172038 ], [ 78.945494316176124, 26.654828946015954 ], [ 79.004790655505033, 26.673349792795904 ], [ 78.993630953900691, 26.641033197184562 ], [ 79.016542802327479, 26.600658572320334 ], [ 78.989127458632908, 26.595618861558883 ], [ 78.990104091738445, 26.578033901750487 ], [ 79.007745174050328, 26.543876101743994 ], [ 79.028339622368961, 26.546693931991701 ], [ 79.039662504741315, 26.515120308772616 ], [ 79.068128685977115, 26.496623631190079 ], [ 79.052617424762261, 26.453739897798044 ], [ 79.135179899082829, 26.440133109160428 ], [ 79.12598564753975, 26.411255449063919 ], [ 79.095208233130236, 26.412637926068154 ], [ 79.084175627867268, 26.35930154927452 ], [ 79.138836670211603, 26.337545098762426 ], [ 79.115533090743952, 26.32050906139342 ], [ 79.117422413974751, 26.298937167325963 ], [ 79.101934443380287, 26.306846822231417 ], [ 79.090653803385862, 26.270059241982977 ], [ 79.077014090437316, 26.280651959165588 ], [ 79.045649394325977, 26.260338696242208 ], [ 79.069696477913268, 26.245701104061943 ], [ 79.063445983996658, 26.225909022084331 ], [ 79.034944951721101, 26.225325477766692 ], [ 79.019443286310079, 26.247613790848884 ], [ 78.991729879807664, 26.238969378591193 ], [ 79.025822462992821, 26.220102444404713 ], [ 79.0265421087568, 26.191323364431632 ], [ 78.993703759659553, 26.196897373587941 ], [ 78.983035203851969, 26.184315666185746 ], [ 79.004469553605048, 26.169219747805514 ], [ 79.004896210245874, 26.148053906491725 ], [ 78.966993295222352, 26.150148246463676 ], [ 78.948907742677562, 26.128685506378726 ], [ 79.011909480738197, 26.082669413170539 ], [ 78.948299411652002, 26.027754505651984 ], [ 78.956819595253634, 25.996545995388715 ], [ 78.933184379342663, 25.979339812301752 ], [ 78.938961609326526, 25.9426948017847 ], [ 78.884638913840689, 25.913937045221886 ], [ 78.890093353091842, 25.874472910456163 ], [ 78.852365851195529, 25.856536396291734 ], [ 78.850574257481085, 25.811218378055738 ], [ 78.818173499318263, 25.829148295129205 ], [ 78.805544133247849, 25.813563468273092 ], [ 78.82801107665712, 25.814388584158124 ], [ 78.828735525712958, 25.795583653061612 ], [ 78.808311662975186, 25.800942069750729 ], [ 78.782947636604973, 25.75816326288157 ], [ 78.752922916080436, 25.750941095354523 ], [ 78.763330515789576, 25.71993191709921 ], [ 78.799910673235331, 25.705070212772934 ], [ 78.816703192556773, 25.676323257092776 ], [ 78.811761567365352, 25.620784033883549 ], [ 78.742152868612038, 25.596994594581989 ], [ 78.717332461329278, 25.605330676096777 ], [ 78.658279622934558, 25.559854887213522 ], [ 78.624195695915446, 25.56737977204223 ], [ 78.630799528674302, 25.578933969292017 ], [ 78.618138905723583, 25.583664059274351 ], [ 78.587744179913344, 25.556601510515936 ], [ 78.493340512369457, 25.578703938352074 ], [ 78.46469549812015, 25.54551457796477 ], [ 78.443600954089575, 25.563209709613012 ], [ 78.41935692924929, 25.532848134929644 ], [ 78.43130302773146, 25.473635313823749 ], [ 78.416481867589212, 25.476483796603311 ], [ 78.377656789705711, 25.436816041994625 ], [ 78.354540513466361, 25.451984671066086 ], [ 78.340526177891491, 25.399525993069776 ], [ 78.305307607701664, 25.37675632107177 ], [ 78.300796758824944, 25.359936621702868 ], [ 78.343788948834955, 25.328460719219546 ], [ 78.3117297445162, 25.303305313504683 ], [ 78.354581616780493, 25.2922589913465 ], [ 78.350106290883389, 25.277331865142912 ], [ 78.372509974032027, 25.259911235388198 ], [ 78.359795751303267, 25.242192950343931 ], [ 78.41094794270677, 25.212665464623573 ], [ 78.391338280603165, 25.201186237799991 ], [ 78.39527515182742, 25.18791110593429 ], [ 78.458257709060092, 25.163722629427422 ], [ 78.427295780691239, 25.15398728803779 ], [ 78.446816070305516, 25.121773826418131 ], [ 78.406817703727725, 25.128933205785589 ], [ 78.383447772896574, 25.101718725523806 ], [ 78.338630324806843, 25.08658021831754 ], [ 78.347368023776468, 25.021529911944466 ], [ 78.33397165455689, 24.99491592979928 ], [ 78.168964643932753, 24.862617748090553 ], [ 78.21667294516692, 24.808591877758317 ], [ 78.235739037590392, 24.771745538883785 ], [ 78.226137524033476, 24.746909255171218 ], [ 78.276691053877173, 24.662989606261615 ], [ 78.262667884269817, 24.645998261242248 ], [ 78.277977914776201, 24.614753890865249 ], [ 78.264463753965003, 24.552198271791212 ], [ 78.229437262447533, 24.53752990959298 ], [ 78.225816043942785, 24.520108153264882 ], [ 78.246010538042398, 24.509534801666803 ], [ 78.245884457695652, 24.486134668860544 ], [ 78.274973249576803, 24.473918834313498 ], [ 78.269683678129752, 24.446934448508181 ], [ 78.365781073327753, 24.385971015178697 ], [ 78.32907768499129, 24.327122307310017 ], [ 78.389547745104139, 24.262660975257631 ], [ 78.431081392689606, 24.284025923453584 ], [ 78.493614383546742, 24.381378692474733 ], [ 78.518617279986245, 24.387818029635572 ], [ 78.529879597942127, 24.368094065924673 ], [ 78.586098595670208, 24.353714073650398 ], [ 78.603642082314678, 24.314498272869471 ], [ 78.628508259659483, 24.303841551949471 ], [ 78.625700349761829, 24.280643140472687 ], [ 78.660199623632323, 24.267447636495376 ], [ 78.66862977897452, 24.240035611391633 ], [ 78.703054180062679, 24.226921440238375 ], [ 78.734280721571537, 24.252461809036916 ], [ 78.748644162228757, 24.233047388198102 ], [ 78.761927606030568, 24.259462810860562 ], [ 78.785482106516639, 24.183467421987054 ], [ 78.806364477460278, 24.178372515375944 ], [ 78.815144707167008, 24.207001094080578 ], [ 78.826489052088078, 24.195403512840123 ], [ 78.882333756871574, 24.217453912265906 ], [ 78.884576038957334, 24.250466489144227 ], [ 78.916742715920023, 24.269023580005307 ], [ 78.909635194188112, 24.297988510490594 ], [ 78.971451853166357, 24.347599666421591 ], [ 78.99364581203551, 24.422744299126904 ], [ 78.98575932069653, 24.441678061427091 ], [ 78.947433156342058, 24.436586923090871 ], [ 78.914207150962028, 24.459612218889124 ], [ 78.920573717094783, 24.49971366456732 ], [ 78.937745046090058, 24.478820122343826 ], [ 78.971519640936009, 24.494236478485895 ], [ 78.947249034048141, 24.502406340097842 ], [ 78.953201691532271, 24.546898451971728 ], [ 78.883219494843402, 24.641293537699028 ], [ 78.783776368387151, 24.588556357953468 ], [ 78.752027170876346, 24.600175581410063 ], [ 78.743925030868581, 24.654055700800459 ], [ 78.780983603186897, 24.70607186411268 ], [ 78.77039506032169, 24.78839744813304 ], [ 78.789836600923195, 24.810974714345406 ], [ 78.770034262767581, 24.859016981720881 ], [ 78.67655686787613, 24.898629462140359 ], [ 78.663390301180954, 24.938440953254553 ], [ 78.631727873740047, 24.957692765403234 ], [ 78.652613767876232, 25.050590605960739 ], [ 78.62814207940022, 25.086197613490224 ], [ 78.602163634121752, 25.094934588999219 ], [ 78.603121251689359, 25.146864942577732 ], [ 78.570199692545643, 25.2238778096755 ], [ 78.555751926134405, 25.209213667466507 ], [ 78.578003750880868, 25.253292884460301 ], [ 78.534614379751176, 25.268131630190098 ], [ 78.531738201485197, 25.283990725456832 ], [ 78.512487728053017, 25.27666531022011 ], [ 78.503440175887391, 25.28958962502249 ], [ 78.450487647466773, 25.262112408614311 ], [ 78.435027110522739, 25.284168557121163 ], [ 78.453789084595002, 25.301270758104749 ], [ 78.472941858155195, 25.285506697207445 ], [ 78.498286091944749, 25.320075283995042 ], [ 78.510380321718955, 25.29535457028452 ], [ 78.532991384544189, 25.300949132942716 ], [ 78.553080677839233, 25.319683183275249 ], [ 78.529622431835847, 25.353385089692956 ], [ 78.584981558580708, 25.346825702129291 ], [ 78.587248503912576, 25.372639306088725 ], [ 78.561893448118781, 25.378362976609104 ], [ 78.566498121535346, 25.390759045128597 ], [ 78.591373332338677, 25.385874022391235 ], [ 78.610588543302697, 25.416022980831329 ], [ 78.635180771316769, 25.400677923519961 ], [ 78.641107406403734, 25.433332173034987 ], [ 78.658181853892287, 25.441024668404939 ], [ 78.682098129299447, 25.433502287535706 ], [ 78.689118138953035, 25.445685798220602 ], [ 78.711485232821829, 25.42808511959791 ], [ 78.674504102467552, 25.399807015016279 ], [ 78.665686013263183, 25.415358569907582 ], [ 78.66012363334579, 25.383955175510991 ], [ 78.71471470411602, 25.372990945936372 ], [ 78.709473178163648, 25.351315462245637 ], [ 78.726737439671709, 25.343419301566584 ], [ 78.774630804634199, 25.353049802433311 ], [ 78.77371258537832, 25.376122474592933 ], [ 78.756920968863724, 25.385444014359575 ], [ 78.767983152954102, 25.400031185677562 ], [ 78.748372724587568, 25.3916164037832 ], [ 78.748262040466457, 25.409787953972717 ], [ 78.821417016670225, 25.422528511053365 ], [ 78.802964296617702, 25.437144523231922 ], [ 78.762358045477058, 25.4269005073273 ], [ 78.732133479446233, 25.457594285991146 ], [ 78.735311421579084, 25.491402425855707 ], [ 78.744927162653454, 25.499424342272583 ], [ 78.767887347629014, 25.469367721761117 ], [ 78.79674644568189, 25.482763744148635 ], [ 78.818685982797973, 25.470980040900834 ], [ 78.809168970166567, 25.453459191676007 ], [ 78.820606652740636, 25.467789710826072 ], [ 78.840894070369913, 25.461544574976131 ], [ 78.854886726902038, 25.447649989933755 ], [ 78.820723974513385, 25.438691195362878 ], [ 78.846559464592488, 25.428687375045627 ], [ 78.86617008340184, 25.465668928283606 ], [ 78.833412661731899, 25.502638938101104 ], [ 78.884381192575574, 25.515579959179924 ], [ 78.874294057860922, 25.540950367113869 ], [ 78.893395260937282, 25.555315452761079 ], [ 78.916943704981719, 25.5524986840114 ], [ 78.92222118420672, 25.536054509867938 ], [ 78.936494598401083, 25.556833585656644 ], [ 78.951789486905042, 25.54878791863138 ], [ 78.91993501762272, 25.515812366653996 ], [ 78.942155529793339, 25.49245017538243 ], [ 78.926638884974977, 25.490429976837316 ], [ 78.943905573730945, 25.482925874199644 ], [ 78.937844580321851, 25.465104851836376 ], [ 78.908871952285054, 25.442420570076578 ], [ 78.9382644322244, 25.422248926174817 ], [ 78.950885188841141, 25.440612863337744 ], [ 78.967231529334001, 25.434358999211508 ], [ 78.969928548498046, 25.390113505536274 ], [ 78.989331420219855, 25.374040445603526 ], [ 78.959197875985211, 25.371528750092143 ], [ 78.938711627945892, 25.346976349784804 ], [ 78.896417317520573, 25.37411066829825 ], [ 78.938294122442869, 25.374825153772711 ], [ 78.95309801337207, 25.400090092596873 ], [ 78.880241671304717, 25.385892596903947 ], [ 78.845741732680935, 25.355554327576272 ], [ 78.841040597270833, 25.344968983837806 ], [ 78.849938342786402, 25.334937064261165 ], [ 78.846155767992002, 25.326978912508057 ], [ 78.842612355268955, 25.33655146911779 ], [ 78.819297598064225, 25.306940070759673 ], [ 78.79231980038837, 25.30808745633713 ], [ 78.797659706237425, 25.289173820809136 ], [ 78.817152633168149, 25.306681925150443 ], [ 78.828564553856495, 25.302736508371023 ], [ 78.809455647726551, 25.270532843207601 ], [ 78.849652035332312, 25.228784357330657 ], [ 78.879884978153157, 25.285755576315957 ], [ 78.862705303808895, 25.314461162539768 ], [ 78.882002833690592, 25.343636547804675 ], [ 78.911840532159488, 25.332560245853653 ], [ 78.922542347192135, 25.342897736401266 ], [ 78.927933103076157, 25.324128362161819 ], [ 78.960614919836857, 25.345083012933472 ], [ 78.957426734214835, 25.302237356695898 ], [ 78.979923858322707, 25.279045640147494 ], [ 78.95551207400139, 25.282757775907157 ], [ 78.945142851219529, 25.259418661146519 ], [ 78.917024745596734, 25.27358411012721 ], [ 78.899753504178932, 25.243128624163212 ], [ 78.879805042465904, 25.252637280418572 ], [ 78.869535587477827, 25.230686567411635 ], [ 78.890583507148506, 25.214423117396027 ], [ 78.870633604537815, 25.187026040875047 ], [ 78.88190701668745, 25.156892624059648 ], [ 78.953847260421313, 25.218956948409023 ], [ 79.00587274274011, 25.195045951999738 ], [ 79.001185538403433, 25.23369690792865 ], [ 78.974843465877768, 25.240492310854947 ], [ 78.994374042998658, 25.27316243557355 ], [ 79.013221096511501, 25.274049072021025 ], [ 79.022234754343089, 25.241313984089903 ], [ 79.063638441758087, 25.222022910940222 ], [ 79.059620958415209, 25.19067391582297 ], [ 79.052283951264144, 25.207709594200313 ], [ 79.030947696641775, 25.184926207912035 ], [ 79.031003046338, 25.138390220431226 ], [ 79.05080498204839, 25.134253238851546 ], [ 79.090585360744385, 25.191072407104539 ], [ 79.125947581429614, 25.161292251561289 ], [ 79.123976065045213, 25.111044054711449 ], [ 79.174243671913743, 25.108553155097585 ], [ 79.187290568640009, 25.126377326959584 ], [ 79.176596505169897, 25.141339024700407 ], [ 79.192249144142522, 25.146245564822159 ], [ 79.214990223732073, 25.111368469345098 ], [ 79.2449157504863, 25.113676236784809 ], [ 79.260463445572441, 25.153154688002846 ], [ 79.260041826683732, 25.12521436509321 ], [ 79.282976814813921, 25.11728748780747 ], [ 79.323197496458207, 25.149760458570807 ], [ 79.308472279083233, 25.198211983998405 ], [ 79.284672092061896, 25.191065791890519 ], [ 79.279366951014353, 25.244707069122441 ], [ 79.32869571600304, 25.221337563266193 ], [ 79.338461707495199, 25.197976833939336 ], [ 79.352097285498502, 25.212191005838857 ], [ 79.332973796118267, 25.227950323766592 ], [ 79.343871673851552, 25.227271612987821 ], [ 79.34736354124361, 25.266693954902582 ], [ 79.316518905901404, 25.25595620034187 ], [ 79.293793395912317, 25.283582406528886 ], [ 79.282580088241744, 25.262059442243423 ], [ 79.263044132907183, 25.272183606191678 ], [ 79.270522706462188, 25.309715068029526 ], [ 79.299831880235331, 25.337653874257516 ], [ 79.352186710988406, 25.329835469943283 ], [ 79.336148642656639, 25.288095017247215 ], [ 79.358311311407803, 25.284235460292987 ], [ 79.362900596683559, 25.261694910604227 ], [ 79.368612188566232, 25.292437436282459 ], [ 79.407615613474661, 25.27391450137964 ], [ 79.408742398183321, 25.256085395442682 ], [ 79.436724922876891, 25.254663487817016 ], [ 79.467216184342519, 25.283295417270139 ], [ 79.494514315858822, 25.266859769299177 ], [ 79.46248151931448, 25.264652566485896 ], [ 79.43284683920146, 25.220568072290813 ], [ 79.448955391147081, 25.214936864132611 ], [ 79.440424102571896, 25.198860643265643 ], [ 79.412214887118054, 25.20025041524006 ], [ 79.411810725190236, 25.182637836969903 ], [ 79.390279128316067, 25.170116199116091 ], [ 79.383981062316977, 25.142790120610144 ], [ 79.405341573248691, 25.106226148153777 ], [ 79.426258462855401, 25.119047878990752 ], [ 79.440178540902465, 25.101432500804933 ], [ 79.477242766318867, 25.127482295741739 ], [ 79.465121217878533, 25.08802558202316 ], [ 79.491510385481334, 25.079611270445088 ], [ 79.524984348337668, 25.097382267155329 ], [ 79.51802416917694, 25.126811408855449 ], [ 79.569196210653317, 25.171818184713779 ], [ 79.595951625889015, 25.143290253131052 ], [ 79.606487653242709, 25.152400556580361 ], [ 79.599668816805462, 25.127926242299544 ], [ 79.622679311928508, 25.140521530890965 ], [ 79.673115617017487, 25.12045472835641 ], [ 79.683281306708821, 25.135147653026685 ], [ 79.748504057444222, 25.139666233041705 ], [ 79.851240740108679, 25.094197124407419 ], [ 79.861694369492952, 25.096735120807935 ], [ 79.851620958340888, 25.128546568573732 ], [ 79.88153434077077, 25.142044145847308 ], [ 79.866459368831528, 25.149816671152461 ], [ 79.856004073072398, 25.193986523512056 ], [ 79.868583590729386, 25.216483703089359 ], [ 79.851372753827903, 25.2356062658206 ], [ 79.907492777872918, 25.250887598771609 ], [ 79.917539607875739, 25.226777692340558 ], [ 79.94833506764266, 25.268649015150057 ], [ 80.004821422863955, 25.267222796355277 ], [ 79.998740480567363, 25.285557478957834 ], [ 80.022321741865724, 25.297595383270352 ], [ 80.033484736693907, 25.342047921777279 ], [ 80.07266528332525, 25.336831172069576 ], [ 80.088977504905287, 25.355795261588376 ], [ 80.13113217671129, 25.334225127934857 ], [ 80.168997561918886, 25.37685367922353 ], [ 80.194897736986647, 25.378030622062695 ], [ 80.202408090241406, 25.414031330638419 ], [ 80.220857054437744, 25.396738077445601 ], [ 80.253549738118451, 25.400833530308081 ], [ 80.263879489825058, 25.424045696032199 ], [ 80.315447358659981, 25.388865370785421 ], [ 80.310835297498542, 25.286400772931735 ], [ 80.351462033820937, 25.277150766116876 ], [ 80.383612055119954, 25.237281716535723 ], [ 80.40337953954085, 25.244027054350518 ], [ 80.431701143219897, 25.177609410475029 ], [ 80.35459214066492, 25.138350079353184 ], [ 80.376116935495773, 25.116351598895502 ], [ 80.348464379074031, 25.086644532259339 ], [ 80.355457780628882, 25.055663282495711 ], [ 80.311431500369451, 25.044226824828669 ], [ 80.285846524371962, 25.056021738634989 ], [ 80.273656424594037, 25.025965907678628 ], [ 80.330580150662499, 24.99231805834264 ], [ 80.362987746801267, 25.023602824576557 ], [ 80.378527609476436, 25.004342932636632 ], [ 80.395671516499377, 25.010200359517086 ], [ 80.373613721566059, 25.055899208751931 ], [ 80.388037857793762, 25.050906381896773 ], [ 80.400657342396045, 25.069564517745974 ], [ 80.408741192704611, 25.055236244514582 ], [ 80.416061135458534, 25.073167477055403 ], [ 80.433066353381363, 25.065750176689125 ], [ 80.448481155297657, 25.078634521661829 ], [ 80.475181347499571, 25.037931920867152 ], [ 80.501970909495839, 25.036621890325112 ], [ 80.474387576351603, 25.030520866835754 ], [ 80.44898346176349, 25.040542782184787 ], [ 80.433125587392865, 25.023614254675199 ], [ 80.454870659012897, 25.004235487295116 ], [ 80.436819948524686, 25.001472690649052 ], [ 80.4372767966439, 24.994319940097729 ], [ 80.462442635797842, 25.002481631138419 ], [ 80.456178049111088, 24.981626961330143 ], [ 80.47863004545232, 24.973921448778864 ], [ 80.499336242395685, 25.006205957082436 ], [ 80.549316935447294, 25.002095952606915 ], [ 80.546102967278273, 25.032408774091962 ], [ 80.500603480495641, 25.041554287592476 ], [ 80.506751314043228, 25.083992945958013 ], [ 80.47964074357175, 25.096350134859971 ], [ 80.514228945265458, 25.096763496777395 ], [ 80.522023812038725, 25.075712550547745 ], [ 80.552263169729002, 25.062812014091541 ], [ 80.568392312857554, 25.086895248999117 ], [ 80.613215713184346, 25.065663765120775 ], [ 80.592370914277481, 25.090179336456757 ], [ 80.607222004488349, 25.117896044176881 ], [ 80.595033677086462, 25.127187853523441 ], [ 80.601861670051434, 25.150443625610809 ], [ 80.61133794049141, 25.127912277929788 ], [ 80.628878592052843, 25.133481253376907 ], [ 80.638263534371177, 25.116724887358863 ], [ 80.607530736586881, 25.098154751561804 ], [ 80.659103229050601, 25.083484573931042 ], [ 80.661747094000958, 25.067591866824998 ], [ 80.684636705531148, 25.077037249795765 ], [ 80.679594803201212, 25.048532538629598 ], [ 80.71714460935118, 25.069090386990823 ], [ 80.736940861420763, 25.052946528585732 ], [ 80.776228786372911, 25.054815930991563 ], [ 80.783433742075516, 25.075874348364536 ], [ 80.725486453114414, 25.091420770031849 ], [ 80.727408469631683, 25.118519263266627 ], [ 80.704424840423826, 25.128364825986669 ], [ 80.730426518830484, 25.146598094250638 ], [ 80.742040727544421, 25.123486925348718 ], [ 80.778179068380624, 25.142241712566925 ], [ 80.786406034687005, 25.129431823785591 ], [ 80.808327097050906, 25.136908866845857 ], [ 80.829914959902922, 25.100026372101869 ], [ 80.849140225709917, 25.162590809375427 ], [ 80.838184210808038, 25.180539459167317 ], [ 80.869379552928777, 25.174459332113987 ], [ 80.884692238855109, 25.187927878512308 ], [ 80.912948523334919, 25.159071838422275 ], [ 80.868474741926818, 25.115668486766669 ], [ 80.878076248297205, 25.065457791834454 ], [ 80.831816870327515, 25.032862418445333 ], [ 80.852243015684422, 24.988719149982696 ], [ 80.792294094319061, 24.964899602408707 ], [ 80.820224268791108, 24.932965820451003 ], [ 80.812174276883923, 24.922504707372962 ], [ 80.892644621620192, 24.945280813377536 ], [ 80.906833907689887, 24.935155253054695 ], [ 80.899166468736325, 24.948580684459056 ], [ 80.946664890282477, 24.966277412718402 ], [ 80.95724710900808, 24.917838240696021 ], [ 80.974072517448732, 24.934150635665159 ], [ 81.023104269760083, 24.927608109501787 ], [ 81.015909260204296, 24.951276569690684 ], [ 81.025614013543532, 24.940040865873886 ], [ 81.033515793310357, 24.952576176174979 ], [ 81.084780074698401, 24.949658534137914 ], [ 81.096337470360496, 24.921167095359888 ], [ 81.139644456097159, 24.887504705706718 ], [ 81.168052813676468, 24.955202017055601 ], [ 81.207234829951588, 24.93040457015989 ], [ 81.192950669211456, 24.92532475776915 ], [ 81.219678302250344, 24.928591632615799 ], [ 81.208965264564853, 24.992590280456415 ], [ 81.263996844895871, 25.053066392162666 ], [ 81.267022491147031, 25.084500226477431 ], [ 81.252085498638792, 25.102085188892168 ], [ 81.277564161717365, 25.165981913424158 ], [ 81.313468380030955, 25.163721668388149 ], [ 81.321386130046875, 25.112778572049947 ], [ 81.319601599785528, 25.156768422637604 ], [ 81.334585066634972, 25.169224584361629 ], [ 81.399556771486132, 25.119366323485508 ], [ 81.43829841204942, 25.130544062527353 ], [ 81.447642223205833, 25.10708843329023 ], [ 81.407303935022853, 25.105109268592162 ], [ 81.491207281448894, 25.072249493887998 ], [ 81.518190966683136, 25.101016296098418 ], [ 81.490320045985513, 25.109656859115788 ], [ 81.480018725059324, 25.132177528951512 ], [ 81.496631139352843, 25.129248843059166 ], [ 81.499563536884224, 25.148661960047193 ], [ 81.527282626129164, 25.138075554199094 ], [ 81.536563842676571, 25.160527896319788 ], [ 81.51454296939977, 25.18365482846426 ], [ 81.573357828804376, 25.192085188231559 ], [ 81.595473501293142, 25.181966131438045 ], [ 81.588502679791276, 25.165753915341849 ], [ 81.626245690202637, 25.16072096360443 ], [ 81.623359403194755, 25.141023272296202 ], [ 81.597720311786247, 25.13122606269658 ], [ 81.608266357152004, 25.095943192606221 ], [ 81.624375961024782, 25.119944282531701 ], [ 81.64086785464481, 25.098931998974894 ], [ 81.600159630346397, 25.074198156392015 ], [ 81.611670751093271, 25.056304583317662 ], [ 81.66658139033926, 25.075094436249977 ], [ 81.689790964705722, 25.038930872362641 ], [ 81.731546538387164, 25.04862479579484 ], [ 81.792723224082252, 25.004424119234034 ], [ 81.835207303611355, 25.01725597542104 ], [ 81.891352268481953, 24.988850189634807 ], [ 81.895733038610572, 25.009794805722247 ], [ 81.907091644286808, 25.006179828250936 ], [ 81.919683404184468, 24.928106448107116 ], [ 81.902874368438219, 24.891656780617161 ], [ 81.965303930866824, 24.827020432953347 ], [ 82.016953308339083, 24.845992249294198 ], [ 82.097692239463825, 24.816128541837109 ], [ 82.115647132948823, 24.784415969410119 ], [ 82.138699670125519, 24.79944235105453 ], [ 82.167059365965855, 24.785421303219557 ], [ 82.178940136265624, 24.795045633352533 ], [ 82.169689463336184, 24.798027844531731 ], [ 82.166688875589841, 24.800854458654094 ], [ 82.178220023377648, 24.810867103752759 ], [ 82.203630075829764, 24.819183958695735 ], [ 82.184295659325855, 24.795612301416973 ], [ 82.21618878580982, 24.794120125373453 ], [ 82.217876139018713, 24.776674023449363 ], [ 82.196540582387286, 24.778070635814387 ], [ 82.203174400910342, 24.758078714491493 ], [ 82.177484435212307, 24.732304082107607 ], [ 82.213822380806349, 24.734228369320885 ], [ 82.221215047572372, 24.721944561284921 ], [ 82.207004125579047, 24.747311854757811 ], [ 82.229245289119746, 24.745051152731708 ], [ 82.234166244076476, 24.760564195467715 ], [ 82.245575710567479, 24.744064854374123 ], [ 82.246111017543569, 24.769656836490203 ], [ 82.250843106203433, 24.769814182361085 ], [ 82.250136714183114, 24.697101484958534 ], [ 82.229766603038698, 24.681628026292763 ], [ 82.238998122089612, 24.661043392488917 ], [ 82.249210608617346, 24.671332226731316 ], [ 82.260955704563131, 24.661462331178395 ], [ 82.268691365172643, 24.683363575943645 ], [ 82.303013758967055, 24.666906756320213 ], [ 82.296684410934816, 24.605805512913296 ], [ 82.338814247018135, 24.620285537645131 ], [ 82.36379416814593, 24.59755730919008 ], [ 82.4161269766998, 24.591114984211274 ], [ 82.40636801362642, 24.681245168265495 ], [ 82.429532639889317, 24.702625017489961 ], [ 82.453273574034498, 24.688520311201067 ], [ 82.449839554553478, 24.67463531552961 ], [ 82.523536631691883, 24.676216761124962 ], [ 82.539128068444185, 24.647730827586386 ], [ 82.671057572391263, 24.696942332350925 ], [ 82.701615240017659, 24.67504554202532 ], [ 82.706565173727171, 24.636195842193846 ], [ 82.773822627445696, 24.641741202917736 ], [ 82.7794999602784, 24.614015623980421 ], [ 82.765458085051876, 24.595724411470528 ], [ 82.803380835775172, 24.596946237631418 ], [ 82.797296393642227, 24.576537422535157 ], [ 82.748191871504687, 24.561270404033294 ], [ 82.743023716351445, 24.546954946479968 ], [ 82.719270566914986, 24.552435102530239 ], [ 82.73105877121462, 24.53478561869559 ], [ 82.720698577399645, 24.513771233930051 ], [ 82.743698726625581, 24.496277403090016 ], [ 82.729974921484981, 24.472433055376321 ], [ 82.739806019275676, 24.43011120691823 ], [ 82.713467481620611, 24.380305609136798 ], [ 82.769530079962806, 24.370714756938419 ], [ 82.77280557554225, 24.307602615611646 ], [ 82.758853230010175, 24.236710548596307 ], [ 82.734677568759679, 24.217274486176247 ], [ 82.74436306221925, 24.165573366152479 ], [ 82.72813542959959, 24.135554768702921 ], [ 82.68304669568397, 24.154646267825161 ], [ 82.664492179441737, 24.128290180063839 ], [ 82.70713554913533, 24.096891359031293 ], [ 82.713909109583966, 24.074542881275658 ], [ 82.774111981985229, 24.075898669798519 ], [ 82.750635775066044, 24.012664372206746 ], [ 82.803861457808367, 24.00352814347811 ], [ 82.810348035269826, 23.96239191693585 ], [ 82.754460908445353, 23.934188060599116 ], [ 82.752383785217845, 23.91978975992189 ], [ 82.698930737080502, 23.924925848882435 ], [ 82.661590162034926, 23.907641819138735 ], [ 82.651234597238627, 23.88675570144235 ], [ 82.668128334234737, 23.870892472326943 ], [ 82.63533786444377, 23.837707908868477 ], [ 82.533074374745098, 23.822146944896403 ], [ 82.551474567608025, 23.790641021626403 ], [ 82.523397574282555, 23.783677373964988 ], [ 82.497403548623765, 23.784900907121791 ], [ 82.465806906607767, 23.812022456263723 ], [ 82.393480200452146, 23.799900765728808 ], [ 82.260610664357415, 23.82124052679232 ], [ 82.231813213190918, 23.805314214286597 ], [ 82.206312411132188, 23.827411149392429 ], [ 82.209542497772347, 23.852739721375094 ], [ 82.171462371194409, 23.818240092225924 ], [ 82.052726678946684, 23.819423803382417 ], [ 82.038415928972483, 23.826840559511769 ], [ 82.044180479236118, 23.841648910902137 ], [ 82.007532008506246, 23.861754968863689 ], [ 81.957799327728168, 23.852284048849938 ], [ 81.921474251398919, 23.870912522019054 ], [ 81.899029096626876, 23.84086041211869 ], [ 81.815580084833869, 23.806365007795907 ], [ 81.725473808488886, 23.839824004337846 ], [ 81.731977789910644, 23.856677852649781 ], [ 81.707490636038727, 23.861132460428184 ], [ 81.707310119582374, 23.882359253112291 ], [ 81.690437012396814, 23.884763145879976 ], [ 81.66858226815873, 23.924962293906503 ], [ 81.609017658648312, 23.903204811261389 ], [ 81.604235058618372, 23.881751757154063 ], [ 81.622207094653945, 23.870238545238898 ], [ 81.603181805507305, 23.853710073407022 ], [ 81.613229717980019, 23.834477552254818 ], [ 81.635835929004401, 23.834513035070596 ], [ 81.651446704688155, 23.799055294470943 ], [ 81.644661703296052, 23.770126115220528 ], [ 81.68184929614705, 23.75330295398437 ], [ 81.695909317342313, 23.721320126500697 ], [ 81.684078128656338, 23.690919602561994 ], [ 81.655549322268811, 23.682016204160341 ], [ 81.655172416125069, 23.663136326662418 ], [ 81.614565187617387, 23.662917866141612 ], [ 81.611969007937262, 23.595252933791624 ], [ 81.576684511287027, 23.585344491607007 ], [ 81.584021200434449, 23.553575953839889 ], [ 81.610316510259722, 23.555083061136621 ], [ 81.627052939673135, 23.482026858734443 ], [ 81.644166214144889, 23.481843544333536 ], [ 81.6589113705259, 23.52899724086916 ], [ 81.699644715312928, 23.522016783888713 ], [ 81.746637137419086, 23.569797073831801 ], [ 81.758261915710648, 23.549871402751268 ], [ 81.809069393895243, 23.549341296910782 ], [ 81.820689365301703, 23.515242043471719 ], [ 81.836425128082467, 23.510907732830137 ], [ 81.92328616231012, 23.53265940266169 ], [ 81.957691626013798, 23.500365724411736 ], [ 81.954992617979741, 23.467170345185306 ], [ 81.980404545215848, 23.447040450337123 ], [ 81.985334313543845, 23.4144950381427 ], [ 82.025475356843245, 23.424881132774463 ], [ 82.021898041701377, 23.387322003719589 ], [ 82.056003885816764, 23.376784292577437 ], [ 82.064062433278721, 23.392938236485108 ], [ 82.103412549496326, 23.398235697666276 ], [ 82.117137422733848, 23.355460493973929 ], [ 82.145748301002357, 23.361179943835797 ], [ 82.193961926143402, 23.323843565925447 ], [ 82.19338085000355, 23.277965045216252 ], [ 82.144836241494389, 23.227370090967167 ], [ 82.144229283094589, 23.165384010914515 ], [ 82.16027003559239, 23.161497019858349 ], [ 82.161359815999546, 23.143114800909817 ], [ 82.125815894878428, 23.103944407863274 ], [ 82.070154732077157, 23.118188610670902 ], [ 82.034858782805358, 23.080409820183359 ], [ 81.942251156534923, 23.078964985478223 ], [ 81.921501762304501, 23.040814012738842 ], [ 81.950481390014005, 22.982926927409899 ], [ 81.94630761777799, 22.956778638434269 ], [ 81.878240248389176, 22.90980859439523 ], [ 81.866114034997594, 22.915810551722053 ], [ 81.861626627658225, 22.889261038750384 ], [ 81.775683059898242, 22.874436722805555 ], [ 81.761345231108095, 22.830287252937023 ], [ 81.794391733331452, 22.766459932006747 ], [ 81.752265800428006, 22.726682119213212 ], [ 81.768535052893085, 22.664227804583422 ], [ 81.746605897606756, 22.648273206418143 ], [ 81.728652726192166, 22.676435388781169 ], [ 81.71314024776008, 22.648089416648322 ], [ 81.683315396996363, 22.646906609778927 ], [ 81.647254466683165, 22.613264206080473 ], [ 81.659931535990111, 22.569455514428149 ], [ 81.629025233100251, 22.563359331551965 ], [ 81.621942503073527, 22.5380154724607 ], [ 81.569549411275887, 22.550729954077934 ], [ 81.570033070513063, 22.53227191322862 ], [ 81.522230542293784, 22.539012484416133 ], [ 81.484710176630628, 22.487830102473186 ], [ 81.442606242570221, 22.494350910009352 ], [ 81.44661682775002, 22.469763603137007 ], [ 81.458927398794074, 22.469292488032682 ], [ 81.447367839090475, 22.465875566407206 ], [ 81.427838601357649, 22.479812792143608 ], [ 81.428699449707892, 22.456888520457909 ], [ 81.406704447012942, 22.440951002714218 ], [ 81.390059841591238, 22.452264203904772 ], [ 81.382055292759304, 22.50981836908953 ], [ 81.326526724887231, 22.526144154897136 ], [ 81.313727986859874, 22.482921182326901 ], [ 81.281269263106722, 22.502954160023691 ], [ 81.232190965487263, 22.452154979957015 ], [ 81.200160084151094, 22.462778402597895 ], [ 81.195632453846571, 22.490615080326378 ], [ 81.172692286928793, 22.487908507506553 ], [ 81.155115263479857, 22.454914623311286 ], [ 81.111164163226547, 22.437574509398896 ], [ 81.103663057229326, 22.383367525398882 ], [ 81.121210892618052, 22.342595488382003 ], [ 81.118718140468147, 22.291260470752224 ], [ 81.079549001542659, 22.239377738988185 ], [ 81.050061412472601, 22.244550514660091 ], [ 81.019462689142756, 22.221184536632954 ], [ 81.031639804671599, 22.199653528009858 ], [ 81.016657784109753, 22.185529103127593 ], [ 81.02191295816624, 22.132729035784724 ], [ 80.97797052665544, 22.12262501014094 ], [ 81.011333398453843, 22.095568945041705 ], [ 81.00620484193665, 22.063207379491448 ], [ 80.994390910785626, 22.049241832475548 ], [ 80.969402910210178, 22.05799122832337 ], [ 80.97157360644924, 22.085706726795856 ], [ 80.9475774708133, 22.118265853879723 ], [ 80.907934155266744, 22.109573010236957 ], [ 80.856746360035231, 21.96483827252279 ], [ 80.825573142521677, 21.95833860286346 ], [ 80.845805585950473, 21.94239899090341 ], [ 80.831711674014485, 21.890996997645054 ], [ 80.852490833023538, 21.854209929616918 ], [ 80.839169997746339, 21.848126315504707 ], [ 80.819739144401737, 21.748023231049654 ], [ 80.78543266875414, 21.740307928409557 ], [ 80.756106320091078, 21.762156923975567 ], [ 80.726142628412006, 21.713665711327881 ], [ 80.734136572631996, 21.694506844702936 ], [ 80.714387361740592, 21.661549903288542 ], [ 80.730945988508168, 21.617347667425388 ], [ 80.715355745616876, 21.585049945242663 ], [ 80.728914501493705, 21.572574957621473 ], [ 80.719993997160458, 21.554995451901643 ], [ 80.740781603028097, 21.539225910568099 ], [ 80.72759980000744, 21.496197433001019 ], [ 80.737753606784153, 21.473124174736054 ], [ 80.706815879927376, 21.43307342352125 ], [ 80.671340303531366, 21.338439336764353 ], [ 80.599894550022057, 21.32678399219191 ], [ 80.52765243642007, 21.394752986474082 ], [ 80.457566403467538, 21.402672058361404 ], [ 80.44863962979187, 21.372040659881154 ], [ 80.412305528987275, 21.376613817886 ], [ 80.396116144835773, 21.408004848081855 ], [ 80.422230363282935, 21.440449349831727 ], [ 80.376499350108844, 21.523258044403278 ], [ 80.33112116014405, 21.547524915731216 ], [ 80.327904877914875, 21.57124850078046 ], [ 80.298388769131165, 21.575433688755894 ], [ 80.253284277867152, 21.624758006948863 ], [ 80.192785318053325, 21.635443408189403 ], [ 80.154628370247238, 21.606459215600523 ], [ 80.119715431171542, 21.609871265725701 ], [ 80.066721599112483, 21.554101187886186 ], [ 80.032890837103395, 21.556117647725131 ], [ 79.998495897163266, 21.533422524647296 ], [ 79.97149165218714, 21.557707246177117 ], [ 79.935891973534652, 21.556113589772202 ], [ 79.918447274621954, 21.524391028397595 ], [ 79.891216919197248, 21.518014934000632 ], [ 79.83120932706403, 21.546733496542942 ], [ 79.792079527161448, 21.586579802453048 ], [ 79.737637191351126, 21.603846589688434 ], [ 79.660944379165585, 21.576885857456013 ], [ 79.651966539859274, 21.55573538505368 ], [ 79.540618897037064, 21.542670917102868 ], [ 79.542515912541674, 21.568217488790211 ], [ 79.512036739704797, 21.583964217333392 ], [ 79.503668149502317, 21.61476464539847 ], [ 79.517021801135172, 21.625308828398644 ], [ 79.49617399826198, 21.673991190182193 ], [ 79.422208085901758, 21.691815706470607 ], [ 79.392445816272343, 21.673893956274345 ], [ 79.352328413037938, 21.677839015726324 ], [ 79.231193239817983, 21.72227672100642 ], [ 79.223899755144174, 21.648621134809105 ], [ 79.15500851026556, 21.660019420908785 ], [ 79.168347934380961, 21.637161039937553 ], [ 79.112026436183996, 21.623827731003658 ], [ 79.093631617043073, 21.597996105255849 ], [ 79.012265198319341, 21.599402258415324 ], [ 78.998410345148429, 21.61901767928677 ], [ 78.914126405892688, 21.588962558525608 ], [ 78.913740022522717, 21.57093581254264 ], [ 78.931641114108714, 21.561731371389072 ], [ 78.906570620342436, 21.553228655617197 ], [ 78.94417765187093, 21.515804798171413 ], [ 78.93670163761621, 21.48571431577566 ], [ 78.899265972304548, 21.50045420864295 ], [ 78.890861337201272, 21.485183099779874 ], [ 78.800264069569778, 21.490148041550004 ], [ 78.776183592010128, 21.46444338846872 ], [ 78.750853341396279, 21.492977271363742 ], [ 78.728156801176809, 21.462185518640482 ], [ 78.688373562244962, 21.481923220985308 ], [ 78.585418863850933, 21.486723303023339 ], [ 78.570145157621383, 21.514255447441137 ], [ 78.511829169524944, 21.528518845874736 ], [ 78.451368830980115, 21.496533000039165 ], [ 78.436002191339483, 21.500641360465956 ], [ 78.424481271769494, 21.544265562578772 ], [ 78.427441666195023, 21.598952529134188 ], [ 78.38743216589765, 21.614833020552524 ], [ 78.372645357331862, 21.613438149987989 ], [ 78.381838130247971, 21.591693855007065 ], [ 78.363279565298768, 21.574870579496906 ], [ 78.34294641264178, 21.588623934095605 ], [ 78.306449261324872, 21.569366693818761 ], [ 78.302980618077882, 21.583736287882616 ], [ 78.266483670678554, 21.591727550212834 ], [ 78.274005784677044, 21.568723798296958 ], [ 78.18196425873235, 21.556641129383998 ], [ 78.176322842341335, 21.499144540329734 ], [ 77.941078943780667, 21.385715890476739 ], [ 77.883127618689002, 21.375956425736153 ], [ 77.801163416957721, 21.409531689992207 ], [ 77.796621385760886, 21.388967048577545 ], [ 77.750044563831054, 21.382821911094933 ], [ 77.737035803283533, 21.362194555596776 ], [ 77.709871082366703, 21.357343554343078 ], [ 77.691811270148079, 21.397546602412678 ], [ 77.669539806432851, 21.368832160080363 ], [ 77.653633826380485, 21.391210143723182 ], [ 77.605597322962296, 21.390809316621894 ], [ 77.607698627040648, 21.364660137367672 ], [ 77.587339514868546, 21.362685942180995 ], [ 77.56345643939764, 21.369083053366346 ], [ 77.561856827337508, 21.395969282084955 ], [ 77.532037863233853, 21.419085661543001 ], [ 77.51440424951528, 21.375948676222588 ], [ 77.4886200433574, 21.374185054781918 ], [ 77.473409612659836, 21.454570794266836 ], [ 77.441709137973405, 21.471437682190519 ], [ 77.425594587078336, 21.537803917276658 ], [ 77.454593147680754, 21.553759551895425 ], [ 77.575097390059213, 21.526428715533896 ], [ 77.611756371077931, 21.538558483989295 ], [ 77.595336777465192, 21.55941471574917 ], [ 77.576956251418778, 21.5549226153686 ], [ 77.575546023983478, 21.620783940308261 ], [ 77.543787683419694, 21.703855626829345 ], [ 77.479475562074342, 21.754144147073045 ], [ 77.479100366322868, 21.769985205297782 ], [ 77.404179058827054, 21.752418191480579 ], [ 77.289774782367971, 21.760259255719586 ], [ 77.286882101151903, 21.72186395277129 ], [ 77.226917503286501, 21.716787969288216 ], [ 77.210374462289124, 21.689664259162281 ], [ 77.176038755462216, 21.725752603252172 ], [ 77.1651267310598, 21.710736496079747 ], [ 77.073226826316287, 21.719453318186329 ], [ 76.901907318257997, 21.596885670834581 ], [ 76.854427593347879, 21.613361095240883 ], [ 76.832827757749783, 21.588994305621632 ], [ 76.795161139171825, 21.593934954169885 ], [ 76.781304329470231, 21.564742508644819 ], [ 76.789226469552972, 21.536408447845663 ], [ 76.763318712704219, 21.520792061360805 ], [ 76.795525332357684, 21.489439810643212 ], [ 76.785771521122456, 21.465052362092681 ], [ 76.744255674552676, 21.439820811132392 ], [ 76.740181997995492, 21.4112894985434 ], [ 76.621469621521001, 21.332260069645194 ], [ 76.662656954191391, 21.275925123030671 ], [ 76.661386268357404, 21.240651662488375 ], [ 76.641543209569946, 21.237070251568198 ], [ 76.623157728416388, 21.184948273919641 ], [ 76.566845138812113, 21.199293050201934 ], [ 76.529771991328317, 21.18181535126277 ], [ 76.492359889724881, 21.193579003456275 ], [ 76.455619613867952, 21.107657205836908 ], [ 76.410248771223877, 21.102184310804631 ], [ 76.412407250375082, 21.088362777447475 ], [ 76.376170867408788, 21.073071668648218 ], [ 76.278980058118307, 21.069942943069101 ], [ 76.258963019914844, 21.090492528423855 ], [ 76.166589192773515, 21.078983400360872 ], [ 76.169811030184405, 21.103642957346075 ], [ 76.1353843527653, 21.120726270923054 ], [ 76.110144323548667, 21.161216927504576 ], [ 76.128698344819185, 21.175709664856644 ], [ 76.171673645603505, 21.166517822727791 ], [ 76.176335270412451, 21.183988721900509 ], [ 76.165232462708317, 21.221207780286452 ], [ 76.140861490647012, 21.22761350405672 ], [ 76.15914777892857, 21.25536762532942 ], [ 76.128390396051572, 21.286631899265437 ], [ 76.095590046589138, 21.371158133525444 ], [ 76.047762540713393, 21.349001955245324 ], [ 75.962915260756461, 21.389646953638845 ], [ 75.910509681478032, 21.382473040005646 ], [ 75.885484232833349, 21.394601358339937 ], [ 75.833160036428097, 21.376668583701594 ], [ 75.728474341075412, 21.388684459620972 ], [ 75.670093630261107, 21.37458036619093 ], [ 75.623028752739074, 21.375024639154329 ], [ 75.606943050341059, 21.391845311197571 ], [ 75.543727554565322, 21.368529438037623 ], [ 75.520057513665705, 21.387017843248671 ], [ 75.382390008264878, 21.379331887949526 ], [ 75.357165013252882, 21.400867292349297 ], [ 75.29960161483686, 21.384616124393574 ], [ 75.295329239023701, 21.41357506245776 ], [ 75.217047568510282, 21.408613693471072 ], [ 75.107660778171692, 21.462295480187755 ], [ 75.051622524173737, 21.566552370349065 ], [ 75.020001534220228, 21.568655648644782 ], [ 74.90173745120849, 21.62924619401014 ], [ 74.862819803731597, 21.634463689411355 ], [ 74.828902869930602, 21.609801952828786 ], [ 74.782920638395723, 21.610695144743804 ], [ 74.5541498713133, 21.681366026702893 ], [ 74.547215869958293, 21.719557345374547 ], [ 74.50537558065399, 21.726215788451345 ], [ 74.514115660159064, 21.765682776296064 ], [ 74.498214207615703, 21.790093322842246 ], [ 74.524134109687125, 21.911253641021524 ], [ 74.48873138576235, 21.956241577462986 ], [ 74.439390778283283, 21.976796084553701 ], [ 74.432331663168767, 21.999475648461441 ], [ 74.452182153718567, 22.004725194426097 ], [ 74.43168461385612, 22.030292273616205 ], [ 74.386608886647494, 22.033877759740307 ], [ 74.398041998593385, 22.022894797516798 ], [ 74.375582181519292, 22.00051072508662 ], [ 74.344431853977468, 21.975186178833518 ], [ 74.300674227480201, 21.967048616389913 ], [ 74.28095425225969, 21.933030621969852 ], [ 74.192855380893022, 21.925889229436258 ], [ 74.144169057757892, 21.953132775343907 ], [ 74.150598559859461, 21.986596472633373 ], [ 74.0980064984129, 21.998314226378227 ], [ 74.092075251375235, 22.015053630847149 ], [ 74.140113753544924, 22.040629333464114 ], [ 74.131373022761238, 22.048083732560588 ], [ 74.178593033044621, 22.085567080954011 ], [ 74.152555289075934, 22.106009742646293 ], [ 74.124479318033266, 22.097855149913986 ], [ 74.133985991954034, 22.160579913736242 ], [ 74.121359831970864, 22.167597668892554 ], [ 74.122450173825058, 22.212442820569787 ], [ 74.072168648459538, 22.219158630005598 ], [ 74.087175953901692, 22.242860621177517 ], [ 74.052377243699254, 22.29409353591134 ], [ 74.071964034695696, 22.336879097856244 ], [ 74.064883978055278, 22.354535722491917 ], [ 74.105381790863021, 22.371763427594249 ], [ 74.128022162122704, 22.333060249260871 ], [ 74.190147809219354, 22.320255801057144 ], [ 74.203697344788111, 22.36654624773583 ], [ 74.224146303759994, 22.356515466547176 ], [ 74.223701202909723, 22.379950842517726 ], [ 74.243301290769026, 22.376010822428277 ], [ 74.256666165054753, 22.39956180383372 ], [ 74.291020467008039, 22.393948514063819 ], [ 74.255718233122508, 22.428992383598221 ], [ 74.247602567181545, 22.414809743651695 ], [ 74.243976964898209, 22.43391193746519 ], [ 74.201619106751338, 22.434516319193374 ], [ 74.190599214446252, 22.475935216757179 ], [ 74.184036597290969, 22.441572743276833 ], [ 74.160444339715156, 22.431216199929516 ], [ 74.149379492119991, 22.455702728374551 ], [ 74.119407836875922, 22.418875327702857 ], [ 74.098569665739234, 22.442174952000151 ], [ 74.104349774823604, 22.464691107226635 ], [ 74.075622745287163, 22.464190179140438 ], [ 74.082849102453082, 22.506639970676869 ], [ 74.054618265448667, 22.50926886299327 ], [ 74.033437981715792, 22.490187589274317 ], [ 74.041134296115857, 22.541796867640393 ], [ 74.074631021383169, 22.551407854200566 ], [ 74.150668186480488, 22.521267736446244 ], [ 74.189369461246471, 22.553632719850231 ], [ 74.183344450754433, 22.566774331811896 ], [ 74.210117433443827, 22.564591639959392 ], [ 74.263629164925433, 22.644092602953194 ], [ 74.379031084287931, 22.634643723174186 ], [ 74.433729294427138, 22.808049220569995 ], [ 74.464730056067424, 22.816436052234547 ], [ 74.476535868244923, 22.855524557909956 ], [ 74.44690381929739, 22.921329420454612 ], [ 74.393205112472529, 22.896848242925497 ], [ 74.339486216909989, 22.952896379157565 ], [ 74.364978927842969, 22.978816509579087 ], [ 74.318859362765792, 23.058824481872119 ], [ 74.386112549486754, 23.11153712893886 ], [ 74.432214082681213, 23.105038978720117 ], [ 74.464104120757213, 23.081812900306506 ], [ 74.505734208776644, 23.085189576747723 ], [ 74.544781660117138, 23.109091961929817 ], [ 74.539381814180786, 23.129375391295685 ], [ 74.606598445757839, 23.142714387527622 ], [ 74.671385682463722, 23.200128046715573 ], [ 74.714939677954078, 23.190775696749423 ], [ 74.741508265170225, 23.20842337655332 ], [ 74.74040727378835, 23.217701342681096 ], [ 74.748627398525528, 23.223562187308566 ], [ 74.747437371522565, 23.226609772211265 ], [ 74.691810562094389, 23.21924647079549 ], [ 74.715075871534296, 23.236794231586732 ], [ 74.70066406019231, 23.265789054466609 ], [ 74.638839381953531, 23.255486551656976 ], [ 74.574366189982783, 23.295211644904821 ], [ 74.546644613302817, 23.277105688523232 ], [ 74.514125528152448, 23.328311083694409 ], [ 74.539681449938726, 23.334822883999358 ], [ 74.539789143568271, 23.361959560815166 ], [ 74.56883190128265, 23.376317340939583 ], [ 74.572360499888362, 23.420677726247778 ], [ 74.599168170124116, 23.428908140159425 ], [ 74.60403189700736, 23.457523392857681 ], [ 74.651900855641898, 23.462500964754408 ], [ 74.700874942400191, 23.504291862372426 ], [ 74.727206937625027, 23.495446905492287 ], [ 74.733366323507198, 23.521736419856268 ], [ 74.761715865689865, 23.521295835538034 ], [ 74.772851596649176, 23.544070493679342 ], [ 74.794074244032529, 23.550969389750659 ], [ 74.802919022184, 23.532536995169856 ], [ 74.847298060075687, 23.552134506972646 ], [ 74.902697821214147, 23.624717504889158 ], [ 74.93649131841029, 23.628611769133276 ], [ 74.899650460885937, 23.682305203465472 ], [ 74.921535635554278, 23.694866514814983 ], [ 74.920172156446341, 23.71941752784155 ], [ 74.936253165147022, 23.729648966065231 ], [ 74.924255566249599, 23.756361904008994 ], [ 74.940382588455762, 23.764731312441423 ], [ 74.924285772999369, 23.796616192152037 ], [ 74.90368187530224, 23.794301057062334 ], [ 74.913760351155858, 23.842510714440468 ], [ 74.902473934994177, 23.873217341868923 ], [ 74.916047483428798, 23.930984057321524 ], [ 74.958884007078154, 23.972022185642363 ], [ 74.982424562117785, 24.025757366085749 ], [ 74.939284841788663, 24.053879524989231 ], [ 74.903325319592938, 24.109253894955433 ], [ 74.87951788676051, 24.173713176161908 ], [ 74.910146984825019, 24.21016036046457 ], [ 74.896823026105565, 24.227176409727885 ], [ 74.867774549716074, 24.243109846453752 ], [ 74.774799592444467, 24.238706488067876 ], [ 74.747081553330105, 24.253465827639875 ], [ 74.781289735319291, 24.28916036360145 ], [ 74.780887130171891, 24.338559159594055 ], [ 74.855148237917646, 24.424325686273299 ], [ 74.854203982789883, 24.444559901653655 ], [ 74.813727252543543, 24.436738302637409 ], [ 74.815087448309086, 24.468699397826292 ], [ 74.776680498461104, 24.460360232973439 ], [ 74.708700748948445, 24.486472724481654 ], [ 74.755751915484325, 24.53463884926563 ], [ 74.743487286080523, 24.571458998772613 ], [ 74.786494512091735, 24.585876743894321 ], [ 74.779546038877484, 24.61539158988154 ], [ 74.813620267684755, 24.649601297256414 ], [ 74.814226555941374, 24.665976976841893 ], [ 74.771742534802755, 24.661508075338904 ], [ 74.787213802122878, 24.70379100819601 ], [ 74.779398704391113, 24.731444661988061 ], [ 74.804075665096065, 24.735261599334898 ], [ 74.799878472882284, 24.779202840655547 ], [ 74.888817004934893, 24.633687428876929 ], [ 74.894378402993652, 24.64432315185169 ], [ 74.901665743190961, 24.632899493508383 ], [ 74.94324467395154, 24.637837339381885 ], [ 74.960051675912027, 24.678760027480255 ], [ 75.001607709514374, 24.686369271506187 ], [ 74.992334011865879, 24.73173484382782 ], [ 75.016270929659967, 24.73198396396883 ], [ 75.000944702529011, 24.774695386920953 ], [ 74.91453238307399, 24.769061997246887 ], [ 74.860883212947144, 24.798605535670674 ], [ 74.84930171279106, 24.775984195539621 ], [ 74.838024453157047, 24.797359578588125 ], [ 74.861014665219329, 24.804593088871318 ], [ 74.85912523958055, 24.83845919672714 ], [ 74.825888073531416, 24.89939113611301 ], [ 74.833622560042841, 24.959670361255878 ], [ 74.859152333667836, 24.962736984815997 ], [ 74.86978229964744, 24.924922059723304 ], [ 74.881152332792382, 24.937304570980476 ], [ 74.90279486890924, 24.929958363094425 ], [ 74.916577941299053, 24.886033758740087 ], [ 74.953147146484852, 24.880572519498557 ], [ 74.95851554419977, 24.858138410859802 ], [ 75.03402069284985, 24.844652379492864 ], [ 75.076509316057667, 24.880683244491021 ], [ 75.116801194578116, 24.877914249687947 ], [ 75.113534294079301, 24.966809836708421 ], [ 75.166484204809166, 25.00290293646087 ], [ 75.152255663259893, 25.020735022983569 ], [ 75.165796514814815, 25.047619077290108 ], [ 75.198218737323003, 25.033089471963279 ], [ 75.334318819995261, 25.041108724631894 ], [ 75.351356991716017, 25.019590409979696 ], [ 75.311863998452452, 24.995725149320208 ], [ 75.337046196825995, 24.955371074088927 ], [ 75.318424937554795, 24.894156952540886 ], [ 75.314309988800247, 24.885951798146305 ], [ 75.312713848728677, 24.885137835725896 ], [ 75.285181566842013, 24.965732981693382 ], [ 75.261037019639673, 24.963455910285706 ], [ 75.294266103546192, 24.908962120173257 ], [ 75.266963395113535, 24.899062055315223 ], [ 75.263411613685292, 24.874856202179714 ], [ 75.309230594383578, 24.856005855905511 ], [ 75.326617024075333, 24.874875770600578 ], [ 75.373609677946845, 24.867743720695756 ], [ 75.420332223683758, 24.886286895267823 ], [ 75.425645089344457, 24.868818753453127 ], [ 75.311036571922358, 24.800987815612601 ], [ 75.278379793903568, 24.840074268571783 ], [ 75.224208612765125, 24.844028532324227 ], [ 75.25233896871346, 24.813099124808367 ], [ 75.215609298366743, 24.802524387955888 ], [ 75.184413328323629, 24.748504687025981 ], [ 75.219420116193675, 24.702554821436649 ], [ 75.228359983712906, 24.717619495794594 ], [ 75.264723715447161, 24.717574867312162 ], [ 75.455419017309637, 24.680701857464246 ], [ 75.533870852094054, 24.712322925443928 ], [ 75.583079954300359, 24.713301617023632 ], [ 75.610819220604895, 24.68103064217437 ], [ 75.646018659374135, 24.685177051653088 ], [ 75.683232801933357, 24.72419637397293 ], [ 75.756813251696741, 24.761553194256329 ], [ 75.802147586807678, 24.756463116055212 ], [ 75.836260161101151, 24.727834602154392 ], [ 75.825160360956588, 24.667590473929867 ], [ 75.848228305138704, 24.663224731766277 ], [ 75.84906668392874, 24.647473504088257 ], [ 75.825147192552834, 24.613038663883604 ], [ 75.835442715752166, 24.594948469486845 ], [ 75.849220075755085, 24.610874287550175 ], [ 75.871519740282025, 24.606530076838371 ], [ 75.878581122744322, 24.58341772336356 ], [ 75.914730187668383, 24.572344193955448 ], [ 75.903850149578318, 24.548467843899406 ], [ 75.920612735237853, 24.521476950628784 ], [ 75.888048870867252, 24.50773795511089 ], [ 75.911601220786523, 24.49187844328511 ], [ 75.909174553200501, 24.455073504135367 ], [ 75.838770373805232, 24.414177083880531 ], [ 75.809761198709396, 24.433983348992623 ], [ 75.813781428202091, 24.461850506066572 ], [ 75.789369103993337, 24.471601179777053 ], [ 75.747549067207089, 24.424270540228225 ], [ 75.755286834365947, 24.406525490601819 ], [ 75.727751026591832, 24.390515649232515 ], [ 75.739838147098851, 24.332147874708767 ], [ 75.766421317565303, 24.298126004778361 ], [ 75.810797507797574, 24.295888284618936 ], [ 75.814407532395592, 24.244358318363687 ], [ 75.830241923906343, 24.233465250301816 ], [ 75.776438871473019, 24.208386127584763 ], [ 75.750997309713995, 24.14348186549342 ], [ 75.792923669300649, 24.091891075411898 ], [ 75.834936095576339, 24.091769853376039 ], [ 75.836792529687969, 24.057025649385292 ], [ 75.782898763580661, 24.043389799758955 ], [ 75.765457766625289, 23.992785270421592 ], [ 75.742280784933982, 23.992713724425311 ], [ 75.741261255477013, 23.97700539025282 ], [ 75.717506957993635, 23.966908359036324 ], [ 75.701752928869851, 23.966574218217346 ], [ 75.67083433253535, 24.018097685153151 ], [ 75.595696028897819, 23.990068983838224 ], [ 75.521076258893444, 24.024644052430265 ], [ 75.473881063671456, 23.982013369013202 ], [ 75.462225001550152, 23.914539297562328 ], [ 75.564315198145678, 23.856481298422345 ], [ 75.579477343498411, 23.834904346235625 ], [ 75.559175012937118, 23.818602279238441 ], [ 75.589116061681111, 23.809646158365418 ], [ 75.583520537523015, 23.794778400252884 ], [ 75.654408807346812, 23.798363405772573 ], [ 75.686904669250438, 23.755384376667852 ], [ 75.701811612214115, 23.786458540882656 ], [ 75.690135364050036, 23.813446351186364 ], [ 75.721618391640504, 23.811905599547948 ], [ 75.71922773481927, 23.841288249964759 ], [ 75.736552740406864, 23.856537876270661 ], [ 75.701683251044855, 23.872868394112 ], [ 75.706007607871939, 23.899317540532781 ], [ 75.752749494336925, 23.887296056579853 ], [ 75.765587139297537, 23.850661058570239 ], [ 75.782072094330346, 23.848845285395178 ], [ 75.79380075469966, 23.867081817003985 ], [ 75.853184634852994, 23.887591954415548 ], [ 75.886179772306718, 23.879040031252629 ], [ 75.937495154359681, 23.896684079120401 ], [ 75.981343530463604, 23.928964769295728 ], [ 75.984884317411073, 23.973730692083883 ], [ 75.963435650308966, 24.018702208999059 ], [ 76.00936512288888, 24.024407669355234 ], [ 76.04208478746915, 24.065966112236989 ], [ 76.127062965437702, 24.088065588238489 ], [ 76.117425055738721, 24.194182527426758 ], [ 76.148261862263269, 24.231616606078067 ], [ 76.136648058689531, 24.270919553559366 ], [ 76.162490959869714, 24.284746307217059 ], [ 76.185407876591313, 24.329353091014525 ], [ 76.204709423738976, 24.300901291204287 ], [ 76.19457190431666, 24.273189446140393 ], [ 76.212444585783516, 24.209845138596481 ], [ 76.239927513330144, 24.218881691221174 ], [ 76.281193389299077, 24.206826170223756 ], [ 76.287323080471197, 24.229957245729938 ], [ 76.32173723986682, 24.245453950249516 ], [ 76.357558042419768, 24.239756629071607 ], [ 76.412564334277235, 24.200288746075604 ], [ 76.416353844963936, 24.220717687793218 ], [ 76.452107884724967, 24.209134720250638 ], [ 76.470534315580721, 24.225985796804682 ], [ 76.504820454268568, 24.203139413244575 ], [ 76.527628046918423, 24.157046737246041 ], [ 76.576779995611389, 24.177829149332982 ], [ 76.564115418276813, 24.191204824903835 ], [ 76.594967615637088, 24.222853908945776 ], [ 76.584753472615986, 24.243779138803461 ], [ 76.611183319528081, 24.238355695102577 ], [ 76.616429352328254, 24.257852499087377 ], [ 76.666509495170004, 24.262407808175816 ], [ 76.695426031502166, 24.28431263581961 ], [ 76.702196897903278, 24.241430596546763 ], [ 76.675966782411436, 24.190925872474939 ], [ 76.698841246549335, 24.168409640410591 ], [ 76.756338994287745, 24.169112194000327 ], [ 76.801964911760123, 24.116575647718918 ], [ 76.854625563171879, 24.135729372155467 ], [ 76.900743056734015, 24.127237715177102 ], [ 76.916102521530505, 24.187734036481917 ], [ 76.935483411477307, 24.183889987402178 ], [ 76.94713230953424, 24.201042559768808 ], [ 76.863038994578403, 24.273144005349927 ], [ 76.84148602947856, 24.322541183680123 ], [ 76.832399642244937, 24.358111991628444 ], [ 76.851781662272387, 24.370732393123916 ], [ 76.837503275004593, 24.40855387836331 ], [ 76.853241492881011, 24.466970113838659 ], [ 76.816393144305508, 24.533642210189075 ], [ 76.862934785513886, 24.549612914145065 ], [ 76.884124193435099, 24.521544543963014 ], [ 76.90169958374689, 24.545873222332997 ], [ 76.917596645325105, 24.543407519536395 ], [ 76.918434804027925, 24.480718150208432 ], [ 76.977814389335919, 24.461257594290185 ], [ 77.028972806962642, 24.496079630004967 ], [ 77.036890988169901, 24.528087990686721 ], [ 77.054738329959207, 24.526460056110945 ], [ 77.071317682657025, 24.572453862765396 ], [ 77.065101401976349, 24.643844446246046 ], [ 77.03065678160776, 24.71222460899563 ], [ 76.998844903249676, 24.71785470593581 ], [ 76.95437928393423, 24.75951185585939 ], [ 76.906889713488582, 24.731487895167898 ], [ 76.890567240334491, 24.746895812102036 ], [ 76.856120757758333, 24.742486238093672 ], [ 76.802606965541429, 24.809306058385733 ], [ 76.79995694443646, 24.824697121585196 ], [ 76.824365640349782, 24.836222261069153 ], [ 76.897734007756057, 24.838613525413585 ], [ 76.949616365992156, 24.869385707468599 ], [ 76.912443575580426, 24.888246019042246 ], [ 76.920117450963033, 24.916588566725395 ], [ 76.890191945768379, 24.919400438573806 ], [ 76.861923242978108, 24.961381376296046 ], [ 76.856856612723305, 25.002483219513266 ], [ 76.875328915150732, 25.007332013665824 ], [ 76.876152888556888, 25.041548343866271 ], [ 76.96788477779954, 25.050800577273144 ], [ 77.000254851308881, 25.074872104864056 ], [ 77.085300636485755, 25.055113346829383 ], [ 77.122753806369019, 25.066909228593452 ], [ 77.147975069779349, 25.095316533592605 ], [ 77.166907802807316, 25.084898477816182 ], [ 77.174575595697107, 25.111734972120459 ], [ 77.269505891593127, 25.116036665225661 ], [ 77.311194247036809, 25.079745624560029 ], [ 77.393075221653604, 25.119415009425694 ], [ 77.406576727897416, 25.111713148375724 ], [ 77.390653802025497, 25.123111101236486 ], [ 77.3932433512405, 25.159571764366454 ], [ 77.400264250226229, 25.183901690379269 ], [ 77.426533543942526, 25.18798195833465 ], [ 77.411498619797001, 25.223946741145014 ], [ 77.355201655488756, 25.263537402237962 ], [ 77.381009389422189, 25.292471972724066 ], [ 77.376329771358115, 25.318169663336072 ], [ 77.342150166574754, 25.321758571362412 ], [ 77.366681631644695, 25.360622062349652 ], [ 77.350925932552812, 25.385283238262691 ], [ 77.370916794747217, 25.408389261945139 ], [ 77.314143404436493, 25.4314169601925 ], [ 77.291233985054234, 25.422744361517367 ], [ 77.23422117036408, 25.378921456346713 ], [ 77.224315685779672, 25.335383469168935 ], [ 77.234404309002741, 25.333674572316113 ], [ 77.223201325669706, 25.318787103736188 ], [ 77.205576669052789, 25.326536008686546 ], [ 77.209169542117081, 25.306184741225543 ], [ 77.083515536692488, 25.336738798443282 ], [ 77.070015800129795, 25.318773596507469 ], [ 77.045660710282746, 25.319391685881598 ], [ 77.03143493734116, 25.294563026205616 ], [ 76.973625500250307, 25.300356904128332 ], [ 76.943049754927117, 25.282173943216119 ], [ 76.92327788223605, 25.285430470933601 ], [ 76.929465278487058, 25.302953463779023 ], [ 76.899086343262852, 25.324216976160088 ], [ 76.8572079186781, 25.332741462640449 ], [ 76.777692466919191, 25.315496192722183 ], [ 76.729312635484263, 25.328571997525884 ], [ 76.700451577307419, 25.351552563240819 ], [ 76.669481644949386, 25.349107572987919 ], [ 76.640194910193713, 25.38354290688595 ], [ 76.623410914087671, 25.376772303809769 ], [ 76.598495787543001, 25.392348050207211 ], [ 76.587622166119019, 25.431831338391373 ], [ 76.55581917479401, 25.452592731486376 ], [ 76.555400819484717, 25.483042350833752 ], [ 76.51635606039514, 25.527607676421972 ], [ 76.504105898358972, 25.670887478781168 ], [ 76.479156022284215, 25.684481591887199 ], [ 76.474119597880843, 25.711197994081491 ], [ 76.522176224459713, 25.728373385542373 ], [ 76.520704240543566, 25.792533052215838 ], [ 76.58224772453886, 25.870243741980847 ], [ 76.621445284363332, 25.869281104065713 ], [ 76.641886808877928, 25.907972289240334 ], [ 76.715718498561628, 25.900723731970885 ], [ 76.758105465716937, 25.922568182373158 ], [ 76.748712663139898, 25.940953408245093 ], [ 76.790963822990548, 25.943156341186885 ], [ 76.807117343700966, 25.989979237040181 ], [ 76.88533568298682, 26.047982982292044 ], [ 76.900632534309651, 26.092813664061193 ], [ 76.99898200772158, 26.130088920909802 ], [ 77.030025158165159, 26.171747057967099 ], [ 77.09726303400042, 26.183655153283997 ], [ 77.136283835919699, 26.233819260466493 ], [ 77.212689744169808, 26.233806794140342 ], [ 77.271401889306532, 26.267942445771386 ], [ 77.329412419663626, 26.342962215173252 ], [ 77.367359662953177, 26.363842992996677 ], [ 77.444346756937591, 26.361595133656206 ], [ 77.437605099257965, 26.403427106453712 ], [ 77.538357262424299, 26.411353284286612 ], [ 77.675536048377964, 26.503029998120002 ], [ 77.726258023117197, 26.50210878441159 ], [ 77.744748181357494, 26.538247637737655 ], [ 77.82363766546689, 26.550460220138977 ], [ 77.827320541637789, 26.596046192751935 ], [ 77.89457269080458, 26.615194982544928 ], [ 77.90360052584802, 26.658976893585507 ], [ 77.953570936782882, 26.659229320146629 ], [ 78.000609102899929, 26.694941003560658 ], [ 78.089727747167018, 26.674475733248141 ], [ 78.095926611310958, 26.727810397989778 ], [ 78.123535073028677, 26.746999722851694 ], [ 78.101813943307633, 26.766958122960375 ], [ 78.112050297174136, 26.794934052683381 ], [ 78.183643048301619, 26.783824474840486 ], [ 78.174076465734544, 26.825166810734022 ], [ 78.225245861672377, 26.830656225871603 ], [ 78.268149249623264, 26.812840230756382 ], [ 78.283510462541273, 26.854460525912991 ], [ 78.372109108921336, 26.864060796057057 ] ] ] } },
{ "type": "Feature", "properties": { "Name": "Maharashtra" }, "geometry": { "type": "MultiPolygon", "coordinates": [ [ [ [ 74.389262868424609, 22.032405486734813 ], [ 74.443499295998762, 22.02329240829631 ], [ 74.452191586029016, 22.004300777005668 ], [ 74.432331663168767, 21.999475648461441 ], [ 74.439390778283283, 21.976796084553701 ], [ 74.48873138576235, 21.956241577462986 ], [ 74.523988610458872, 21.911637357926182 ], [ 74.498214207615703, 21.790093322842246 ], [ 74.514115660159064, 21.765682776296064 ], [ 74.50537558065399, 21.726215788451345 ], [ 74.547215869958293, 21.719557345374547 ], [ 74.5541498713133, 21.681366026702893 ], [ 74.580572088833691, 21.683249860123912 ], [ 74.582070368234838, 21.66492105427098 ], [ 74.782920638395723, 21.610695144743804 ], [ 74.828902869930602, 21.609801952828786 ], [ 74.862819803731597, 21.634463689411355 ], [ 74.90173745120849, 21.62924619401014 ], [ 75.020001534220228, 21.568655648644782 ], [ 75.051622524173737, 21.566552370349065 ], [ 75.125833120549359, 21.449263633659399 ], [ 75.217047568510282, 21.408613693471072 ], [ 75.295329239023701, 21.41357506245776 ], [ 75.29960161483686, 21.384616124393574 ], [ 75.357165013252882, 21.400867292349297 ], [ 75.382390008264878, 21.379331887949526 ], [ 75.520057513665705, 21.387017843248671 ], [ 75.543727554565322, 21.368529438037623 ], [ 75.606943050341059, 21.391845311197571 ], [ 75.623028752739074, 21.375024639154329 ], [ 75.670093630261107, 21.37458036619093 ], [ 75.728474341075412, 21.388684459620972 ], [ 75.833160036428097, 21.376668583701594 ], [ 75.889900312142515, 21.394603516284285 ], [ 75.910509681478032, 21.382473040005646 ], [ 75.962915260756461, 21.389646953638845 ], [ 76.047762540713393, 21.349001955245324 ], [ 76.095590046589138, 21.371158133525444 ], [ 76.128390396051572, 21.286631899265437 ], [ 76.15914777892857, 21.25536762532942 ], [ 76.140386130944748, 21.240989348704151 ], [ 76.140861490647012, 21.22761350405672 ], [ 76.165232462708317, 21.221207780286452 ], [ 76.176335270412451, 21.183988721900509 ], [ 76.171673645603505, 21.166517822727791 ], [ 76.128167736930308, 21.175646561525571 ], [ 76.112235121829755, 21.155341852132118 ], [ 76.1353843527653, 21.120726270923054 ], [ 76.169811030184405, 21.103642957346075 ], [ 76.166420493654726, 21.079042225575133 ], [ 76.260052384402002, 21.09045230356201 ], [ 76.278980058118307, 21.069942943069101 ], [ 76.374570326490627, 21.072723800178021 ], [ 76.412407250375082, 21.088362777447475 ], [ 76.410248771223877, 21.102184310804631 ], [ 76.455619613867952, 21.107657205836908 ], [ 76.49304515965791, 21.193849756110826 ], [ 76.529771991328317, 21.18181535126277 ], [ 76.566845138812113, 21.199293050201934 ], [ 76.623157728416388, 21.184948273919641 ], [ 76.641543209569946, 21.237070251568198 ], [ 76.661386268357404, 21.240651662488375 ], [ 76.662656954191391, 21.275925123030671 ], [ 76.621469621521001, 21.332260069645194 ], [ 76.740181997995492, 21.4112894985434 ], [ 76.744255674552676, 21.439820811132392 ], [ 76.785771521122456, 21.465052362092681 ], [ 76.795525332357684, 21.489439810643212 ], [ 76.763318712704219, 21.520792061360805 ], [ 76.789226469552972, 21.536408447845663 ], [ 76.781304329470231, 21.564742508644819 ], [ 76.795161139171825, 21.593934954169885 ], [ 76.832827757749783, 21.588994305621632 ], [ 76.854427593347879, 21.613361095240883 ], [ 76.901907318257997, 21.596885670834581 ], [ 77.073226826316287, 21.719453318186329 ], [ 77.1651267310598, 21.710736496079747 ], [ 77.176038755462216, 21.725752603252172 ], [ 77.210374462289124, 21.689664259162281 ], [ 77.226917503286501, 21.716787969288216 ], [ 77.286882101151903, 21.72186395277129 ], [ 77.289774782367971, 21.760259255719586 ], [ 77.404179058827054, 21.752418191480579 ], [ 77.479100366322868, 21.769985205297782 ], [ 77.479475562074342, 21.754144147073045 ], [ 77.542109572078488, 21.706135187255875 ], [ 77.575546023983478, 21.620783940308261 ], [ 77.576956251418778, 21.5549226153686 ], [ 77.595336777465192, 21.55941471574917 ], [ 77.611756371077931, 21.538558483989295 ], [ 77.575097390059213, 21.526428715533896 ], [ 77.454593147680754, 21.553759551895425 ], [ 77.425594587078336, 21.537803917276658 ], [ 77.422225696353763, 21.517702570624252 ], [ 77.441709137973405, 21.471437682190519 ], [ 77.473409612659836, 21.454570794266836 ], [ 77.487718610919245, 21.374325724639078 ], [ 77.51440424951528, 21.375948676222588 ], [ 77.532037863233853, 21.419085661543001 ], [ 77.561856827337508, 21.395969282084955 ], [ 77.56345643939764, 21.369083053366346 ], [ 77.587339514868546, 21.362685942180995 ], [ 77.607698627040648, 21.364660137367672 ], [ 77.605597322962296, 21.390809316621894 ], [ 77.653633826380485, 21.391210143723182 ], [ 77.669539806432851, 21.368832160080363 ], [ 77.691811270148079, 21.397546602412678 ], [ 77.709871082366703, 21.357343554343078 ], [ 77.737035803283533, 21.362194555596776 ], [ 77.750044563831054, 21.382821911094933 ], [ 77.796621385760886, 21.388967048577545 ], [ 77.801163416957721, 21.409531689992207 ], [ 77.883127618689002, 21.375956425736153 ], [ 77.941078943780667, 21.385715890476739 ], [ 78.176322842341335, 21.499144540329734 ], [ 78.18196425873235, 21.556641129383998 ], [ 78.274005784677044, 21.568723798296958 ], [ 78.266483670678554, 21.591727550212834 ], [ 78.302980618077882, 21.583736287882616 ], [ 78.306449261324872, 21.569366693818761 ], [ 78.34294641264178, 21.588623934095605 ], [ 78.363279565298768, 21.574870579496906 ], [ 78.381838130247971, 21.591693855007065 ], [ 78.372645357331862, 21.613438149987989 ], [ 78.386905859142345, 21.614787905080796 ], [ 78.427441666195023, 21.598952529134188 ], [ 78.424481271769494, 21.544265562578772 ], [ 78.436002191339483, 21.500641360465956 ], [ 78.451368830980115, 21.496533000039165 ], [ 78.511829169524944, 21.528518845874736 ], [ 78.570145157621383, 21.514255447441137 ], [ 78.585418863850933, 21.486723303023339 ], [ 78.688373562244962, 21.481923220985308 ], [ 78.728156801176809, 21.462185518640482 ], [ 78.750853341396279, 21.492977271363742 ], [ 78.776183592010128, 21.46444338846872 ], [ 78.800264069569778, 21.490148041550004 ], [ 78.890861337201272, 21.485183099779874 ], [ 78.899265972304548, 21.50045420864295 ], [ 78.93670163761621, 21.48571431577566 ], [ 78.94417765187093, 21.515804798171413 ], [ 78.906570620342436, 21.553228655617197 ], [ 78.931641114108714, 21.561731371389072 ], [ 78.913740022522717, 21.57093581254264 ], [ 78.914126405892688, 21.588962558525608 ], [ 78.998410345148429, 21.61901767928677 ], [ 79.012265198319341, 21.599402258415324 ], [ 79.093631617043073, 21.597996105255849 ], [ 79.112026436183996, 21.623827731003658 ], [ 79.168347934380961, 21.637161039937553 ], [ 79.15500851026556, 21.660019420908785 ], [ 79.223899755144174, 21.648621134809105 ], [ 79.231193239817983, 21.72227672100642 ], [ 79.352328413037938, 21.677839015726324 ], [ 79.392445816272343, 21.673893956274345 ], [ 79.422208085901758, 21.691815706470607 ], [ 79.49617399826198, 21.673991190182193 ], [ 79.517021801135172, 21.625308828398644 ], [ 79.503668149502317, 21.61476464539847 ], [ 79.512036739704797, 21.583964217333392 ], [ 79.542515912541674, 21.568217488790211 ], [ 79.540618897037064, 21.542670917102868 ], [ 79.651966539859274, 21.55573538505368 ], [ 79.660944379165585, 21.576885857456013 ], [ 79.737637191351126, 21.603846589688434 ], [ 79.792079527161448, 21.586579802453048 ], [ 79.83120932706403, 21.546733496542942 ], [ 79.891216919197248, 21.518014934000632 ], [ 79.918447274621954, 21.524391028397595 ], [ 79.935891973534652, 21.556113589772202 ], [ 79.97149165218714, 21.557707246177117 ], [ 79.998495897163266, 21.533422524647296 ], [ 80.032890837103395, 21.556117647725131 ], [ 80.066721599112483, 21.554101187886186 ], [ 80.119715431171542, 21.609871265725701 ], [ 80.154628370247238, 21.606459215600523 ], [ 80.192785318053325, 21.635443408189403 ], [ 80.253994673678662, 21.62452359631358 ], [ 80.298388769131165, 21.575433688755894 ], [ 80.327904877914875, 21.57124850078046 ], [ 80.33112116014405, 21.547524915731216 ], [ 80.376499350108844, 21.523258044403278 ], [ 80.422230363282935, 21.440449349831727 ], [ 80.396116144835773, 21.408004848081855 ], [ 80.412305528987275, 21.376613817886 ], [ 80.44863962979187, 21.372040659881154 ], [ 80.457566403467538, 21.402672058361404 ], [ 80.52765243642007, 21.394752986474082 ], [ 80.59920526821297, 21.327109065138053 ], [ 80.66242708453504, 21.33462563559242 ], [ 80.681590452825702, 21.313459630341111 ], [ 80.613806538739951, 21.226455301920375 ], [ 80.464279505500897, 21.17491466629534 ], [ 80.44473622799849, 21.121867551500205 ], [ 80.458212049611689, 21.113755388454297 ], [ 80.439164486737539, 21.096444195210644 ], [ 80.452662014342934, 21.038712362456526 ], [ 80.424202505793048, 21.008744371819901 ], [ 80.443789889677603, 20.993920495063279 ], [ 80.463651560659414, 20.929125544994001 ], [ 80.546151496066543, 20.934723469822085 ], [ 80.561835183510297, 20.824238526267447 ], [ 80.551685898852725, 20.763949776233783 ], [ 80.587657384811408, 20.68456080937932 ], [ 80.519994250113939, 20.65644672294686 ], [ 80.481024787811478, 20.618362376388895 ], [ 80.520928180904122, 20.580478113488088 ], [ 80.580767404498602, 20.608364464578724 ], [ 80.631861547666773, 20.598402424748802 ], [ 80.617356069888402, 20.585616056287495 ], [ 80.626596492142127, 20.563673308479174 ], [ 80.602185676204726, 20.449815981035538 ], [ 80.613651612591113, 20.434837001125896 ], [ 80.591483305114906, 20.3929285029647 ], [ 80.626359719589431, 20.332479669076481 ], [ 80.549592626611343, 20.308812016941779 ], [ 80.51883670529331, 20.266017235539465 ], [ 80.480796984936887, 20.274930299611558 ], [ 80.395273949104094, 20.244849248103684 ], [ 80.422195845518132, 20.205782564940328 ], [ 80.388538302950352, 20.165046018694497 ], [ 80.401817648637845, 20.147244313355188 ], [ 80.43359746522512, 20.135231668143124 ], [ 80.460146750340769, 20.150938216013003 ], [ 80.505594501349577, 20.144439192527489 ], [ 80.552072475360504, 20.117961557693459 ], [ 80.544017153748726, 20.095486527384761 ], [ 80.556826632931902, 20.071721963524343 ], [ 80.549623396604787, 19.985806427839325 ], [ 80.529919484159919, 19.939308938049884 ], [ 80.488766750102684, 19.930455236358245 ], [ 80.45217141651851, 19.957445764459287 ], [ 80.411262469958032, 19.938333916343257 ], [ 80.413889624447506, 19.907291998258586 ], [ 80.491426587997097, 19.902013313581516 ], [ 80.505848720981703, 19.870494987051892 ], [ 80.440725712887257, 19.81016857338043 ], [ 80.402097448696011, 19.816627068538963 ], [ 80.401730012591969, 19.796118812478483 ], [ 80.464258325023138, 19.795775095839399 ], [ 80.489049982623555, 19.770243271564549 ], [ 80.484987295157268, 19.802315860096574 ], [ 80.468891604391601, 19.810284492064678 ], [ 80.48058131291188, 19.827505771691587 ], [ 80.546203682794655, 19.818321568366073 ], [ 80.55263772587999, 19.76538627353705 ], [ 80.67640991619291, 19.699381842388615 ], [ 80.665371464694019, 19.611710619542329 ], [ 80.719320134933199, 19.615335951798912 ], [ 80.768699511903307, 19.587826085283314 ], [ 80.775496618992165, 19.562397406264605 ], [ 80.835169035319836, 19.566725456649703 ], [ 80.856669672656082, 19.52301070649948 ], [ 80.895433598624891, 19.519696900737586 ], [ 80.898051123174511, 19.480167273865543 ], [ 80.882308040022465, 19.452132172325772 ], [ 80.830463282569198, 19.44333918056078 ], [ 80.809592245669521, 19.420213885170767 ], [ 80.852990193913584, 19.363824570275391 ], [ 80.757339145529116, 19.289700159940519 ], [ 80.710823955214281, 19.281567572667456 ], [ 80.689779214681352, 19.286784941141594 ], [ 80.680017391372118, 19.330147307998359 ], [ 80.612686934265383, 19.309328427403511 ], [ 80.576061428965772, 19.402175993169678 ], [ 80.5204485380346, 19.347592418762069 ], [ 80.484183975816123, 19.339506709610344 ], [ 80.448506912691798, 19.266438268996072 ], [ 80.389285915964066, 19.237769339653198 ], [ 80.393975989519731, 19.187604297035318 ], [ 80.333252034964886, 19.145332946179405 ], [ 80.329694518691866, 19.069911325435847 ], [ 80.297360468523749, 19.048810563483652 ], [ 80.303139884108703, 19.021962466937243 ], [ 80.273291889150045, 18.992924406373092 ], [ 80.270855067008029, 18.938409176255998 ], [ 80.349498855598995, 18.848005930698477 ], [ 80.351533440902841, 18.816392856633733 ], [ 80.299936541212901, 18.794447173217087 ], [ 80.274747441981319, 18.765421511074038 ], [ 80.245241245208476, 18.765465789731941 ], [ 80.272886801957497, 18.722961105871338 ], [ 80.248477498783032, 18.706336181357219 ], [ 80.212771705739286, 18.705717739120583 ], [ 80.196569018436762, 18.680795452048546 ], [ 80.157707996263809, 18.700979757659088 ], [ 80.118121870163179, 18.680516792604557 ], [ 80.052796951335566, 18.725058817840186 ], [ 80.018544284773512, 18.770382977261519 ], [ 79.964154099758716, 18.773825002982669 ], [ 79.914030570085345, 18.8238066952952 ], [ 79.961605031325348, 18.86662660298461 ], [ 79.940378743968481, 19.032013090151558 ], [ 79.928917064698211, 19.049194324780444 ], [ 79.871102776704831, 19.041016936537062 ], [ 79.858429571950239, 19.102416227024559 ], [ 79.945668548977494, 19.168936594412475 ], [ 79.92474234384126, 19.227299254221833 ], [ 79.965872440353309, 19.303038742271937 ], [ 79.959080494984065, 19.335940226215417 ], [ 79.979614953808039, 19.390325506887194 ], [ 79.944819482930498, 19.469814402728364 ], [ 79.864583949724661, 19.510513651541096 ], [ 79.81446382736118, 19.575698469125605 ], [ 79.743080008199129, 19.608626251109676 ], [ 79.708999704983896, 19.584478292693923 ], [ 79.627919502984383, 19.573170822138966 ], [ 79.596153969610128, 19.507277322221256 ], [ 79.55293237323275, 19.524168598929183 ], [ 79.539927213132913, 19.554661262212349 ], [ 79.518610819363147, 19.543109248857199 ], [ 79.518588596839649, 19.520182826720013 ], [ 79.471424890263293, 19.500191725170712 ], [ 79.365730029317078, 19.576331394998647 ], [ 79.313930551445708, 19.566420805867875 ], [ 79.30684049386123, 19.596556016857914 ], [ 79.243557070178653, 19.616688943422876 ], [ 79.253124262701817, 19.593287159108719 ], [ 79.240023091562719, 19.53524020707728 ], [ 79.203851142056763, 19.494083473007354 ], [ 79.223589336009539, 19.469074904407595 ], [ 79.190311932622208, 19.458984736255275 ], [ 79.098034514473781, 19.532026770268097 ], [ 79.04601146030123, 19.54832571279097 ], [ 78.998031391744135, 19.540084339425817 ], [ 78.981251942011752, 19.56083938095621 ], [ 78.940443600474921, 19.551868301093993 ], [ 78.972834916445791, 19.582387659255247 ], [ 78.955620220381832, 19.60017119701536 ], [ 78.955558443239738, 19.655791000469222 ], [ 78.903535715155613, 19.670009076511381 ], [ 78.886726815054971, 19.655071367889111 ], [ 78.851920303882608, 19.65836082085324 ], [ 78.85992308572834, 19.689491281603829 ], [ 78.840963453547488, 19.761890085026351 ], [ 78.802160940445617, 19.756533796549853 ], [ 78.782365984645025, 19.778409699665275 ], [ 78.740057017307521, 19.783133152197568 ], [ 78.719160675764599, 19.766648245778093 ], [ 78.692562543857051, 19.791026671581104 ], [ 78.552006507456795, 19.824084591686947 ], [ 78.515018324429164, 19.818933385583264 ], [ 78.490238149094694, 19.792684456099913 ], [ 78.4724590388428, 19.817338269434188 ], [ 78.422951937609, 19.81762670116132 ], [ 78.386458312179613, 19.845359360775408 ], [ 78.380671277982742, 19.880436196614081 ], [ 78.332088171273753, 19.884900375487177 ], [ 78.331778926237178, 19.913373836877089 ], [ 78.307027909318506, 19.914297558775854 ], [ 78.28607513381283, 19.847937142246078 ], [ 78.336414470258461, 19.837923242260398 ], [ 78.334024560835573, 19.814591720209716 ], [ 78.357441717897856, 19.805434131023507 ], [ 78.364674650731644, 19.781231544391993 ], [ 78.343134145264784, 19.713250019499597 ], [ 78.31182129542006, 19.691050463631548 ], [ 78.276185874599065, 19.692415346206872 ], [ 78.262649047496609, 19.665064242921289 ], [ 78.2904624948807, 19.646001012017866 ], [ 78.305566912696634, 19.607066537958211 ], [ 78.303688912729939, 19.56932056161606 ], [ 78.274310765410959, 19.553974586992748 ], [ 78.293229658993681, 19.54223359092849 ], [ 78.304340957573885, 19.456137048393778 ], [ 78.27043943526985, 19.456155144097544 ], [ 78.195065244818508, 19.406753716944852 ], [ 78.176190020138364, 19.412262465755152 ], [ 78.187672987684252, 19.394592950892033 ], [ 78.172148227485607, 19.34929886492208 ], [ 78.193738852657091, 19.314886125220209 ], [ 78.175320996220748, 19.237578550962926 ], [ 78.144546910967676, 19.229400732679572 ], [ 78.117038043668899, 19.248637272597726 ], [ 78.089149624687821, 19.239368188949069 ], [ 78.079096875685593, 19.254834329163931 ], [ 78.055675248606462, 19.237121711799112 ], [ 78.041613577206007, 19.243428143037939 ], [ 78.042506274426344, 19.270603767256819 ], [ 77.945121897955104, 19.342452969604633 ], [ 77.863458783659325, 19.304196348266533 ], [ 77.865575519895899, 19.283821549593235 ], [ 77.907563574877926, 19.268228379104677 ], [ 77.871405055185505, 19.255020368990753 ], [ 77.847721022127047, 19.189594953064017 ], [ 77.860494212966003, 19.180354254811782 ], [ 77.834062931444379, 19.1343082497823 ], [ 77.850395025555173, 19.088556895156596 ], [ 77.809934258371413, 19.104733974395398 ], [ 77.800349432817555, 19.051121571715516 ], [ 77.764811991244571, 19.062655287414927 ], [ 77.76199629654667, 19.031852646234576 ], [ 77.771497156570931, 18.979159065902934 ], [ 77.821757776343176, 18.978507766528278 ], [ 77.819249317150522, 18.945859940844141 ], [ 77.858591643178002, 18.949110976748372 ], [ 77.843254232021764, 18.90869337526253 ], [ 77.885384448990763, 18.904200157807963 ], [ 77.903232038715089, 18.866625520018001 ], [ 77.930060766359446, 18.858726335294026 ], [ 77.948536062871696, 18.829836471380727 ], [ 77.839954802628185, 18.804821512227637 ], [ 77.787288251979945, 18.682639975509353 ], [ 77.76815202538728, 18.705859357836829 ], [ 77.753503765784416, 18.700991982374383 ], [ 77.729974247446407, 18.666936907218947 ], [ 77.750342738030056, 18.589215470950801 ], [ 77.73849960714071, 18.556788708786712 ], [ 77.655860400525171, 18.530898952006126 ], [ 77.647913148038711, 18.554931355334897 ], [ 77.596369422325338, 18.548941381222573 ], [ 77.585906900518026, 18.503996131318136 ], [ 77.604706853563897, 18.496366809185638 ], [ 77.603126055819075, 18.476847523576232 ], [ 77.576369301195285, 18.486784646386653 ], [ 77.572861018888062, 18.469814926464309 ], [ 77.548563405049492, 18.468581311031805 ], [ 77.585297341495476, 18.446792305404202 ], [ 77.527516022571334, 18.442111239908197 ], [ 77.556756063796854, 18.417143340332871 ], [ 77.522341183952378, 18.346467109504996 ], [ 77.571396144239088, 18.308829145014119 ], [ 77.551279519701524, 18.29169125723573 ], [ 77.512554197933696, 18.309556799316418 ], [ 77.511574832153059, 18.282048014409725 ], [ 77.465054737935105, 18.262535444235425 ], [ 77.44759549799295, 18.269994840389636 ], [ 77.437682880785147, 18.310313368412107 ], [ 77.365808127828743, 18.30712531508571 ], [ 77.356743047735279, 18.320202683224718 ], [ 77.400167434296492, 18.347446312928167 ], [ 77.394889050467981, 18.368454492204432 ], [ 77.414113802438635, 18.393106980804994 ], [ 77.372852662387871, 18.401102676641077 ], [ 77.365656558684108, 18.451563895109146 ], [ 77.345238780235732, 18.433611256917374 ], [ 77.31990605745824, 18.458027617671995 ], [ 77.316872346132442, 18.442253554107737 ], [ 77.241788637606334, 18.412608846117354 ], [ 77.233705498763442, 18.38820254789265 ], [ 77.246411052749735, 18.370767480376966 ], [ 77.225850955109223, 18.365222146172748 ], [ 77.219086673359172, 18.325732976088144 ], [ 77.198731900948218, 18.315454996117857 ], [ 77.21303215680328, 18.280323100764917 ], [ 77.174830987630713, 18.284865088541459 ], [ 77.151540139985585, 18.217048855139737 ], [ 77.097616893865563, 18.196728390336609 ], [ 77.111560569756804, 18.155838320547513 ], [ 77.063975644940385, 18.150657607175923 ], [ 77.033196018878655, 18.181998569284659 ], [ 77.023321933108321, 18.158515566747699 ], [ 77.001132177456398, 18.160905789723017 ], [ 76.990627728579852, 18.189994123927367 ], [ 76.951953252355452, 18.188106211429062 ], [ 76.920517453691048, 18.118190492426706 ], [ 76.966367080415253, 18.098208316449753 ], [ 76.945231065659584, 18.083208285769238 ], [ 76.952321728708569, 18.040226895740638 ], [ 76.914331955580209, 18.035369341451549 ], [ 76.90566015612157, 18.009718035959995 ], [ 76.91899602919662, 17.915962514196014 ], [ 76.901279682436993, 17.917251265268614 ], [ 76.884282662539405, 17.894302225702283 ], [ 76.83973992285685, 17.899384147550819 ], [ 76.810230691574972, 17.887051739327312 ], [ 76.806684154511373, 17.870585761248329 ], [ 76.775064642286523, 17.877723850870616 ], [ 76.768176233127136, 17.90116302584207 ], [ 76.739987470515672, 17.899712447393384 ], [ 76.738496988491235, 17.856693135570179 ], [ 76.76751420530546, 17.852138518137469 ], [ 76.790407843983104, 17.82634508336897 ], [ 76.762052205832887, 17.787028598418232 ], [ 76.714105238397408, 17.780952284751173 ], [ 76.728283979143995, 17.737573032935053 ], [ 76.699659081767152, 17.727261835524196 ], [ 76.69085240476015, 17.681017898682271 ], [ 76.664201538152184, 17.687573648914974 ], [ 76.61534534449514, 17.770410155649408 ], [ 76.5820363743087, 17.705696489440776 ], [ 76.570308918580182, 17.705420310478747 ], [ 76.572747412486905, 17.760541072328632 ], [ 76.52329024051491, 17.759812293236955 ], [ 76.523916025806429, 17.715167287585082 ], [ 76.487241688087977, 17.714779349959386 ], [ 76.489761941261989, 17.660515183528666 ], [ 76.429204642158624, 17.644970284776345 ], [ 76.419697653827484, 17.603727304636465 ], [ 76.33129961292849, 17.597437052896126 ], [ 76.340704722424931, 17.542493210074102 ], [ 76.362752400531534, 17.537390957617685 ], [ 76.367230855260772, 17.519471304053628 ], [ 76.346583580613526, 17.51259813327534 ], [ 76.345776011342792, 17.492548667109983 ], [ 76.375527375424682, 17.490238310056164 ], [ 76.330698476510022, 17.470212728625427 ], [ 76.333273093030087, 17.433920321941297 ], [ 76.371520865901303, 17.436442387738538 ], [ 76.363436172972953, 17.377687243595638 ], [ 76.409129844977329, 17.371406339192426 ], [ 76.412197642876578, 17.351086389412902 ], [ 76.383168509910092, 17.314544953025774 ], [ 76.354020409457249, 17.314336095251068 ], [ 76.345308616103821, 17.354467671493865 ], [ 76.314353574219922, 17.348409853259007 ], [ 76.317672612039516, 17.332395707579284 ], [ 76.276369862024808, 17.334594777068947 ], [ 76.272018973455815, 17.360612394739821 ], [ 76.250737469353368, 17.360453599459891 ], [ 76.242097378627548, 17.378857959352796 ], [ 76.17032498240961, 17.352646178552884 ], [ 76.176324420560448, 17.300809611946569 ], [ 76.162628007747799, 17.345242212776466 ], [ 76.118964105179032, 17.370526872441843 ], [ 76.079140406126811, 17.331625759099861 ], [ 76.060546044211833, 17.355331205616391 ], [ 76.014343398445604, 17.353557394153842 ], [ 75.93083041043468, 17.322598171176217 ], [ 75.890593559115274, 17.356548096994725 ], [ 75.884201094552893, 17.417985150587917 ], [ 75.860890420191097, 17.385621032282277 ], [ 75.851096770469667, 17.410551331640473 ], [ 75.82145367583739, 17.421249049062084 ], [ 75.813672467049727, 17.372786768789201 ], [ 75.792952922039561, 17.369724480723921 ], [ 75.733608195856178, 17.420120643595975 ], [ 75.690742914439625, 17.40950185634707 ], [ 75.675890154260657, 17.455971389664033 ], [ 75.632994477448136, 17.477243145727424 ], [ 75.606615149092676, 17.420401760579175 ], [ 75.613529928297226, 17.391944569292665 ], [ 75.574156295083796, 17.38332916753653 ], [ 75.580858546366883, 17.351253099232764 ], [ 75.610038105820948, 17.345070032863436 ], [ 75.603746704422974, 17.305533365814529 ], [ 75.657727530756048, 17.263237215344496 ], [ 75.661922379265278, 17.214607255732464 ], [ 75.625386863597541, 17.174030711354561 ], [ 75.650356260961772, 17.115722685698049 ], [ 75.672297862406339, 17.116025885961122 ], [ 75.676723808810593, 17.065446113377863 ], [ 75.641006652976827, 17.037612329539737 ], [ 75.669702056425393, 17.038190763965932 ], [ 75.670327890225948, 16.962082839459857 ], [ 75.64476403541741, 16.954110063775371 ], [ 75.633939204191421, 16.970290491311392 ], [ 75.607870408158306, 16.971028758534239 ], [ 75.606895404596713, 17.004597338089805 ], [ 75.573105287760953, 17.00963842224828 ], [ 75.567659586422579, 16.965778136570616 ], [ 75.529321906564448, 16.969432600379864 ], [ 75.489085235806456, 16.944456178112091 ], [ 75.465560578252422, 16.98839856080636 ], [ 75.427886185654017, 16.966528734966126 ], [ 75.392143654210102, 16.980125273555014 ], [ 75.350059332168954, 16.95785177060829 ], [ 75.279611455125007, 16.956592633046331 ], [ 75.282037580128588, 16.880327110824489 ], [ 75.264727199113835, 16.86283677728456 ], [ 75.23766863301249, 16.867978159309239 ], [ 75.214209657577058, 16.84173698265171 ], [ 75.181855093481119, 16.843440521051125 ], [ 75.18899544145016, 16.875318197332557 ], [ 75.136491502038012, 16.874526564235499 ], [ 75.117491377397428, 16.913483395918064 ], [ 75.096317656756014, 16.913782281928675 ], [ 75.089343368655449, 16.951621077226815 ], [ 75.025244474120896, 16.928042257666508 ], [ 75.026595570850944, 16.944176116914999 ], [ 74.992919079220542, 16.952110671198348 ], [ 74.964365290684938, 16.947673892031837 ], [ 74.964554298915658, 16.92681710909801 ], [ 74.931717502107205, 16.94479633085782 ], [ 74.921785834327181, 16.929902994479871 ], [ 74.963588221913028, 16.909752191399839 ], [ 74.960370023577354, 16.880988290641255 ], [ 74.901524935863421, 16.862592176559485 ], [ 74.919452160339389, 16.772533520631054 ], [ 74.849828631299061, 16.772798738025674 ], [ 74.771977836813349, 16.750726574399181 ], [ 74.732099714227942, 16.718369050964853 ], [ 74.691027617442231, 16.715587162401849 ], [ 74.689557912551948, 16.677071492795108 ], [ 74.653485330191174, 16.638875975516903 ], [ 74.686988359835141, 16.606834239737903 ], [ 74.640020499465493, 16.610500658938339 ], [ 74.628639649706187, 16.57777911259446 ], [ 74.568543076749151, 16.55391684243213 ], [ 74.554852688937089, 16.564560188789557 ], [ 74.566901059716031, 16.585436579439289 ], [ 74.543499775884797, 16.595366843835286 ], [ 74.544496657915175, 16.635516715984618 ], [ 74.489041682726125, 16.630193665323322 ], [ 74.468750982652779, 16.663851915160219 ], [ 74.454790660979327, 16.647344691686072 ], [ 74.466719079718388, 16.606871621076134 ], [ 74.396633539940893, 16.583317859936262 ], [ 74.379839446771072, 16.528643119232619 ], [ 74.357932628992614, 16.538393129838653 ], [ 74.356254023577989, 16.55979834455049 ], [ 74.31572098872627, 16.55450627968175 ], [ 74.306149529205484, 16.503744894149488 ], [ 74.301378630630438, 16.529321463936196 ], [ 74.264450162213038, 16.54049648292564 ], [ 74.278223265099825, 16.50496687987232 ], [ 74.24737983888997, 16.49696603816583 ], [ 74.260776898913988, 16.480149335923755 ], [ 74.29090197832376, 16.504954273880667 ], [ 74.289281527145661, 16.46302294048326 ], [ 74.332597585866722, 16.454810643580807 ], [ 74.335059571616455, 16.401459502980753 ], [ 74.363699451993924, 16.405143032570358 ], [ 74.35341452981325, 16.366470795354306 ], [ 74.335874490902839, 16.393793720732333 ], [ 74.317197648373437, 16.381056219234836 ], [ 74.327039031874165, 16.342562006291494 ], [ 74.316610843677026, 16.326614308977081 ], [ 74.342551854360977, 16.298079891189563 ], [ 74.320829316979868, 16.284528373209195 ], [ 74.324937125026267, 16.271809190880528 ], [ 74.350463560511656, 16.2754192964555 ], [ 74.345600505568243, 16.293815044902139 ], [ 74.373011788877719, 16.261688023836168 ], [ 74.414397925906982, 16.282702736251181 ], [ 74.417613434686714, 16.258052380462409 ], [ 74.46862275084095, 16.240236549977816 ], [ 74.480481802572058, 16.25017656198586 ], [ 74.507996674210204, 16.202309080495137 ], [ 74.47983317941106, 16.147176515743986 ], [ 74.484304837486846, 16.091519918546098 ], [ 74.42761979917924, 16.112017392538391 ], [ 74.372218812738737, 16.078263580605167 ], [ 74.36132817363, 16.05388944603764 ], [ 74.377335150371479, 16.055173812467466 ], [ 74.373400767480589, 16.036496959417789 ], [ 74.429694141222626, 16.059204041868476 ], [ 74.463222227574818, 16.039243966617065 ], [ 74.430819280217662, 15.956643615018027 ], [ 74.386853180794091, 15.905043294276597 ], [ 74.40615756571971, 15.855438175556136 ], [ 74.388127166140123, 15.854314610613368 ], [ 74.368602519696722, 15.8944219893412 ], [ 74.338195919056702, 15.854981698429011 ], [ 74.383072137627252, 15.84916707398083 ], [ 74.360611065606676, 15.817842075543172 ], [ 74.371959637101199, 15.798304449425814 ], [ 74.358414116103447, 15.774896459464044 ], [ 74.323055024250337, 15.772739889057739 ], [ 74.287269953984463, 15.742041364368927 ], [ 74.268303796441359, 15.754801033530754 ], [ 74.242294225436638, 15.743264383364231 ], [ 74.227615565047884, 15.756645839952947 ], [ 74.233486929490397, 15.787059439790267 ], [ 74.208952737135249, 15.781334486542534 ], [ 74.201418452761274, 15.758686241351644 ], [ 74.161541550088032, 15.751360729982046 ], [ 74.122149991891419, 15.720798160905758 ], [ 74.12575449274874, 15.681034151865731 ], [ 74.088045950694806, 15.672323250871916 ], [ 74.11300113940618, 15.646083169679477 ], [ 74.030872959202966, 15.62273200580775 ], [ 74.021061064698088, 15.606163830231806 ], [ 73.967546561913835, 15.630251334943566 ], [ 73.963807808735623, 15.691019346765495 ], [ 73.943595651960834, 15.698494093686126 ], [ 73.951679713373522, 15.716358825969539 ], [ 73.938612557840983, 15.742718537007621 ], [ 73.875155055927706, 15.750735492382066 ], [ 73.879518220873365, 15.774103938659671 ], [ 73.857625051199008, 15.800453409281547 ], [ 73.82304317993308, 15.739902291844995 ], [ 73.784831059398897, 15.725423485316412 ], [ 73.742423984354247, 15.735651075358223 ], [ 73.72821026410881, 15.719795651505873 ], [ 73.674932825829714, 15.726798272988747 ], [ 73.65238928127954, 15.743713933511746 ], [ 73.659982640663202, 15.773632096688255 ], [ 73.593737969155541, 15.914232127588088 ], [ 73.509540235827728, 15.937309844964243 ], [ 73.483705132024213, 16.034004124883257 ], [ 73.457101379357965, 16.053662929997373 ], [ 73.456471495053776, 16.12718899834946 ], [ 73.38953421347891, 16.347392831227012 ], [ 73.368472161512145, 16.36347680830497 ], [ 73.371270501657065, 16.389733808844806 ], [ 73.374376207562975, 16.379361653176094 ], [ 73.407151395214314, 16.404115857298518 ], [ 73.365599339352059, 16.397695109559827 ], [ 73.316090058805372, 16.512684875720669 ], [ 73.311617315564689, 16.540842270692501 ], [ 73.332299249012237, 16.5620388276648 ], [ 73.353376647797305, 16.521410236929427 ], [ 73.386414834316042, 16.511817258604648 ], [ 73.355068382089812, 16.529126571840496 ], [ 73.355737180513785, 16.563561237345215 ], [ 73.316995287523923, 16.600711032056484 ], [ 73.331074670108507, 16.608111016127939 ], [ 73.351819287098238, 16.593298584669775 ], [ 73.340526851325833, 16.605826460255908 ], [ 73.355515409826324, 16.626147499550882 ], [ 73.33164853726818, 16.619409246676693 ], [ 73.338607034782683, 16.635724104667958 ], [ 73.322637052461246, 16.635438346003973 ], [ 73.328161588152341, 16.679014503323462 ], [ 73.305487352203045, 16.729276743606619 ], [ 73.317081744081804, 16.806213895022474 ], [ 73.295675783786621, 16.815110049520531 ], [ 73.287708857297119, 16.843847548802962 ], [ 73.300194092273443, 16.861008236452221 ], [ 73.285920368160276, 16.88035512550843 ], [ 73.303328513725731, 16.890634593733783 ], [ 73.277666039170342, 16.892579495286959 ], [ 73.295424701071454, 16.983062417941316 ], [ 73.275914650454752, 17.021576790585289 ], [ 73.2545221316512, 17.027097770320719 ], [ 73.256345582320549, 17.047448626760261 ], [ 73.278788343980665, 17.045427348989207 ], [ 73.287662219462504, 17.072483840871435 ], [ 73.252705120105773, 17.188547801983649 ], [ 73.230769066656379, 17.198653147809324 ], [ 73.244294231829812, 17.197564663585027 ], [ 73.241262671070814, 17.224455174829757 ], [ 73.189086583499716, 17.298500024499138 ], [ 73.220473600949248, 17.303030548193551 ], [ 73.225946071184765, 17.281752520053747 ], [ 73.242156271098011, 17.280194692939517 ], [ 73.249062459713528, 17.295903580385939 ], [ 73.233755524801595, 17.293273316250989 ], [ 73.242106601449336, 17.315463035079311 ], [ 73.21823867247241, 17.329145320184985 ], [ 73.221407868607656, 17.33303115054203 ], [ 73.227486076432527, 17.333059994152169 ], [ 73.230314376290508, 17.335207138490709 ], [ 73.207136050719541, 17.385921434426617 ], [ 73.177510591812947, 17.386804276024439 ], [ 73.167112428905867, 17.403930536427705 ], [ 73.211312446934485, 17.43732572058002 ], [ 73.186691042538286, 17.44208118314171 ], [ 73.184644945324095, 17.509703739350378 ], [ 73.136811436905617, 17.556028324328651 ], [ 73.164304963674297, 17.581260282093879 ], [ 73.135838159905973, 17.612452402959622 ], [ 73.114957281962361, 17.680377123545181 ], [ 73.131220467205992, 17.725662389612019 ], [ 73.108698110320134, 17.790457170949384 ], [ 73.087935218902558, 17.807348606382657 ], [ 73.071860287304787, 17.884651046042787 ], [ 73.029011979555548, 17.94476526162611 ], [ 73.033563389163945, 17.98532275724904 ], [ 73.002893927997107, 18.020976932720977 ], [ 73.085892597270174, 18.053645143831091 ], [ 73.070714169952936, 18.06597480690078 ], [ 73.02522618070762, 18.051278758341297 ], [ 73.015971530038087, 18.032491340792301 ], [ 72.990704079747431, 18.053448642766771 ], [ 73.001190693472324, 18.069602216615714 ], [ 72.971026932606449, 18.131455944688003 ], [ 72.994204653611192, 18.157689398385809 ], [ 72.978279764022076, 18.193138453012622 ], [ 72.993261906754839, 18.1855960038923 ], [ 73.003925330487178, 18.190435842517701 ], [ 72.93158883089832, 18.21956328811731 ], [ 72.941249389820541, 18.285349254915065 ], [ 72.966186646362232, 18.278548725614684 ], [ 72.978903956600618, 18.239404044853714 ], [ 72.999884478370504, 18.26021184978925 ], [ 73.043311716184391, 18.246258280875779 ], [ 73.061977551656625, 18.268888956369562 ], [ 73.047056075748287, 18.285142349107645 ], [ 73.03397928129273, 18.263969327346839 ], [ 72.999071105983035, 18.291547006351415 ], [ 72.992322668717946, 18.273555644490326 ], [ 72.952692659017359, 18.33494621285012 ], [ 72.913952521335545, 18.354716416157764 ], [ 72.911901386369237, 18.368881616274589 ], [ 72.929528588811635, 18.372484129953929 ], [ 72.906042414186061, 18.403232506059904 ], [ 72.894633157900856, 18.463183376397307 ], [ 72.916627918050693, 18.505780561558321 ], [ 72.905549258858031, 18.543131040978608 ], [ 72.931943035716557, 18.540159676363086 ], [ 72.866581083841368, 18.648102515303169 ], [ 72.855416366942777, 18.698493740887187 ], [ 72.869795333183035, 18.804375580160141 ], [ 72.911670552578883, 18.790398592729471 ], [ 72.946313364655339, 18.822400189506372 ], [ 72.940650512665016, 18.793067718011692 ], [ 72.992387905272182, 18.776979063318386 ], [ 72.973766674747068, 18.749812635690454 ], [ 72.985876258526119, 18.749899093296406 ], [ 72.995673884190992, 18.78281128769035 ], [ 72.948078812903432, 18.833132519185252 ], [ 72.842780126065492, 18.863275767112231 ], [ 72.864129229291393, 18.908123199607726 ], [ 72.91440508898242, 18.949877048475585 ], [ 72.909104334408426, 18.973350997782493 ], [ 72.881752893269919, 18.9857154562917 ], [ 72.878242920333335, 19.021936442162119 ], [ 72.854320577704698, 18.997203427014391 ], [ 72.843372313467114, 18.930294658024579 ], [ 72.809251619301733, 18.893515418648079 ], [ 72.822583061885837, 18.944384932991728 ], [ 72.808952276394578, 18.955456914376686 ], [ 72.792820035874939, 18.940673271845771 ], [ 72.817461126850588, 19.025563782958642 ], [ 72.832602461831442, 19.023681010276256 ], [ 72.838764695373044, 19.044441021698656 ], [ 72.81701339752982, 19.041474100438908 ], [ 72.828696736994743, 19.116619928528081 ], [ 72.806845682137521, 19.151450690727554 ], [ 72.786073022439581, 19.133520795553761 ], [ 72.781642279930026, 19.167884593302812 ], [ 72.795783447741528, 19.178904160893598 ], [ 72.775740704246203, 19.225023615628324 ], [ 72.78442926087817, 19.302438101494545 ], [ 72.85463699758543, 19.319099138685761 ], [ 72.909256926734145, 19.287628340989283 ], [ 72.868969862285311, 19.335919380095074 ], [ 72.843562894647889, 19.342395077790645 ], [ 72.807237408686859, 19.323704759124418 ], [ 72.757744158576401, 19.374026572689978 ], [ 72.740352247364768, 19.455121851953802 ], [ 72.747541415176244, 19.490511834683105 ], [ 72.72151904767027, 19.501305556970422 ], [ 72.729634725289372, 19.525354017179311 ], [ 72.712514895810997, 19.542609082339546 ], [ 72.709353919260593, 19.598149005866787 ], [ 72.728358411510101, 19.61158603133401 ], [ 72.703562344079955, 19.650658890784896 ], [ 72.708346791944436, 19.705559939732684 ], [ 72.681036807157966, 19.724860108859165 ], [ 72.686965761695021, 19.790282415857039 ], [ 72.673272894532786, 19.812902813486112 ], [ 72.657825296023802, 19.809422934906639 ], [ 72.645854714856895, 19.858538365601877 ], [ 72.66303369570177, 19.847551820538438 ], [ 72.658387062876614, 19.861480195219549 ], [ 72.677560601892907, 19.864755926431489 ], [ 72.660730532992588, 19.937482406644101 ], [ 72.683565478444507, 19.950084763997975 ], [ 72.688540297283978, 19.972693618079091 ], [ 72.719167541225758, 19.98358545799665 ], [ 72.699830406419792, 20.077587542251759 ], [ 72.713283995628018, 20.090528405570875 ], [ 72.716442614100799, 20.089510512088914 ], [ 72.724632639886082, 20.082776347778925 ], [ 72.725986303102871, 20.081792453171122 ], [ 72.72633585644455, 20.082184025182592 ], [ 72.714715886834711, 20.093298605033795 ], [ 72.727193043261693, 20.126692597058923 ], [ 72.794037162355082, 20.123193313003213 ], [ 72.785199462928048, 20.144970732132549 ], [ 72.805775347561365, 20.154318603753065 ], [ 72.824398045933648, 20.141870296066291 ], [ 72.815964600960882, 20.184293902832756 ], [ 72.836880819526115, 20.188306281958102 ], [ 72.838960071760809, 20.208976400156633 ], [ 72.861113074639519, 20.207460353453051 ], [ 72.858664987623868, 20.224592635023331 ], [ 72.962595150415282, 20.209768399697033 ], [ 72.961665391401255, 20.184340211022835 ], [ 72.977506211256213, 20.179479517098933 ], [ 72.961420673249862, 20.131304188139492 ], [ 72.97704399570317, 20.112773090476825 ], [ 72.998009489556651, 20.14266919712345 ], [ 73.011125910496034, 20.134532138373149 ], [ 73.001243626700429, 20.111760957054443 ], [ 73.039553102153548, 20.067175203236115 ], [ 73.052634040537527, 20.06454618721304 ], [ 73.063962373887009, 20.098437050559227 ], [ 73.111965329720888, 20.074273164207707 ], [ 73.136822047805765, 20.085891455686969 ], [ 73.178815382186713, 20.047229415318611 ], [ 73.19297347246156, 20.050822616743091 ], [ 73.189249113887428, 20.077315135785629 ], [ 73.213092285295147, 20.091115371500322 ], [ 73.217851162615034, 20.136492051451793 ], [ 73.226966410922145, 20.122810549953467 ], [ 73.253211327954915, 20.125732812215777 ], [ 73.2791149381803, 20.15009840334837 ], [ 73.283180394254302, 20.198186620282055 ], [ 73.29760858098561, 20.208544541178465 ], [ 73.343385467528023, 20.199552158965346 ], [ 73.356843380327675, 20.212983238895074 ], [ 73.365388038529261, 20.195548538271915 ], [ 73.383110306983227, 20.211699030903478 ], [ 73.388736357691329, 20.192856442990372 ], [ 73.416735556014885, 20.198394005848133 ], [ 73.41847468452346, 20.330507405179123 ], [ 73.406123400932401, 20.384449691862809 ], [ 73.384743032741355, 20.371269302198019 ], [ 73.379783036104072, 20.393485487912887 ], [ 73.41958456743005, 20.413045285505479 ], [ 73.469644003206199, 20.519909567626154 ], [ 73.493795772863436, 20.538257879872887 ], [ 73.475278007597794, 20.543589834710293 ], [ 73.473218743776471, 20.584711695509586 ], [ 73.430948287215202, 20.594218749735411 ], [ 73.420164039178786, 20.627317789513555 ], [ 73.391982015728615, 20.646056311108438 ], [ 73.43364109777211, 20.668104410197678 ], [ 73.449534267848563, 20.717632125317994 ], [ 73.474653291301451, 20.720384849285175 ], [ 73.489237742671392, 20.655734505680677 ], [ 73.520601011359744, 20.678809814696024 ], [ 73.550882339238427, 20.648531878936932 ], [ 73.599519218202019, 20.636901291883504 ], [ 73.652335074240369, 20.564558715040487 ], [ 73.695373782609025, 20.578546356281993 ], [ 73.744598656536766, 20.564846945914958 ], [ 73.776363199069266, 20.600890758402315 ], [ 73.838304342986319, 20.620621964130688 ], [ 73.839033514485607, 20.658855354898627 ], [ 73.812008354034717, 20.692271399837978 ], [ 73.855162976516084, 20.692282964120864 ], [ 73.874234114776527, 20.729643693432031 ], [ 73.917142437173283, 20.724966882167568 ], [ 73.941531587542642, 20.741406038363678 ], [ 73.941253344264837, 20.840248295892078 ], [ 73.923518932384837, 20.851293011568131 ], [ 73.917332156869705, 20.907699646077795 ], [ 73.88799291378902, 20.933510983898049 ], [ 73.892099577381742, 20.955628659397764 ], [ 73.907767867701523, 20.959657503869771 ], [ 73.901085861750019, 20.982223283308084 ], [ 73.868807338246214, 20.985181546663654 ], [ 73.799898886138351, 21.038636906923578 ], [ 73.807534363932419, 21.084704841430405 ], [ 73.780095986535684, 21.064404356284999 ], [ 73.729685357992466, 21.082315779363608 ], [ 73.743515748241549, 21.115062231377376 ], [ 73.729430266096159, 21.099752865316546 ], [ 73.702856851333678, 21.11828360609784 ], [ 73.688690296233901, 21.100681085736223 ], [ 73.618188045962455, 21.118352976843205 ], [ 73.617361214117068, 21.142596373530733 ], [ 73.578242797665737, 21.150384829929308 ], [ 73.577138177988445, 21.170661527745214 ], [ 73.606452645533537, 21.178754213418781 ], [ 73.607518761621179, 21.158881433720932 ], [ 73.634372152511645, 21.140778551262791 ], [ 73.667496759655663, 21.154629329778651 ], [ 73.718728404351126, 21.139645832590407 ], [ 73.732967124710925, 21.142242625410429 ], [ 73.740089298863424, 21.171115071708243 ], [ 73.772100387618949, 21.164638771052356 ], [ 73.784701507063545, 21.183987482235512 ], [ 73.815637923278345, 21.173960225956154 ], [ 73.822637445953546, 21.270746281390242 ], [ 73.879377952535023, 21.265847711175319 ], [ 73.941938895370555, 21.299159998420119 ], [ 73.93869875837899, 21.404915968652155 ], [ 73.959251336222238, 21.395411353065864 ], [ 74.002620380273726, 21.421414221008067 ], [ 74.044627178604159, 21.419196852284191 ], [ 74.063048410011049, 21.474644260413214 ], [ 74.100662775385544, 21.447710111478056 ], [ 74.125177305415761, 21.466655532587474 ], [ 74.209097192521114, 21.462132095769675 ], [ 74.214156161044855, 21.481685185610047 ], [ 74.253377746311585, 21.467647612662439 ], [ 74.320597592060764, 21.498502625153055 ], [ 74.33166589188157, 21.544016963411739 ], [ 74.294873141835637, 21.569085833179617 ], [ 74.263331517139193, 21.539900842589894 ], [ 74.23592615013419, 21.539405923385427 ], [ 74.2289408585697, 21.554167840485334 ], [ 74.195295065965823, 21.532012342051605 ], [ 74.175772745260701, 21.568763676722394 ], [ 74.157676031148512, 21.568767785281441 ], [ 74.136609900830365, 21.546414945086546 ], [ 74.005176797824419, 21.5534601997999 ], [ 73.99813125355891, 21.538760617252763 ], [ 73.973961750259647, 21.542707466290384 ], [ 73.982282226695517, 21.521898020233426 ], [ 73.956945280937873, 21.540879447504164 ], [ 73.951755779118514, 21.512693899352822 ], [ 73.90519027146965, 21.524632420952909 ], [ 73.851937873729113, 21.497901831183682 ], [ 73.813904004100067, 21.600783613361216 ], [ 73.78014194434563, 21.628233640036612 ], [ 73.887916115917065, 21.653228529899369 ], [ 73.891635752946044, 21.691784506997323 ], [ 73.824032386757651, 21.761054173554097 ], [ 73.837672120367458, 21.789385491980674 ], [ 73.826921416322108, 21.810223149604965 ], [ 73.795606095212037, 21.824639188021887 ], [ 73.816618473936856, 21.840873143936886 ], [ 73.872750734832664, 21.841822604303889 ], [ 74.12821879794852, 21.949782231344081 ], [ 74.157206365866813, 21.950741296557009 ], [ 74.192855380893022, 21.925889229436258 ], [ 74.28095425225969, 21.933030621969852 ], [ 74.307415819582801, 21.971675603267791 ], [ 74.353513668786306, 21.980236234190428 ], [ 74.398041998593385, 22.022894797516798 ], [ 74.389262868424609, 22.032405486734813 ] ], [ [ 74.275463315356888, 15.829891784992986 ], [ 74.263461636311462, 15.828515664226567 ], [ 74.267934246601484, 15.796098247494523 ], [ 74.311408626204852, 15.793300522162919 ], [ 74.292227591645798, 15.832206857184165 ], [ 74.275463315356888, 15.829891784992986 ] ] ], [ [ [ 72.732579154855685, 19.467275159143359 ], [ 72.736783387166355, 19.465937819263353 ], [ 72.732778535034669, 19.459257394140081 ], [ 72.728775375329022, 19.465789089182746 ], [ 72.732579154855685, 19.467275159143359 ] ] ] ] } },
{ "type": "Feature", "properties": { "Name": "Puducherry" }, "geometry": { "type": "MultiPolygon", "coordinates": [ [ [ [ 79.756690374983961, 11.002579795610574 ], [ 79.797668006731072, 10.982449256190558 ], [ 79.815377622414289, 11.003821468593774 ], [ 79.851414402419394, 10.993883271630505 ], [ 79.850713763210194, 10.827802016501209 ], [ 79.83094697678024, 10.827336376067334 ], [ 79.827967141913618, 10.849625161276116 ], [ 79.807815572911537, 10.855570481229014 ], [ 79.824785226532271, 10.864782041462552 ], [ 79.811180132858141, 10.880291741587181 ], [ 79.828461852225416, 10.883735379271457 ], [ 79.783537206376252, 10.888430200555254 ], [ 79.789206396879223, 10.90839545279227 ], [ 79.756169280253971, 10.891711539347195 ], [ 79.762305971997108, 10.91433726127006 ], [ 79.724578171860088, 10.929676780302739 ], [ 79.737438909811729, 10.952531263211661 ], [ 79.719855665529408, 10.952553324368372 ], [ 79.719572256040436, 10.96846365997569 ], [ 79.763842591494537, 10.959717269520008 ], [ 79.747246457368945, 10.988254367641336 ], [ 79.756690374983961, 11.002579795610574 ] ] ], [ [ [ 79.746753386482538, 12.007505081781746 ], [ 79.76032992181544, 11.989155059331667 ], [ 79.723410629688715, 11.977004324268011 ], [ 79.744436293598241, 11.964909825277539 ], [ 79.750178505455708, 11.919859943869438 ], [ 79.784626736153442, 11.959815931330571 ], [ 79.804978717498798, 11.953209039789986 ], [ 79.812510716558648, 11.977844541263103 ], [ 79.840540382143416, 11.955737980371403 ], [ 79.807732025098517, 11.836530540851271 ], [ 79.800575458945332, 11.855224017304197 ], [ 79.766059139542335, 11.840500317272976 ], [ 79.768431525529024, 11.875879103425103 ], [ 79.750298426054556, 11.84787948300499 ], [ 79.739606067586891, 11.864596163578621 ], [ 79.717653170725939, 11.854095329723556 ], [ 79.709725335324293, 11.889245115111592 ], [ 79.673907731672088, 11.88065178139475 ], [ 79.695292867222349, 11.894745063222192 ], [ 79.696107044500337, 11.919121051330148 ], [ 79.718565581475175, 11.91899236983912 ], [ 79.706506188367698, 11.913576733193645 ], [ 79.711097981739698, 11.890663670962891 ], [ 79.740600778389208, 11.905392732934589 ], [ 79.717435276268915, 11.928941219287363 ], [ 79.720796188157152, 11.944854849929413 ], [ 79.709583505714008, 11.949911808064902 ], [ 79.711120512385335, 11.933024788251211 ], [ 79.69156621884261, 11.951272586335737 ], [ 79.746753386482538, 12.007505081781746 ] ], [ [ 79.775291035885715, 11.904940494619044 ], [ 79.772745658629859, 11.875175577596208 ], [ 79.785030423770749, 11.862867324087214 ], [ 79.796405174867573, 11.899839589754682 ], [ 79.775291035885715, 11.904940494619044 ] ] ], [ [ [ 79.737619285232583, 11.842918793738194 ], [ 79.767717991003892, 11.822656031829144 ], [ 79.806964694064305, 11.833488926253231 ], [ 79.795732074411703, 11.785406756191897 ], [ 79.761770649749621, 11.790818507698505 ], [ 79.755001370671607, 11.77518645699911 ], [ 79.712823763978093, 11.790789427229921 ], [ 79.73562344606357, 11.809277287790801 ], [ 79.737619285232583, 11.842918793738194 ] ] ], [ [ [ 79.649785398010081, 11.870426184379314 ], [ 79.663326585534904, 11.861203897099537 ], [ 79.64010395505413, 11.851969948909096 ], [ 79.64114859871151, 11.870349979145544 ], [ 79.649785398010081, 11.870426184379314 ] ] ] ] } },
{ "type": "Feature", "properties": { "Name": "Tamilnadu" }, "geometry": { "type": "MultiPolygon", "coordinates": [ [ [ [ 80.303580608366886, 13.473066799689544 ], [ 80.325960703552795, 13.441621337876494 ], [ 80.345206748290636, 13.279831513881174 ], [ 80.298372226655218, 13.137427971266284 ], [ 80.294881816330545, 13.092854990299708 ], [ 80.310720318532063, 13.108094868046321 ], [ 80.26682027402795, 12.969563638228975 ], [ 80.265795570274932, 12.781879352822013 ], [ 80.227093331616643, 12.707806234021469 ], [ 80.155719430753635, 12.464879848132629 ], [ 79.884605097720581, 12.06440391818321 ], [ 79.840540382143416, 11.955737980371403 ], [ 79.812510716558648, 11.977844541263103 ], [ 79.804978717498798, 11.953209039789986 ], [ 79.784626736153442, 11.959815931330571 ], [ 79.759848758098144, 11.943553144199241 ], [ 79.76209966580727, 11.928498087986654 ], [ 79.750178505455708, 11.919859943869438 ], [ 79.744436293598241, 11.964909825277539 ], [ 79.723410629688715, 11.977004324268011 ], [ 79.76032992181544, 11.989155059331667 ], [ 79.746402575499445, 12.007632479611472 ], [ 79.69156621884261, 11.951272586335737 ], [ 79.711120512385335, 11.933024788251211 ], [ 79.709583505714008, 11.949911808064902 ], [ 79.720796188157152, 11.944854849929413 ], [ 79.717435276268915, 11.928941219287363 ], [ 79.740600778389208, 11.905392732934589 ], [ 79.711097981739698, 11.890663670962891 ], [ 79.706506188367698, 11.913576733193645 ], [ 79.718565581475175, 11.91899236983912 ], [ 79.696107044500337, 11.919121051330148 ], [ 79.695292867222349, 11.894745063222192 ], [ 79.67374903888728, 11.891567573729395 ], [ 79.673907731672088, 11.88065178139475 ], [ 79.709904313864882, 11.889163741086573 ], [ 79.718804681562744, 11.853240642036331 ], [ 79.739271124444983, 11.864650582219813 ], [ 79.751789583612123, 11.848300492755982 ], [ 79.763892359957921, 11.87692147325874 ], [ 79.76809258308748, 11.838751854278105 ], [ 79.782187612527693, 11.855828796388669 ], [ 79.808108242234454, 11.845209599766394 ], [ 79.797440716794497, 11.824509848708949 ], [ 79.770030552785869, 11.822548415803018 ], [ 79.736633262935669, 11.844162223984878 ], [ 79.73562344606357, 11.809277287790801 ], [ 79.712259687556696, 11.791463063578368 ], [ 79.755001370671607, 11.77518645699911 ], [ 79.761770649749621, 11.790818507698505 ], [ 79.795731288385838, 11.785406852044151 ], [ 79.756930721034877, 11.556102976477646 ], [ 79.807388627013182, 11.444043279065664 ], [ 79.824189977672191, 11.362778772441532 ], [ 79.838702939315169, 11.353814363664997 ], [ 79.855379241791695, 11.014078073125074 ], [ 79.851074878767889, 10.994253778905083 ], [ 79.815377622414289, 11.003821468593774 ], [ 79.797668006731072, 10.982449256190558 ], [ 79.747540571182839, 11.003125360438871 ], [ 79.763842591494537, 10.959717269520008 ], [ 79.731077680570053, 10.97047255757971 ], [ 79.719065692458472, 10.95713672641371 ], [ 79.736585262356783, 10.95738140344408 ], [ 79.724962199847425, 10.929116222281079 ], [ 79.762899272411332, 10.913562069798033 ], [ 79.756169280253971, 10.891711539347195 ], [ 79.789206396879223, 10.90839545279227 ], [ 79.783537206376252, 10.888430200555254 ], [ 79.828461852225416, 10.883735379271457 ], [ 79.811180132858141, 10.880291741587181 ], [ 79.824785226532271, 10.864782041462552 ], [ 79.807815572911537, 10.855570481229014 ], [ 79.827967141913618, 10.849625161276116 ], [ 79.83094697678024, 10.827336376067334 ], [ 79.850613327069851, 10.827781513104922 ], [ 79.834339908218467, 10.812863469997755 ], [ 79.848722338362492, 10.810410391175127 ], [ 79.858369665100568, 10.472241830434587 ], [ 79.880307710114934, 10.304638201191906 ], [ 79.846676573524931, 10.27985587181848 ], [ 79.711668198146086, 10.279312770671867 ], [ 79.720795065263047, 10.287957839368389 ], [ 79.638667570474396, 10.34222170353714 ], [ 79.637002665266181, 10.378633827041426 ], [ 79.559979844384571, 10.385747201726302 ], [ 79.535445508298977, 10.358840212600917 ], [ 79.50245565743073, 10.379817656911456 ], [ 79.502399108483573, 10.34911003377934 ], [ 79.475895252968471, 10.350688434621656 ], [ 79.471839656803056, 10.315981697243478 ], [ 79.387931509780131, 10.317483182999977 ], [ 79.298325085703638, 10.263265106317265 ], [ 79.268135197337699, 10.232776090570841 ], [ 79.277212929303616, 10.213261652954843 ], [ 79.241398494907685, 10.184838451052343 ], [ 79.229212254292221, 10.107433403098709 ], [ 79.222984603634998, 10.105975231874909 ], [ 79.219747450846825, 10.11259881654621 ], [ 79.219341542594123, 10.113023868668796 ], [ 79.218962754479818, 10.112567405860672 ], [ 79.227007639464659, 10.073552606679534 ], [ 79.247926104716385, 10.07084224207092 ], [ 79.265969964652186, 10.039201201090169 ], [ 79.138726209770979, 9.920831985777442 ], [ 79.14686861316811, 9.911406183929147 ], [ 79.125358124906469, 9.903676733844836 ], [ 79.12389015196807, 9.883533084128079 ], [ 79.118300855829844, 9.890625793300494 ], [ 79.111120417846308, 9.892809007332854 ], [ 79.12068564395733, 9.855279471497655 ], [ 78.992692349176082, 9.709551806649168 ], [ 78.929054877880475, 9.584305615126308 ], [ 78.914355977550088, 9.492896197766623 ], [ 78.898345389581181, 9.489470940761473 ], [ 78.936011736867883, 9.409057071525565 ], [ 79.064605483551333, 9.298749790474067 ], [ 79.209188735642286, 9.283434565815092 ], [ 79.265768350363103, 9.29271278466072 ], [ 79.309756107269862, 9.327614360944505 ], [ 79.329182527428529, 9.320063266852092 ], [ 79.314556724809449, 9.281155791056333 ], [ 79.323842917125219, 9.263544531431124 ], [ 79.416274760162565, 9.187063962006505 ], [ 79.435679568652148, 9.164136502998963 ], [ 79.435846916704719, 9.158444826968575 ], [ 79.299232394920367, 9.246732035466719 ], [ 79.214935047410719, 9.256165538590713 ], [ 79.207045048150533, 9.282454019410265 ], [ 79.088631495357006, 9.261068731883594 ], [ 78.964562277095411, 9.273927040984406 ], [ 78.732513966274709, 9.211486647119189 ], [ 78.716492408977871, 9.188977795856418 ], [ 78.664067369495456, 9.193422067888067 ], [ 78.642719364909141, 9.175747601571084 ], [ 78.657348823671413, 9.15761842085349 ], [ 78.578400269942222, 9.130324992712529 ], [ 78.532113496949648, 9.137314203032323 ], [ 78.413667533838947, 9.113936655561266 ], [ 78.214877204829151, 8.966031739006171 ], [ 78.186473710728791, 8.923585445551316 ], [ 78.16675816060939, 8.872882291679524 ], [ 78.159973024470005, 8.780172073228497 ], [ 78.179327989936041, 8.766685566023787 ], [ 78.197286953687623, 8.7888102642164 ], [ 78.197450728242018, 8.76480909690129 ], [ 78.22610629500096, 8.751535160330899 ], [ 78.165815885368545, 8.743971551301215 ], [ 78.135782459270601, 8.693258512672593 ], [ 78.130410869841484, 8.496905242201002 ], [ 78.063709266671282, 8.417983163191618 ], [ 78.066848756418409, 8.372851096058627 ], [ 77.802739939620125, 8.240170077595806 ], [ 77.781124716779516, 8.201045587328316 ], [ 77.744526025292814, 8.176921703218463 ], [ 77.576926081499963, 8.136731719725121 ], [ 77.551143904636334, 8.078045210631002 ], [ 77.315485509928848, 8.121039369570743 ], [ 77.095705132515548, 8.292711949646671 ], [ 77.148135813417966, 8.331607315514532 ], [ 77.180203981126596, 8.323329047699655 ], [ 77.166455339365001, 8.342435875028924 ], [ 77.17379215786984, 8.358419101675732 ], [ 77.152296657998733, 8.354970665853442 ], [ 77.150586428292812, 8.384354629783711 ], [ 77.167580293307097, 8.383619250922571 ], [ 77.205888521000318, 8.443894498144834 ], [ 77.226908750102382, 8.446627445017805 ], [ 77.201188813911529, 8.500867394474598 ], [ 77.261528165557266, 8.506172050606356 ], [ 77.283670840505152, 8.546748473943628 ], [ 77.246266649466122, 8.603488256781846 ], [ 77.251357535131888, 8.620236599090703 ], [ 77.200769058128728, 8.668867469462471 ], [ 77.206657658546561, 8.684435171820956 ], [ 77.169905830355063, 8.74175214047326 ], [ 77.190963591968, 8.741543868647929 ], [ 77.196776036809339, 8.768214654205805 ], [ 77.229632100684015, 8.784565322876045 ], [ 77.263907306874884, 8.841971041663207 ], [ 77.258255025360512, 8.874874749269399 ], [ 77.221064594731544, 8.90396939765566 ], [ 77.221220910574118, 8.927423308326464 ], [ 77.192628525024034, 8.926218052752878 ], [ 77.196121064355893, 8.954603558890911 ], [ 77.146925491676114, 9.021273026653368 ], [ 77.166928711095565, 9.044797342710522 ], [ 77.197091540408479, 9.046457025557377 ], [ 77.211983130265637, 9.099795838081659 ], [ 77.267717597390714, 9.1533282456408 ], [ 77.252391927215228, 9.189453735117663 ], [ 77.282135922416856, 9.216800867192644 ], [ 77.282886025560572, 9.301328862341494 ], [ 77.299378540814786, 9.310930072854303 ], [ 77.299899381321566, 9.336713929179332 ], [ 77.325130090517106, 9.337132148091657 ], [ 77.349202961142936, 9.441110383649978 ], [ 77.365844972230079, 9.460098489604635 ], [ 77.392458105104581, 9.459365827166001 ], [ 77.412242437428631, 9.508992861578273 ], [ 77.400353808666793, 9.527379499919551 ], [ 77.385024696147141, 9.519247611271703 ], [ 77.365410437364247, 9.535106131258381 ], [ 77.350110765331394, 9.567098063626569 ], [ 77.360976503140463, 9.602278283391888 ], [ 77.339345520256529, 9.573337240979058 ], [ 77.317667215920025, 9.602522447000082 ], [ 77.269561490122683, 9.572788004275145 ], [ 77.23416914712935, 9.581562136008541 ], [ 77.208804431751332, 9.613465277452368 ], [ 77.165746469791159, 9.612856291672967 ], [ 77.206603328438163, 9.694645199964334 ], [ 77.203443050777082, 9.722099682676131 ], [ 77.22379551990764, 9.730362538920696 ], [ 77.222709676816379, 9.788284472455453 ], [ 77.246717898386152, 9.798375677188032 ], [ 77.221792245383014, 9.822977636909767 ], [ 77.237203623819767, 9.851909084832096 ], [ 77.212462671625559, 9.877416931074716 ], [ 77.218269150755063, 9.904828067622276 ], [ 77.246562352399778, 9.951936697925021 ], [ 77.272712300439025, 9.964212738732934 ], [ 77.254650765251668, 10.012366829727258 ], [ 77.263819913374121, 10.029227437309515 ], [ 77.201106077277259, 10.107125899103504 ], [ 77.23845876520609, 10.130766436504626 ], [ 77.267639677522979, 10.122129283145393 ], [ 77.274518134247359, 10.184857817692867 ], [ 77.295203296240018, 10.218468697782397 ], [ 77.280863890906545, 10.236664302211015 ], [ 77.259042023211236, 10.230382860076094 ], [ 77.263479964819481, 10.263819866799922 ], [ 77.227266755692568, 10.316498865746226 ], [ 77.235176825112788, 10.352795374796013 ], [ 77.175917853004734, 10.358501408443678 ], [ 77.120077116079855, 10.317961576349596 ], [ 77.0913504081403, 10.314987277030955 ], [ 77.043540602668898, 10.283991019372392 ], [ 77.048352777034609, 10.259353922691664 ], [ 76.983513493737831, 10.219586724496416 ], [ 76.911794828451917, 10.234188650001407 ], [ 76.873182795021194, 10.275605316722299 ], [ 76.873069854332115, 10.297476493088825 ], [ 76.848487417954615, 10.284451957372781 ], [ 76.829847934561258, 10.303084229807229 ], [ 76.848538018257941, 10.367347299279995 ], [ 76.815956676265159, 10.422936075483175 ], [ 76.843008360373133, 10.536613527949118 ], [ 76.838521932197409, 10.596262857026108 ], [ 76.817395794418317, 10.602672379433768 ], [ 76.810041806413466, 10.623776650455708 ], [ 76.814192262876247, 10.634984127691416 ], [ 76.882041801588443, 10.638900568866926 ], [ 76.86742154606624, 10.694216987357755 ], [ 76.892100320469737, 10.718410251951955 ], [ 76.907208159070279, 10.783343957591937 ], [ 76.90068162274838, 10.80796214627143 ], [ 76.848164253522725, 10.819466257350875 ], [ 76.853777763749434, 10.839622688656757 ], [ 76.828307289712995, 10.87257735162488 ], [ 76.740668502197181, 10.89100345821805 ], [ 76.658977140377303, 10.930530688618818 ], [ 76.699626414531835, 11.026601457905567 ], [ 76.718073174262457, 11.040943640204283 ], [ 76.766484898584935, 11.029121351496308 ], [ 76.80069494368, 11.053920634951988 ], [ 76.77804310812067, 11.042120917904215 ], [ 76.746408837474021, 11.056694480912407 ], [ 76.747985308034117, 11.135423848688973 ], [ 76.700111335003683, 11.153576372466651 ], [ 76.69789590805334, 11.174150029287233 ], [ 76.728543453920537, 11.191381235381838 ], [ 76.734464055922075, 11.218019389721274 ], [ 76.705725915123907, 11.240390185010559 ], [ 76.628839359687746, 11.194198059077477 ], [ 76.533761066348688, 11.185628283173516 ], [ 76.498958762885067, 11.211359322266167 ], [ 76.472256471320321, 11.208783681760252 ], [ 76.458332165801551, 11.187714868574124 ], [ 76.438511620591768, 11.198997569817374 ], [ 76.452980544124586, 11.239404528106824 ], [ 76.521582951893237, 11.270613842071322 ], [ 76.545646105442657, 11.300345935792446 ], [ 76.547750868034782, 11.358918540873004 ], [ 76.508078847721649, 11.354159436475079 ], [ 76.517645883937959, 11.371597137979116 ], [ 76.460275209184687, 11.388841390449992 ], [ 76.415518445885695, 11.423208162253667 ], [ 76.418600993223563, 11.441819298774943 ], [ 76.397822357932341, 11.436313704646681 ], [ 76.34212277328804, 11.46763057528276 ], [ 76.325930210897113, 11.454017992480887 ], [ 76.284332311310948, 11.482959526754831 ], [ 76.24714296584682, 11.467944004441645 ], [ 76.239664038355627, 11.526688710518778 ], [ 76.251397603526399, 11.536882803272045 ], [ 76.23373215351414, 11.570613904117135 ], [ 76.278906035142285, 11.600848812744642 ], [ 76.302283147105811, 11.571263823232181 ], [ 76.335776444402001, 11.595773587554055 ], [ 76.354477516291254, 11.58934797610639 ], [ 76.387996650033358, 11.629703510009058 ], [ 76.432381222445528, 11.631325267292258 ], [ 76.443958114244225, 11.647228826220527 ], [ 76.431255716937812, 11.666437266001385 ], [ 76.458081784670625, 11.664405805529924 ], [ 76.510983501683825, 11.705053764827133 ], [ 76.550430060132015, 11.674267134277967 ], [ 76.559824741086345, 11.622542009200069 ], [ 76.576616544450516, 11.614567406496125 ], [ 76.756791708360012, 11.618502993768058 ], [ 76.846809200612199, 11.594533435862417 ], [ 76.857998993083584, 11.614092553833419 ], [ 76.834880586040413, 11.655480458138882 ], [ 76.888228353423116, 11.733706673944669 ], [ 76.907884880635066, 11.795309182729886 ], [ 76.953813136896116, 11.792118165829539 ], [ 76.969804291610473, 11.776921232208469 ], [ 76.982031539420348, 11.811565247849733 ], [ 77.01282374728595, 11.81467569557755 ], [ 77.038632470264531, 11.793906203669122 ], [ 77.028747174417788, 11.774734281073387 ], [ 77.06282601697238, 11.790455387659771 ], [ 77.056309414220877, 11.769834341142129 ], [ 77.080099870691058, 11.736039285560153 ], [ 77.117588391975701, 11.721127945989716 ], [ 77.110630168447358, 11.773529321552992 ], [ 77.238487938893257, 11.794705776206522 ], [ 77.2497630623335, 11.81306561285772 ], [ 77.29374193490213, 11.809049722637045 ], [ 77.335035746679765, 11.771280321216191 ], [ 77.364734417383701, 11.790452239543317 ], [ 77.394343886278236, 11.787681049446221 ], [ 77.427173414817744, 11.760895797421345 ], [ 77.466506092040746, 11.847127436866286 ], [ 77.461521088102558, 11.900030852615075 ], [ 77.486093428314589, 11.887456653985025 ], [ 77.494695798781549, 11.943893927009812 ], [ 77.537879270658237, 11.932430739927655 ], [ 77.675588158749264, 11.952020007392992 ], [ 77.696280477619794, 12.015772099020015 ], [ 77.775476025831338, 12.11844437920703 ], [ 77.727612494817762, 12.18153424217463 ], [ 77.610669696146729, 12.206150229918878 ], [ 77.492626089350097, 12.197340250838415 ], [ 77.471953873877311, 12.207902167313614 ], [ 77.482549440669743, 12.230212814401247 ], [ 77.471932458939236, 12.249878116509946 ], [ 77.487514374447827, 12.280503440790419 ], [ 77.551253332912665, 12.291213761430557 ], [ 77.616725340986591, 12.36820529822239 ], [ 77.634545622824589, 12.487604682843948 ], [ 77.626008572455163, 12.496314496726775 ], [ 77.60734358139932, 12.475129703912305 ], [ 77.583600209226418, 12.478801746795025 ], [ 77.616247124641717, 12.509186044764045 ], [ 77.587122929256921, 12.514760938271811 ], [ 77.580271474991662, 12.551595944401992 ], [ 77.590941768141008, 12.615249065299487 ], [ 77.606155023141852, 12.628918229305141 ], [ 77.598796752868026, 12.667163509095653 ], [ 77.659834006556309, 12.683844733624911 ], [ 77.676308119821925, 12.6794760116773 ], [ 77.678578079899893, 12.660393329782508 ], [ 77.704151650886573, 12.661408389716609 ], [ 77.711514330990113, 12.68314138062831 ], [ 77.739851842036202, 12.672992927675679 ], [ 77.735105950762048, 12.6940251187961 ], [ 77.763848011808122, 12.699639248336375 ], [ 77.774375822271935, 12.7242170231673 ], [ 77.762340770813694, 12.73531706220394 ], [ 77.79266897458055, 12.747865818012114 ], [ 77.77876992968757, 12.768009358364367 ], [ 77.8084631152784, 12.796727456839495 ], [ 77.809808147481959, 12.831533724485956 ], [ 77.792389567984472, 12.842705948197271 ], [ 77.835940719408654, 12.870331065170012 ], [ 77.890271104473314, 12.869655537845988 ], [ 77.929252168517706, 12.890915251681038 ], [ 77.941252145255646, 12.868739120923269 ], [ 77.918493614095041, 12.830575432533726 ], [ 77.940604618937584, 12.823343892204329 ], [ 77.939921425011192, 12.853142151204416 ], [ 77.952262927745466, 12.857116089576152 ], [ 77.995128519080737, 12.805856126093531 ], [ 78.015036106550028, 12.813364342897232 ], [ 78.003636455051819, 12.82478047752746 ], [ 78.028914511751026, 12.845183595063926 ], [ 78.023792548868016, 12.856498890525517 ], [ 78.05348592579999, 12.853787773104754 ], [ 78.134162909102741, 12.781961750111638 ], [ 78.23087768495445, 12.760652874918048 ], [ 78.240933947267749, 12.729933488528017 ], [ 78.205673115835381, 12.706394468187773 ], [ 78.210514021917163, 12.686067831215176 ], [ 78.271011501307427, 12.705047647371307 ], [ 78.300918797651264, 12.665858220977128 ], [ 78.371348564659058, 12.627093713064506 ], [ 78.464841670186559, 12.623996126213264 ], [ 78.467824202693947, 12.675876978844366 ], [ 78.499709158102092, 12.676124464143623 ], [ 78.502994809135856, 12.71675352654497 ], [ 78.519938925449665, 12.711997026445227 ], [ 78.489014161282427, 12.741964727094308 ], [ 78.51661894080577, 12.724357019607856 ], [ 78.520849839605646, 12.736114477687602 ], [ 78.524997055845247, 12.715402319642731 ], [ 78.544205568072201, 12.71092081235502 ], [ 78.529533756439207, 12.710201786211609 ], [ 78.534830185625111, 12.691107895854708 ], [ 78.555800653450348, 12.700140011514392 ], [ 78.555554608487284, 12.755767773502846 ], [ 78.592448163881159, 12.782657415895608 ], [ 78.633366484361602, 12.931726703391409 ], [ 78.656944722829067, 12.932086505508163 ], [ 78.620829197404447, 12.991221312571929 ], [ 78.655453352370785, 13.015228140882574 ], [ 78.656148055512631, 13.031149434304872 ], [ 78.70520435428908, 13.015217496240421 ], [ 78.714450603914088, 13.068656911552162 ], [ 78.75170991466409, 13.054919525035977 ], [ 78.794238117643303, 13.066560600871339 ], [ 78.813074555764402, 13.089118495104561 ], [ 78.841970835086912, 13.078588595461374 ], [ 78.891515978176358, 13.097061616669894 ], [ 78.891576236267326, 13.033032696145838 ], [ 78.937040160544512, 13.030399939959715 ], [ 78.903608988936739, 13.047679645248948 ], [ 78.923875942943823, 13.080782578860797 ], [ 78.994935663426105, 13.086580438716453 ], [ 79.063331209846083, 13.05307748709958 ], [ 79.080840161657761, 13.025696862051545 ], [ 79.114414988252506, 13.039241052810567 ], [ 79.163053798593964, 13.020238115856618 ], [ 79.1929297572091, 13.04666249375364 ], [ 79.180373061251913, 13.048816847543355 ], [ 79.192033471219204, 13.056113248673338 ], [ 79.178231620446724, 13.059153574130606 ], [ 79.192054914005041, 13.067398589122261 ], [ 79.180593038003735, 13.084209625271514 ], [ 79.234361408280549, 13.10519482250886 ], [ 79.23280857688718, 13.139336178861308 ], [ 79.209965899635606, 13.148424595045238 ], [ 79.23486555449611, 13.170809398960028 ], [ 79.245208625523432, 13.1382414731896 ], [ 79.257392264617877, 13.160701609812982 ], [ 79.280275338209464, 13.152833520255024 ], [ 79.283952746335217, 13.122734615114016 ], [ 79.312398906818302, 13.126105638590305 ], [ 79.294240219731279, 13.109563467073421 ], [ 79.307124543849, 13.105486066259505 ], [ 79.341102951161545, 13.136799758616982 ], [ 79.345181463349888, 13.121365906838387 ], [ 79.3604399152876, 13.123500413556725 ], [ 79.356051503190869, 13.164542230767942 ], [ 79.379974203348979, 13.162888684086631 ], [ 79.369458535412861, 13.17287692912994 ], [ 79.38766315336035, 13.177491140877331 ], [ 79.373969287271507, 13.189219622932031 ], [ 79.438364336592315, 13.18813604582329 ], [ 79.453089585408279, 13.238312292602078 ], [ 79.430943080942342, 13.22967681900224 ], [ 79.437617293110449, 13.242849682287325 ], [ 79.418434277766238, 13.242921473620438 ], [ 79.408356759516678, 13.265231209954816 ], [ 79.433671187205121, 13.274948007385415 ], [ 79.445361742836724, 13.301212402963584 ], [ 79.419974512084394, 13.289508134478231 ], [ 79.381827743088778, 13.307450012802578 ], [ 79.435369793609553, 13.351670573167869 ], [ 79.456195566198673, 13.338531114667635 ], [ 79.537245475210156, 13.338605471961856 ], [ 79.534541218319902, 13.275355407457958 ], [ 79.579204718526086, 13.257750584060309 ], [ 79.595995781678468, 13.284810829384172 ], [ 79.631576336995224, 13.269654215115386 ], [ 79.642420782037121, 13.290104081329385 ], [ 79.665324836680441, 13.278671846481677 ], [ 79.682544460902079, 13.295779038314826 ], [ 79.6956875582121, 13.267231062583345 ], [ 79.678231632155033, 13.261608636925168 ], [ 79.684211672085652, 13.244383719111724 ], [ 79.709062568189168, 13.250997785157562 ], [ 79.702179706126614, 13.224104381169919 ], [ 79.716343855538057, 13.216375817964829 ], [ 79.737254678821685, 13.236488390868788 ], [ 79.750019000593852, 13.20794761654531 ], [ 79.75492783368415, 13.206431371574141 ], [ 79.794430322140229, 13.226273972090254 ], [ 79.794725142029961, 13.241848365825271 ], [ 79.73365136374052, 13.288770765592652 ], [ 79.756685752253532, 13.295241474831281 ], [ 79.760768721882314, 13.318433323607254 ], [ 79.791671794430371, 13.293476394629401 ], [ 79.808841713070677, 13.317205388077234 ], [ 79.862732061986662, 13.316872363727944 ], [ 79.915912970898631, 13.359818353477925 ], [ 79.93794755965321, 13.355471507027751 ], [ 79.962695917558605, 13.391305693891363 ], [ 79.934512917639694, 13.416401895773856 ], [ 79.973280978553802, 13.429620208530679 ], [ 79.97236359562946, 13.469039382997444 ], [ 80.007785136564479, 13.478257623038411 ], [ 80.015848507979541, 13.497898149764691 ], [ 80.046562111461157, 13.493629704303167 ], [ 80.047993337914519, 13.512476600976536 ], [ 80.000463743929728, 13.525622408673314 ], [ 80.004202649821522, 13.544809412891025 ], [ 80.056879496959553, 13.536582134120712 ], [ 80.081204632483448, 13.549696240623396 ], [ 80.078133728209977, 13.488756569796568 ], [ 80.139156764262239, 13.504217435324403 ], [ 80.14515118083068, 13.491354714355538 ], [ 80.214542117179334, 13.49021364768646 ], [ 80.24175704044579, 13.470588124139535 ], [ 80.268694414832183, 13.564568261642114 ], [ 80.303580608366886, 13.473066799689544 ] ], [ [ 79.648486677552697, 11.87048507122617 ], [ 79.64010395505413, 11.851969948909096 ], [ 79.651931100422999, 11.850293978319844 ], [ 79.663249196571485, 11.865402998535917 ], [ 79.648486677552697, 11.87048507122617 ] ] ], [ [ [ 79.781818523523512, 11.902244301102412 ], [ 79.796654612767483, 11.894243934991499 ], [ 79.780579142180557, 11.862703156284985 ], [ 79.769101184539025, 11.900617155699262 ], [ 79.781818523523512, 11.902244301102412 ] ] ], [ [ [ 79.075085827035537, 9.202183937566947 ], [ 79.089014245041668, 9.195901175634706 ], [ 79.054756305368898, 9.197988324244408 ], [ 79.066886583637142, 9.210507645321544 ], [ 79.075085827035537, 9.202183937566947 ] ] ], [ [ [ 79.122767504001331, 9.219260551623872 ], [ 79.132532333971824, 9.217790976272992 ], [ 79.134329334645955, 9.215703252055722 ], [ 79.123518982465725, 9.212535104513693 ], [ 79.122767504001331, 9.219260551623872 ] ] ], [ [ [ 79.181402610517594, 9.241098994956205 ], [ 79.199161253554067, 9.240187226438438 ], [ 79.199496390732037, 9.234669445335459 ], [ 79.195571452728046, 9.233017919898938 ], [ 79.181402610517594, 9.241098994956205 ] ] ], [ [ [ 79.48917885577211, 9.119015477028729 ], [ 79.491764196380018, 9.124005596948217 ], [ 79.496399629908538, 9.124804216743435 ], [ 79.496471862542208, 9.123145126472151 ], [ 79.48917885577211, 9.119015477028729 ] ] ], [ [ [ 78.495507469820325, 9.086726315717563 ], [ 78.490249263051439, 9.085855491526344 ], [ 78.487388806201224, 9.087262412336999 ], [ 78.48646612052174, 9.089170453498641 ], [ 78.495507469820325, 9.086726315717563 ] ] ], [ [ [ 79.180688753497265, 9.248097418292712 ], [ 79.178461638566773, 9.245421398591422 ], [ 79.179242553026427, 9.240877837081722 ], [ 79.177265957567428, 9.244343972868357 ], [ 79.180688753497265, 9.248097418292712 ] ] ], [ [ [ 79.140556713113639, 9.215268770418946 ], [ 79.14042420352439, 9.213182242559462 ], [ 79.136532903834535, 9.212099784567593 ], [ 79.136258208902106, 9.214780172463412 ], [ 79.140556713113639, 9.215268770418946 ] ] ], [ [ [ 79.231907590911717, 9.243820652335634 ], [ 79.233594549760184, 9.240441949186685 ], [ 79.236578118025108, 9.241066844795716 ], [ 79.23055349650356, 9.239159912981648 ], [ 79.231907590911717, 9.243820652335634 ] ] ], [ [ [ 79.453655073083027, 9.148563534697329 ], [ 79.452549110424357, 9.146402850372395 ], [ 79.449979238805625, 9.147931396608325 ], [ 79.452240503191661, 9.149757297478956 ], [ 79.453655073083027, 9.148563534697329 ] ] ], [ [ [ 79.473822163176607, 9.135240449452363 ], [ 79.473354034912376, 9.136587806395164 ], [ 79.469692862038741, 9.139382530835029 ], [ 79.472767930901867, 9.139164771933331 ], [ 79.473822163176607, 9.135240449452363 ] ] ], [ [ [ 79.211019323426584, 9.248476313390915 ], [ 79.209181638053224, 9.246658594889279 ], [ 79.205979374932355, 9.246145918408178 ], [ 79.208067073127395, 9.248488361911239 ], [ 79.211019323426584, 9.248476313390915 ] ] ], [ [ [ 79.445705065463585, 9.157909596444714 ], [ 79.447555780900132, 9.153912830555392 ], [ 79.447173325862849, 9.15263355830972 ], [ 79.443462009030057, 9.156621587853687 ], [ 79.445705065463585, 9.157909596444714 ] ] ], [ [ [ 79.467959951668533, 9.140599133910017 ], [ 79.467395876145446, 9.140490714709687 ], [ 79.465003810765865, 9.1432987776713 ], [ 79.467301101188013, 9.143356953069986 ], [ 79.467959951668533, 9.140599133910017 ] ] ], [ [ [ 78.816767397845084, 9.160510530986361 ], [ 78.819396062402504, 9.165578666942617 ], [ 78.821770732804936, 9.166560104929776 ], [ 78.822575900878931, 9.166433599375681 ], [ 78.816767397845084, 9.160510530986361 ] ] ], [ [ [ 79.483488171279319, 9.133497183514271 ], [ 79.482168507499424, 9.131815919643834 ], [ 79.481400082317194, 9.132864882978627 ], [ 79.482756041627852, 9.134274958854355 ], [ 79.483488171279319, 9.133497183514271 ] ] ], [ [ [ 79.212293103058443, 9.247785427723054 ], [ 79.21237909518733, 9.249485354481338 ], [ 79.213656456402205, 9.250206653657999 ], [ 79.213861810377821, 9.249524113737777 ], [ 79.212293103058443, 9.247785427723054 ] ] ], [ [ [ 79.444903047781281, 9.151047183631702 ], [ 79.444421042342555, 9.152322182393815 ], [ 79.445403997791061, 9.153746003151756 ], [ 79.445672049681917, 9.152037150075248 ], [ 79.444903047781281, 9.151047183631702 ] ] ], [ [ [ 79.48179502034364, 9.130179438010794 ], [ 79.481517094171153, 9.128665143183641 ], [ 79.479620466738737, 9.12967827385302 ], [ 79.480512311457858, 9.130537028315924 ], [ 79.48179502034364, 9.130179438010794 ] ] ], [ [ [ 79.488723639891774, 9.127358248697652 ], [ 79.488150155414388, 9.126368433615092 ], [ 79.486958614750179, 9.127178020472465 ], [ 79.488137020248288, 9.128072739247825 ], [ 79.488723639891774, 9.127358248697652 ] ] ], [ [ [ 79.454231698968968, 9.143699073249842 ], [ 79.453667679141404, 9.143875511377255 ], [ 79.454013739833243, 9.145606852757366 ], [ 79.454591478731814, 9.145299344654434 ], [ 79.454231698968968, 9.143699073249842 ] ] ], [ [ [ 79.456320463464223, 9.147016806343272 ], [ 79.45607020001259, 9.146537685661478 ], [ 79.454942137001311, 9.147053295740147 ], [ 79.455638216362146, 9.147613748920925 ], [ 79.456320463464223, 9.147016806343272 ] ] ] ] } },
{ "type": "Feature", "properties": { "Name": "Chhattishgarh" }, "geometry": { "type": "Polygon", "coordinates": [ [ [ 83.327068264495622, 24.102320855754247 ], [ 83.431663445600293, 24.08593778169093 ], [ 83.451492149309487, 24.042730892627262 ], [ 83.515719746373122, 24.027166286385462 ], [ 83.515303079896569, 23.980689423971526 ], [ 83.547390127497565, 23.937544843360957 ], [ 83.553444061945129, 23.898068171818803 ], [ 83.585757844323808, 23.886402678385288 ], [ 83.571189974955729, 23.862135438230489 ], [ 83.659494051177688, 23.849263452006049 ], [ 83.664490683807202, 23.827655473138083 ], [ 83.705346951362785, 23.820757309730588 ], [ 83.746067881432609, 23.719494893107328 ], [ 83.722859565605873, 23.685864698023181 ], [ 83.761123725544493, 23.651463045742602 ], [ 83.751919203562792, 23.638665551795278 ], [ 83.775320022964991, 23.60895421208534 ], [ 83.807223384853316, 23.587471076667974 ], [ 83.937693688809077, 23.568992070331287 ], [ 83.931906041961184, 23.620413474019287 ], [ 84.016590951430516, 23.634374536961623 ], [ 84.007707083987754, 23.62229124861388 ], [ 84.030059476926951, 23.599990691011836 ], [ 84.028056030824089, 23.545601912494533 ], [ 84.014644328260957, 23.503501174852001 ], [ 83.971006079780096, 23.466922487252056 ], [ 83.981697626170728, 23.422272938965779 ], [ 83.96234487145864, 23.385346324835247 ], [ 83.974596354916557, 23.362887699391145 ], [ 84.005711138817546, 23.353870692453768 ], [ 84.023134699473275, 23.37795148842951 ], [ 84.050990338031269, 23.374506918601465 ], [ 84.074756043220447, 23.333271173429615 ], [ 84.053734173794666, 23.247298879177201 ], [ 84.063355294879287, 23.206018000577647 ], [ 84.032394253147586, 23.160484848125947 ], [ 84.037468998782643, 23.139878616850289 ], [ 84.066594741964693, 23.110435946716148 ], [ 84.09350694376019, 23.112422084767196 ], [ 84.133460485303587, 23.083089703633281 ], [ 84.125387658221868, 23.036920040633007 ], [ 84.149492368734627, 22.965377534557327 ], [ 84.178313963022717, 22.979795710970688 ], [ 84.185801793716678, 23.027091723364247 ], [ 84.219215543397866, 22.978760688955344 ], [ 84.253549408678438, 22.972240371313941 ], [ 84.277423474047069, 22.992918169111221 ], [ 84.284158238055213, 22.963390550248477 ], [ 84.328106871534715, 22.981900756934213 ], [ 84.375227227212065, 22.978404633138059 ], [ 84.396054835059331, 22.938310921799484 ], [ 84.375187792069411, 22.904503686881707 ], [ 84.380603254318672, 22.877183970308447 ], [ 84.324219261225736, 22.850942300967702 ], [ 84.315098024748949, 22.800652885517582 ], [ 84.289366451781916, 22.766227425278672 ], [ 84.259868267083078, 22.767634747839239 ], [ 84.231863049148799, 22.741832583670117 ], [ 84.238111825486527, 22.691842787480869 ], [ 84.220305778352525, 22.667204887480814 ], [ 84.152467560209544, 22.63680061845254 ], [ 84.084016165528354, 22.6381164070072 ], [ 84.052777060181924, 22.595813845142178 ], [ 84.01158293804464, 22.575937129252367 ], [ 84.012056390623584, 22.527321573550346 ], [ 83.974660702138678, 22.511886038270646 ], [ 84.047427366289554, 22.469119022059544 ], [ 84.047426566788943, 22.438130001721383 ], [ 84.010470133816767, 22.371478890951856 ], [ 83.923458250893319, 22.358304861076213 ], [ 83.890507750726115, 22.336439210675795 ], [ 83.864248546887026, 22.343240971488079 ], [ 83.821674638524485, 22.312745089125208 ], [ 83.826529502629128, 22.292714615292518 ], [ 83.79501390302481, 22.285840922630289 ], [ 83.75791778741582, 22.240230688213767 ], [ 83.691637500402067, 22.244015797859269 ], [ 83.627416434988874, 22.203673242598672 ], [ 83.561972450758574, 22.098804544391331 ], [ 83.606583828017065, 22.066473059696833 ], [ 83.58686755295723, 22.048616052632219 ], [ 83.547965826322127, 22.059037926896153 ], [ 83.536877320695595, 22.043369635242943 ], [ 83.555594688922426, 22.006923675983121 ], [ 83.539166916149043, 21.965870044420836 ], [ 83.561718224838231, 21.94799542522853 ], [ 83.556877374452014, 21.935225611363979 ], [ 83.605771238062189, 21.91403371520498 ], [ 83.576102989703642, 21.882915598596774 ], [ 83.591044660637905, 21.850978305970774 ], [ 83.578336945305054, 21.830379759088697 ], [ 83.533277304228207, 21.830039804300082 ], [ 83.542453845485454, 21.798381687885751 ], [ 83.494296740545437, 21.817442798662544 ], [ 83.470775116602141, 21.786626492012417 ], [ 83.490703067082222, 21.744440234469472 ], [ 83.460852519111526, 21.69757998074013 ], [ 83.433011029917537, 21.698935233170335 ], [ 83.418173544691655, 21.679809576225523 ], [ 83.489763559550781, 21.631333742533158 ], [ 83.456257790045186, 21.609864514167256 ], [ 83.442799085829719, 21.655277125379079 ], [ 83.38283213347998, 21.619999225632593 ], [ 83.365119651272693, 21.575943549275888 ], [ 83.373308586503185, 21.55802938125181 ], [ 83.338027242939631, 21.501965208807356 ], [ 83.354516288900228, 21.447933276175625 ], [ 83.399073265981713, 21.405203442318541 ], [ 83.407026265889371, 21.3514844219144 ], [ 83.379026789088073, 21.344411534224857 ], [ 83.284192077531543, 21.38018850562587 ], [ 83.268869237947499, 21.378450564108658 ], [ 83.257484096936111, 21.320357914946172 ], [ 83.278735209235862, 21.289173536351793 ], [ 83.271087517048855, 21.272426119273906 ], [ 83.250730193422513, 21.282240350689253 ], [ 83.223092420575412, 21.265625642743288 ], [ 83.192684980908908, 21.13936638257794 ], [ 83.16704973339148, 21.138640050714852 ], [ 83.13162521993118, 21.105665579474582 ], [ 83.077944518937898, 21.111801163466804 ], [ 83.016126325637131, 21.1461598604673 ], [ 82.990450535354299, 21.139712646240607 ], [ 83.003893291778496, 21.166784608122551 ], [ 82.980690750322424, 21.169880602912688 ], [ 82.988213530870851, 21.182667031268021 ], [ 82.965686585390529, 21.17518586358846 ], [ 82.96506208558813, 21.193130417232307 ], [ 82.943971498636373, 21.177708697068233 ], [ 82.947810098660113, 21.161632752781269 ], [ 82.902231946408051, 21.166848498491319 ], [ 82.882300531125864, 21.14828472010856 ], [ 82.851005410431611, 21.168487677274857 ], [ 82.793816373232147, 21.14264458568169 ], [ 82.75591808453234, 21.166859527761581 ], [ 82.640492195423107, 21.154707548872782 ], [ 82.650020408249461, 21.106321933040526 ], [ 82.611828774693606, 21.073641036743652 ], [ 82.629363050911451, 21.038414055647287 ], [ 82.560158746749636, 20.946679757837742 ], [ 82.488100014331451, 20.908623894304888 ], [ 82.487662763858495, 20.860355240215821 ], [ 82.465415761268432, 20.827724216318092 ], [ 82.420909584814581, 20.830259319665718 ], [ 82.406398050594561, 20.868900869473801 ], [ 82.365542157636469, 20.869385831177233 ], [ 82.350838173739888, 20.889474833490809 ], [ 82.345660380561966, 20.731559021816487 ], [ 82.376558294983695, 20.632377007473437 ], [ 82.332142159365688, 20.562005408732105 ], [ 82.358365914785296, 20.528068334434348 ], [ 82.389577384360337, 20.516903591187148 ], [ 82.39699901730269, 20.458120742648532 ], [ 82.418582564648077, 20.480300602938858 ], [ 82.438029397224966, 20.434165218833986 ], [ 82.40030088113069, 20.340770964849082 ], [ 82.437909711984716, 20.293380544030846 ], [ 82.411359243787814, 20.264285997858661 ], [ 82.421754603951186, 20.204268871247734 ], [ 82.386729643162965, 20.144861620687827 ], [ 82.399227435688672, 20.056568741270336 ], [ 82.510090408669001, 20.016535275712037 ], [ 82.551102479129156, 20.016144262441728 ], [ 82.596743718267021, 19.989931400543021 ], [ 82.642535714472459, 20.005079544721013 ], [ 82.715549842924517, 19.99463483608433 ], [ 82.707410592614067, 19.902011859069308 ], [ 82.719791879037302, 19.856819041437646 ], [ 82.703925386229855, 19.831984239899167 ], [ 82.652161157351912, 19.832137139234813 ], [ 82.594738285989067, 19.774272331508186 ], [ 82.575789983360565, 19.833366323266986 ], [ 82.597129399154426, 19.872664537657283 ], [ 82.531421256331697, 19.878210905775923 ], [ 82.497341184881805, 19.904102602649637 ], [ 82.445993623378712, 19.910164260036723 ], [ 82.394873061656355, 19.887987991010558 ], [ 82.343954922706871, 19.835062260301303 ], [ 82.303122359894985, 19.889358991017072 ], [ 82.269172677111968, 19.975234879079956 ], [ 82.237480560350917, 20.003453096852461 ], [ 82.184256998530969, 19.984163883283621 ], [ 82.171234894408229, 20.005510900223719 ], [ 82.126785991841942, 20.014796347740297 ], [ 82.070469351734047, 20.056947947428956 ], [ 82.032561375602214, 20.015720887943093 ], [ 82.017680254711379, 20.048977077215103 ], [ 81.995348768263824, 20.053541577779274 ], [ 81.946385824208292, 20.105108768241081 ], [ 81.895284058834946, 20.048213813657021 ], [ 81.875979827521192, 20.052038255318696 ], [ 81.845278552518536, 19.959509073595211 ], [ 81.853158635276301, 19.918454188189315 ], [ 81.968133992321071, 19.859870411595018 ], [ 81.985949447511047, 19.801089315592879 ], [ 82.065549567282133, 19.790632858233796 ], [ 82.044752024250798, 19.708852214077766 ], [ 82.059018792708699, 19.62815040395494 ], [ 82.039883700688236, 19.597611325410973 ], [ 82.050710506411249, 19.548793960823918 ], [ 82.029057609125928, 19.507638867629769 ], [ 82.10025504762946, 19.516564110555287 ], [ 82.102820781607988, 19.466081305637193 ], [ 82.126141113757384, 19.429060510894917 ], [ 82.189442558542879, 19.427503767524055 ], [ 82.178833907788331, 19.379025273634518 ], [ 82.147109270217356, 19.365306384309129 ], [ 82.194120803082868, 19.325909738482164 ], [ 82.158423944682937, 19.265141934515988 ], [ 82.161703516817141, 19.202220444917788 ], [ 82.186137139182989, 19.166322043773405 ], [ 82.169654926706784, 19.160973524907192 ], [ 82.18092958481968, 19.150791150751559 ], [ 82.166093005095604, 19.132673805071821 ], [ 82.173967738385812, 19.118196281922579 ], [ 82.182526098590415, 19.13129312816007 ], [ 82.205813423042997, 19.12410428602826 ], [ 82.204909444779332, 19.097115154958843 ], [ 82.218412271546583, 19.097243100174797 ], [ 82.202251070240479, 19.066613400040445 ], [ 82.232757753982952, 19.017911212036157 ], [ 82.246049909646388, 18.919085381505006 ], [ 82.176142336906494, 18.902644080319067 ], [ 82.160408198279754, 18.878887267905103 ], [ 82.16543062513432, 18.798599528071115 ], [ 82.133489741514921, 18.780420712797508 ], [ 82.133412624741041, 18.765339249601713 ], [ 82.091574527326003, 18.765705953914605 ], [ 82.084969226720006, 18.718568456563681 ], [ 82.030917888026991, 18.723762897558508 ], [ 81.970979237998563, 18.698612977608082 ], [ 81.948937695385339, 18.643686073423236 ], [ 81.893763816523432, 18.657435718091097 ], [ 81.894751079393714, 18.629099435868142 ], [ 81.963634932934156, 18.590419262841813 ], [ 81.950566230502673, 18.569998637220905 ], [ 81.910684498486461, 18.570611314062099 ], [ 81.909179635332592, 18.537890356817591 ], [ 81.868241249183654, 18.524897816877012 ], [ 81.854741442552381, 18.490241231288319 ], [ 81.769535910866907, 18.41889202851409 ], [ 81.750289764619438, 18.353575698865857 ], [ 81.659132968736799, 18.346538999338943 ], [ 81.64965614223965, 18.336883011895878 ], [ 81.662221181749203, 18.32120428184804 ], [ 81.597588921497845, 18.308886955612785 ], [ 81.525466050266701, 18.25807715468925 ], [ 81.506993423547456, 18.186176876314853 ], [ 81.525806747117983, 18.153380937663922 ], [ 81.513285102524861, 18.099990963170342 ], [ 81.480809692565288, 18.051307643140746 ], [ 81.482940018515492, 17.976794562715156 ], [ 81.449104036396292, 17.931914300200091 ], [ 81.44462148894263, 17.885733370498539 ], [ 81.399257616326835, 17.891896814990702 ], [ 81.393354867443264, 17.794623924097035 ], [ 81.354495773953218, 17.813261742392282 ], [ 81.265357664092235, 17.811082765524819 ], [ 81.166133941262672, 17.857603147444429 ], [ 81.073262215688601, 17.786457025120001 ], [ 81.019011174321406, 17.79084445615371 ], [ 80.996442237093092, 17.849017539606869 ], [ 80.97962603099424, 18.006606828641619 ], [ 80.949258310338038, 18.086197348940694 ], [ 80.979029079826688, 18.178746960278936 ], [ 80.914170579769319, 18.144506159641683 ], [ 80.866669073408502, 18.140259065874606 ], [ 80.852911170914638, 18.205336797233915 ], [ 80.872607519544871, 18.21391214749848 ], [ 80.86593681080636, 18.233463579333765 ], [ 80.836723548359444, 18.24225545388812 ], [ 80.823590664894184, 18.239410984629874 ], [ 80.824066938183094, 18.194372026028365 ], [ 80.799111560825494, 18.171505409987677 ], [ 80.74493704693738, 18.170294696400365 ], [ 80.737185092685266, 18.222074904832226 ], [ 80.794137474112986, 18.259295939011977 ], [ 80.748980753900014, 18.308254062146435 ], [ 80.719589693298829, 18.3910875536641 ], [ 80.734835248124014, 18.412821360186904 ], [ 80.698953143637766, 18.42139473146749 ], [ 80.705407527276066, 18.439646720201637 ], [ 80.655280660361427, 18.475863391011039 ], [ 80.637640062241474, 18.522518132122226 ], [ 80.534501592794825, 18.588336772707805 ], [ 80.514727477908821, 18.619341791695408 ], [ 80.454593659003436, 18.630233634838756 ], [ 80.388009746813566, 18.595695018407735 ], [ 80.374169720336454, 18.611549534646567 ], [ 80.344793715499407, 18.59616318438324 ], [ 80.299211672643821, 18.693015051011344 ], [ 80.244306805971803, 18.756226493718898 ], [ 80.352863933873522, 18.819204791215753 ], [ 80.335411733129945, 18.868635455755033 ], [ 80.270855067008029, 18.938409176255998 ], [ 80.272996722510626, 18.991280636361161 ], [ 80.303139884108703, 19.021962466937243 ], [ 80.297360468523749, 19.048810563483652 ], [ 80.329694518691866, 19.069911325435847 ], [ 80.333252034964886, 19.145332946179405 ], [ 80.393975989519731, 19.187604297035318 ], [ 80.393852332827606, 19.244809922178813 ], [ 80.446135643311038, 19.263976687379362 ], [ 80.482512230835326, 19.337936359810001 ], [ 80.5204485380346, 19.347592418762069 ], [ 80.573207432799094, 19.40227926544976 ], [ 80.612686934265383, 19.309328427403511 ], [ 80.680017391372118, 19.330147307998359 ], [ 80.689779214681352, 19.286784941141594 ], [ 80.757047016093651, 19.289553985490521 ], [ 80.852990193913584, 19.363824570275391 ], [ 80.811808687716109, 19.407123473768213 ], [ 80.813431315512133, 19.433570807102811 ], [ 80.874641328704286, 19.445173345546145 ], [ 80.898360463432496, 19.481778742327908 ], [ 80.895433598624891, 19.519696900737586 ], [ 80.856669672656082, 19.52301070649948 ], [ 80.835985452097816, 19.566339994425867 ], [ 80.775496618992165, 19.562397406264605 ], [ 80.76976844870093, 19.586548750288788 ], [ 80.740875796775555, 19.606069946358815 ], [ 80.665371464694019, 19.611710619542329 ], [ 80.67640991619291, 19.699381842388615 ], [ 80.55263772587999, 19.76538627353705 ], [ 80.546302200133582, 19.818265711640873 ], [ 80.48058131291188, 19.827505771691587 ], [ 80.468891604391601, 19.810284492064678 ], [ 80.484987295157268, 19.802315860096574 ], [ 80.489049982623555, 19.770243271564549 ], [ 80.464258325023138, 19.795775095839399 ], [ 80.401730012591969, 19.796118812478483 ], [ 80.402097448696011, 19.816627068538963 ], [ 80.440725712887257, 19.81016857338043 ], [ 80.505848720981703, 19.870494987051892 ], [ 80.491426587997097, 19.902013313581516 ], [ 80.413889624447506, 19.907291998258586 ], [ 80.411262469958032, 19.938333916343257 ], [ 80.45217141651851, 19.957445764459287 ], [ 80.488766750102684, 19.930455236358245 ], [ 80.529919484159919, 19.939308938049884 ], [ 80.549623396604787, 19.985806427839325 ], [ 80.556826632931902, 20.071721963524343 ], [ 80.544017153748726, 20.095486527384761 ], [ 80.552072475360504, 20.117961557693459 ], [ 80.505594501349577, 20.144439192527489 ], [ 80.460146750340769, 20.150938216013003 ], [ 80.43359746522512, 20.135231668143124 ], [ 80.401817648637845, 20.147244313355188 ], [ 80.388538302950352, 20.165046018694497 ], [ 80.422195845518132, 20.205782564940328 ], [ 80.395273949104094, 20.244849248103684 ], [ 80.480796984936887, 20.274930299611558 ], [ 80.51883670529331, 20.266017235539465 ], [ 80.549592626611343, 20.308812016941779 ], [ 80.626359719589431, 20.332479669076481 ], [ 80.591483305114906, 20.3929285029647 ], [ 80.613651612591113, 20.434837001125896 ], [ 80.602185676204726, 20.449815981035538 ], [ 80.626596492142127, 20.563673308479174 ], [ 80.617356069888402, 20.585616056287495 ], [ 80.631861547666773, 20.598402424748802 ], [ 80.580767404498602, 20.608364464578724 ], [ 80.520928180904122, 20.580478113488088 ], [ 80.481024787811478, 20.618362376388895 ], [ 80.519994250113939, 20.65644672294686 ], [ 80.587657384811408, 20.68456080937932 ], [ 80.551685898852725, 20.763949776233783 ], [ 80.561835183510297, 20.824238526267447 ], [ 80.546079238280058, 20.934890511060715 ], [ 80.46371404926721, 20.929075769352838 ], [ 80.443789889677603, 20.993920495063279 ], [ 80.424279330614482, 21.008383072968581 ], [ 80.452662014342934, 21.038712362456526 ], [ 80.439164486737539, 21.096444195210644 ], [ 80.458135603879327, 21.114753572523501 ], [ 80.444749272434748, 21.121913227176712 ], [ 80.464279505500897, 21.17491466629534 ], [ 80.613806538739951, 21.226455301920375 ], [ 80.679594607368486, 21.298728954758811 ], [ 80.660045162033342, 21.334084126009959 ], [ 80.737753606784153, 21.473124174736054 ], [ 80.72759980000744, 21.496197433001019 ], [ 80.740781603028097, 21.539225910568099 ], [ 80.719993997160458, 21.554995451901643 ], [ 80.728914501493705, 21.572574957621473 ], [ 80.715355745616876, 21.585049945242663 ], [ 80.730945988508168, 21.617347667425388 ], [ 80.714387361740592, 21.661549903288542 ], [ 80.734136572631996, 21.694506844702936 ], [ 80.726142628412006, 21.713665711327881 ], [ 80.756106320091078, 21.762156923975567 ], [ 80.78543266875414, 21.740307928409557 ], [ 80.819739144401737, 21.748023231049654 ], [ 80.839169997746339, 21.848126315504707 ], [ 80.852490833023538, 21.854209929616918 ], [ 80.831711674014485, 21.890996997645054 ], [ 80.845805585950473, 21.94239899090341 ], [ 80.825573142521677, 21.95833860286346 ], [ 80.856746360035231, 21.96483827252279 ], [ 80.907934155266744, 22.109573010236957 ], [ 80.9475774708133, 22.118265853879723 ], [ 80.97157360644924, 22.085706726795856 ], [ 80.969402910210178, 22.05799122832337 ], [ 80.994390910785626, 22.049241832475548 ], [ 81.00620484193665, 22.063207379491448 ], [ 81.011333398453843, 22.095568945041705 ], [ 80.97797052665544, 22.12262501014094 ], [ 81.02191295816624, 22.132729035784724 ], [ 81.016657784109753, 22.185529103127593 ], [ 81.031639804671599, 22.199653528009858 ], [ 81.019462689142756, 22.221184536632954 ], [ 81.050061412472601, 22.244550514660091 ], [ 81.079549001542659, 22.239377738988185 ], [ 81.118718140468147, 22.291260470752224 ], [ 81.121210892618052, 22.342595488382003 ], [ 81.103663057229326, 22.383367525398882 ], [ 81.111164163226547, 22.437574509398896 ], [ 81.155115263479857, 22.454914623311286 ], [ 81.172692286928793, 22.487908507506553 ], [ 81.195632453846571, 22.490615080326378 ], [ 81.200160084151094, 22.462778402597895 ], [ 81.232190965487263, 22.452154979957015 ], [ 81.281269263106722, 22.502954160023691 ], [ 81.313727986859874, 22.482921182326901 ], [ 81.326526724887231, 22.526144154897136 ], [ 81.382055292759304, 22.50981836908953 ], [ 81.390059841591238, 22.452264203904772 ], [ 81.406704447012942, 22.440951002714218 ], [ 81.428699449707892, 22.456888520457909 ], [ 81.427838601357649, 22.479812792143608 ], [ 81.447367839090475, 22.465875566407206 ], [ 81.458927398794074, 22.469292488032682 ], [ 81.44661682775002, 22.469763603137007 ], [ 81.442606242570221, 22.494350910009352 ], [ 81.484710176630628, 22.487830102473186 ], [ 81.522230542293784, 22.539012484416133 ], [ 81.570033070513063, 22.53227191322862 ], [ 81.569549411275887, 22.550729954077934 ], [ 81.621942503073527, 22.5380154724607 ], [ 81.629025233100251, 22.563359331551965 ], [ 81.659931535990111, 22.569455514428149 ], [ 81.647254466683165, 22.613264206080473 ], [ 81.683315396996363, 22.646906609778927 ], [ 81.71314024776008, 22.648089416648322 ], [ 81.728652726192166, 22.676435388781169 ], [ 81.746605897606756, 22.648273206418143 ], [ 81.768535052893085, 22.664227804583422 ], [ 81.752265800428006, 22.726682119213212 ], [ 81.794391733331452, 22.766459932006747 ], [ 81.761345231108095, 22.830287252937023 ], [ 81.775683059898242, 22.874436722805555 ], [ 81.861626627658225, 22.889261038750384 ], [ 81.866114034997594, 22.915810551722053 ], [ 81.878240248389176, 22.90980859439523 ], [ 81.94630761777799, 22.956778638434269 ], [ 81.950481390014005, 22.982926927409899 ], [ 81.921501762304501, 23.040814012738842 ], [ 81.942251156534923, 23.078964985478223 ], [ 82.034858782805358, 23.080409820183359 ], [ 82.070154732077157, 23.118188610670902 ], [ 82.125815894878428, 23.103944407863274 ], [ 82.161359815999546, 23.143114800909817 ], [ 82.16027003559239, 23.161497019858349 ], [ 82.144229283094589, 23.165384010914515 ], [ 82.144836241494389, 23.227370090967167 ], [ 82.19338085000355, 23.277965045216252 ], [ 82.193961926143402, 23.323843565925447 ], [ 82.145748301002357, 23.361179943835797 ], [ 82.117137422733848, 23.355460493973929 ], [ 82.103412549496326, 23.398235697666276 ], [ 82.064062433278721, 23.392938236485108 ], [ 82.056003885816764, 23.376784292577437 ], [ 82.021898041701377, 23.387322003719589 ], [ 82.025475356843245, 23.424881132774463 ], [ 81.985334313543845, 23.4144950381427 ], [ 81.980404545215848, 23.447040450337123 ], [ 81.954992617979741, 23.467170345185306 ], [ 81.957691626013798, 23.500365724411736 ], [ 81.92328616231012, 23.53265940266169 ], [ 81.836425128082467, 23.510907732830137 ], [ 81.820689365301703, 23.515242043471719 ], [ 81.809069393895243, 23.549341296910782 ], [ 81.758261915710648, 23.549871402751268 ], [ 81.746637137419086, 23.569797073831801 ], [ 81.699644715312928, 23.522016783888713 ], [ 81.6589113705259, 23.52899724086916 ], [ 81.644166214144889, 23.481843544333536 ], [ 81.627052939673135, 23.482026858734443 ], [ 81.610316510259722, 23.555083061136621 ], [ 81.584021200434449, 23.553575953839889 ], [ 81.576684511287027, 23.585344491607007 ], [ 81.611969007937262, 23.595252933791624 ], [ 81.614565187617387, 23.662917866141612 ], [ 81.655172416125069, 23.663136326662418 ], [ 81.655549322268811, 23.682016204160341 ], [ 81.684078128656338, 23.690919602561994 ], [ 81.695909317342313, 23.721320126500697 ], [ 81.68184929614705, 23.75330295398437 ], [ 81.644661703296052, 23.770126115220528 ], [ 81.651446704688155, 23.799055294470943 ], [ 81.635835929004401, 23.834513035070596 ], [ 81.613229717980019, 23.834477552254818 ], [ 81.603181805507305, 23.853710073407022 ], [ 81.622207094653945, 23.870238545238898 ], [ 81.604235058618372, 23.881751757154063 ], [ 81.609017658648312, 23.903204811261389 ], [ 81.66858226815873, 23.924962293906503 ], [ 81.690437012396814, 23.884763145879976 ], [ 81.707310119582374, 23.882359253112291 ], [ 81.707490636038727, 23.861132460428184 ], [ 81.731977789910644, 23.856677852649781 ], [ 81.725473808488886, 23.839824004337846 ], [ 81.791118501506489, 23.809346793430493 ], [ 81.888157508988684, 23.835548189482505 ], [ 81.928931022841951, 23.870720436032762 ], [ 81.957799327728168, 23.852284048849938 ], [ 82.007532008506246, 23.861754968863689 ], [ 82.044180479236118, 23.841648910902137 ], [ 82.038415928972483, 23.826840559511769 ], [ 82.052726678946684, 23.819423803382417 ], [ 82.171462371194409, 23.818240092225924 ], [ 82.209542497772347, 23.852739721375094 ], [ 82.206312411132188, 23.827411149392429 ], [ 82.231813213190918, 23.805314214286597 ], [ 82.260610664357415, 23.82124052679232 ], [ 82.393480200452146, 23.799900765728808 ], [ 82.465806906607767, 23.812022456263723 ], [ 82.497403548623765, 23.784900907121791 ], [ 82.524462162335865, 23.783741323422575 ], [ 82.551474567608025, 23.790641021626403 ], [ 82.533074374745098, 23.822146944896403 ], [ 82.588619740214668, 23.821438444373619 ], [ 82.660465860269724, 23.855143549547673 ], [ 82.668447791319423, 23.871790758246789 ], [ 82.651058344186623, 23.889477935873504 ], [ 82.661590162034926, 23.907641819138735 ], [ 82.698930737080502, 23.924925848882435 ], [ 82.752383785217845, 23.91978975992189 ], [ 82.801709142896655, 23.961650545527355 ], [ 82.837020834245479, 23.956777963197165 ], [ 82.947912624281813, 23.871394692068609 ], [ 83.081922433289151, 23.87043070176556 ], [ 83.141516694390461, 23.8848901919086 ], [ 83.159510162432085, 23.907355294841206 ], [ 83.207952801376749, 23.921364751581866 ], [ 83.223645485448074, 23.986617732647538 ], [ 83.242622418282949, 24.011555755404316 ], [ 83.279146639432625, 24.018244543853019 ], [ 83.282149631070652, 24.049704171125452 ], [ 83.327068264495622, 24.102320855754247 ] ] ] } },
{ "type": "Feature", "properties": { "Name": "Telengana" }, "geometry": { "type": "Polygon", "coordinates": [ [ [ 78.335651858972739, 19.883577858381216 ], [ 78.380671277982742, 19.880436196614081 ], [ 78.400282189642866, 19.834027650995566 ], [ 78.431678625928143, 19.814876348769936 ], [ 78.4724590388428, 19.817338269434188 ], [ 78.490238149094694, 19.792684456099913 ], [ 78.515018324429164, 19.818933385583264 ], [ 78.552006507456795, 19.824084591686947 ], [ 78.692562543857051, 19.791026671581104 ], [ 78.719160675764599, 19.766648245778093 ], [ 78.740057017307521, 19.783133152197568 ], [ 78.782365984645025, 19.778409699665275 ], [ 78.802160940445617, 19.756533796549853 ], [ 78.840963453547488, 19.761890085026351 ], [ 78.85992308572834, 19.689491281603829 ], [ 78.851920303882608, 19.65836082085324 ], [ 78.886726815054971, 19.655071367889111 ], [ 78.903535715155613, 19.670009076511381 ], [ 78.955558443239738, 19.655791000469222 ], [ 78.955620220381832, 19.60017119701536 ], [ 78.972834916445791, 19.582387659255247 ], [ 78.940443600474921, 19.551868301093993 ], [ 78.981251942011752, 19.56083938095621 ], [ 78.998031391744135, 19.540084339425817 ], [ 79.04601146030123, 19.54832571279097 ], [ 79.098034514473781, 19.532026770268097 ], [ 79.190311932622208, 19.458984736255275 ], [ 79.223589336009539, 19.469074904407595 ], [ 79.203851142056763, 19.494083473007354 ], [ 79.240023091562719, 19.53524020707728 ], [ 79.253124262701817, 19.593287159108719 ], [ 79.243557070178653, 19.616688943422876 ], [ 79.30684049386123, 19.596556016857914 ], [ 79.313930551445708, 19.566420805867875 ], [ 79.365730029317078, 19.576331394998647 ], [ 79.471424890263293, 19.500191725170712 ], [ 79.518588596839649, 19.520182826720013 ], [ 79.518610819363147, 19.543109248857199 ], [ 79.539927213132913, 19.554661262212349 ], [ 79.55293237323275, 19.524168598929183 ], [ 79.596153969610128, 19.507277322221256 ], [ 79.627919502984383, 19.573170822138966 ], [ 79.708999704983896, 19.584478292693923 ], [ 79.753448276970175, 19.607533912077077 ], [ 79.814826690142112, 19.5754197476538 ], [ 79.864583949724661, 19.510513651541096 ], [ 79.914865689787561, 19.495840622198088 ], [ 79.9464434501146, 19.467823277102486 ], [ 79.979717294376798, 19.38940479749602 ], [ 79.959080494984065, 19.335940226215417 ], [ 79.965872440353309, 19.303038742271937 ], [ 79.92474234384126, 19.227299254221833 ], [ 79.945668548977494, 19.168936594412475 ], [ 79.858429571950239, 19.102416227024559 ], [ 79.871102776704831, 19.041016936537062 ], [ 79.927919366997585, 19.049318053750675 ], [ 79.940263151452626, 19.032563840297712 ], [ 79.961605031325348, 18.86662660298461 ], [ 79.91578230555065, 18.829912549865867 ], [ 79.921047899166112, 18.810230709289012 ], [ 79.964154099758716, 18.773825002982669 ], [ 80.018544284773512, 18.770382977261519 ], [ 80.052796951335566, 18.725058817840186 ], [ 80.118121870163179, 18.680516792604557 ], [ 80.157707996263809, 18.700979757659088 ], [ 80.196569018436762, 18.680795452048546 ], [ 80.212771705739286, 18.705717739120583 ], [ 80.27844082754271, 18.72161269311194 ], [ 80.346612972833, 18.595020720846605 ], [ 80.374169720336454, 18.611549534646567 ], [ 80.388009746813566, 18.595695018407735 ], [ 80.454593659003436, 18.630233634838756 ], [ 80.514727477908821, 18.619341791695408 ], [ 80.534501592794825, 18.588336772707805 ], [ 80.637640062241474, 18.522518132122226 ], [ 80.655280660361427, 18.475863391011039 ], [ 80.705407527276066, 18.439646720201637 ], [ 80.698953143637766, 18.42139473146749 ], [ 80.734835248124014, 18.412821360186904 ], [ 80.719589693298829, 18.3910875536641 ], [ 80.748980753900014, 18.308254062146435 ], [ 80.7941764241654, 18.256888181766083 ], [ 80.737185092685266, 18.222074904832226 ], [ 80.736828074343549, 18.177182081783922 ], [ 80.799111560825494, 18.171505409987677 ], [ 80.824066938183094, 18.194372026028365 ], [ 80.823590664894184, 18.239410984629874 ], [ 80.836723548359444, 18.24225545388812 ], [ 80.86593681080636, 18.233463579333765 ], [ 80.872607519544871, 18.21391214749848 ], [ 80.852911170914638, 18.205336797233915 ], [ 80.866669073408502, 18.140259065874606 ], [ 80.914170579769319, 18.144506159641683 ], [ 80.979029079826688, 18.178746960278936 ], [ 80.949258310338038, 18.086197348940694 ], [ 80.998398672560469, 17.916728504511454 ], [ 81.008245108186358, 17.798229287668175 ], [ 81.046616070625745, 17.782310066908678 ], [ 81.08558631715745, 17.798024991594936 ], [ 81.104262259574966, 17.772006361699642 ], [ 81.058165013141007, 17.733085766340572 ], [ 80.991317970031375, 17.749917129739963 ], [ 80.973421817382771, 17.780122161500646 ], [ 80.9278504662757, 17.761775185165892 ], [ 80.885546322891287, 17.735677953882352 ], [ 80.894749560282136, 17.702909980421005 ], [ 80.878131936658306, 17.650668287562368 ], [ 80.938096565066417, 17.632579275676697 ], [ 81.005261749228893, 17.648759510728631 ], [ 81.007044900576275, 17.62171467174084 ], [ 80.984106037113989, 17.626209591695336 ], [ 80.969306401504269, 17.598376621067263 ], [ 81.014826400418102, 17.522126210829846 ], [ 81.097563187429685, 17.504255902180805 ], [ 81.127279663640849, 17.526422938255532 ], [ 81.142145378424559, 17.488587539247774 ], [ 81.159680768553372, 17.484370095599406 ], [ 81.148253674421568, 17.463653285257386 ], [ 81.175547262259144, 17.463636376714341 ], [ 81.172327070561849, 17.44904328961481 ], [ 81.193297151213173, 17.435625158526083 ], [ 81.205263609112933, 17.449587931150308 ], [ 81.312382263851873, 17.408723800827506 ], [ 81.322641315450667, 17.374547703943229 ], [ 81.274028841916717, 17.317192696902669 ], [ 81.190410495896032, 17.324814107011232 ], [ 81.173977259569071, 17.230336982046762 ], [ 81.079606228717822, 17.215277090643042 ], [ 81.054609344702541, 17.224874201617482 ], [ 81.031271110926156, 17.190329892947823 ], [ 80.918877272157772, 17.219737289668334 ], [ 80.923994594344009, 17.157846257051954 ], [ 80.879438053843742, 17.160830095208095 ], [ 80.867740615320457, 17.123130611242484 ], [ 80.877160915328346, 17.070434351421422 ], [ 80.845309452707269, 17.039967154766668 ], [ 80.738881325740692, 17.079588912449658 ], [ 80.653810762333379, 17.068611512155858 ], [ 80.670554773527797, 17.101187541022469 ], [ 80.58001924710581, 17.153071997500135 ], [ 80.563183974265016, 17.133104476805094 ], [ 80.514079910268279, 17.122052935409535 ], [ 80.505397159447952, 17.068463715546713 ], [ 80.471375927649177, 17.050369373891584 ], [ 80.464859312321238, 17.030023781097313 ], [ 80.438628479973829, 17.037583293023655 ], [ 80.409030428666554, 17.091496957033094 ], [ 80.38573322813572, 17.067926908367308 ], [ 80.407034864381998, 17.015796037105343 ], [ 80.363404567788038, 16.976065557501173 ], [ 80.449667707617081, 16.954763944670557 ], [ 80.49344611574017, 16.927428587790679 ], [ 80.499229030263152, 16.956334616280667 ], [ 80.526103483952099, 16.947881379142828 ], [ 80.534696149919057, 16.961414455147665 ], [ 80.601941607535309, 16.91858970485033 ], [ 80.587120005421923, 16.904177807598622 ], [ 80.595912412690652, 16.884622040849891 ], [ 80.568306139268969, 16.869388081213287 ], [ 80.562847694429976, 16.832840779861666 ], [ 80.612966561847003, 16.793540996441976 ], [ 80.570240801370502, 16.768009017805362 ], [ 80.464454927611285, 16.79544865719139 ], [ 80.464240217681962, 16.819977757991946 ], [ 80.38403714330228, 16.865256474721903 ], [ 80.378367419200032, 16.85198991973062 ], [ 80.407795867683376, 16.848228786517531 ], [ 80.38043134617601, 16.817449888958048 ], [ 80.374065607391657, 16.852394453048184 ], [ 80.321698864977904, 16.879629861910963 ], [ 80.31647446450809, 16.948435416556176 ], [ 80.293590791740215, 16.996332370174976 ], [ 80.211429607433445, 17.010273473290198 ], [ 80.196452765659231, 17.044033652834226 ], [ 80.187287079643852, 17.019955017899438 ], [ 80.140236850949179, 16.990592273202946 ], [ 80.095160578463179, 16.990651500840443 ], [ 80.091556131504774, 16.96831558223521 ], [ 80.05544482816201, 16.971421622858056 ], [ 80.040404747686679, 16.918082855523963 ], [ 80.01738367669779, 16.914974788223905 ], [ 79.998761482280372, 16.865214053883406 ], [ 80.04684381594771, 16.853342326991118 ], [ 80.070601943847436, 16.801692276459633 ], [ 80.054955282264785, 16.744646289392687 ], [ 79.997411227271783, 16.702092772353012 ], [ 79.949754059940176, 16.635900804341865 ], [ 79.910106131544666, 16.633917551304368 ], [ 79.87752867925704, 16.697298193293101 ], [ 79.851062729053652, 16.705838895539678 ], [ 79.817262201642095, 16.691866990505584 ], [ 79.773990850276078, 16.730775237513321 ], [ 79.722894120858228, 16.690276529483878 ], [ 79.681541728144268, 16.694372432162794 ], [ 79.633090575865666, 16.660424082509042 ], [ 79.59892345137655, 16.673225428826992 ], [ 79.542090942038641, 16.632246528926775 ], [ 79.44717344264383, 16.61971276316017 ], [ 79.418640013525859, 16.580245187435182 ], [ 79.256837957375154, 16.565818558029637 ], [ 79.214830017286005, 16.487908786716222 ], [ 79.233356917519771, 16.459201138450663 ], [ 79.211564535227012, 16.447387614412655 ], [ 79.210201559175658, 16.358230287761735 ], [ 79.234295890553653, 16.333839090085508 ], [ 79.216546005192882, 16.227404154649555 ], [ 79.15694735222813, 16.209286903890693 ], [ 79.119724698131606, 16.231938165457677 ], [ 79.101577684651701, 16.222823103084405 ], [ 79.009508756497581, 16.240214883860705 ], [ 78.985716913926922, 16.210714947895895 ], [ 78.90540154923842, 16.1835896088486 ], [ 78.922027116664296, 16.104313341438445 ], [ 78.895599705084933, 16.085579599929016 ], [ 78.872149635547274, 16.143968709286426 ], [ 78.833847767027962, 16.144476015300519 ], [ 78.840291167863583, 16.078138129003502 ], [ 78.785481325880667, 16.021145702199323 ], [ 78.735495916673827, 16.008151847180365 ], [ 78.681192281641671, 16.034789676859717 ], [ 78.627238744330285, 16.087636843377201 ], [ 78.551760900871571, 16.042801772767913 ], [ 78.407891994484459, 16.074809213601622 ], [ 78.326556796708417, 16.036737570288594 ], [ 78.312261630707738, 16.011509623060451 ], [ 78.260863511122125, 16.025817026889683 ], [ 78.251617142919528, 15.935224716628385 ], [ 78.184429255634896, 15.909817215106814 ], [ 78.175343823310413, 15.858075265726008 ], [ 78.135536113371899, 15.854704419038629 ], [ 78.133999282770361, 15.836259907202635 ], [ 78.083554561365489, 15.840922799079928 ], [ 78.031889569376958, 15.907346116180591 ], [ 78.008863097716571, 15.861753783525156 ], [ 77.887978811379071, 15.906083986309037 ], [ 77.858512100054526, 15.883708029907112 ], [ 77.805365248969977, 15.874280576581793 ], [ 77.724095900399206, 15.895814230387369 ], [ 77.659200590076452, 15.885498860187669 ], [ 77.611391794311444, 15.917934820144762 ], [ 77.513424469611266, 15.926797167257581 ], [ 77.514035527023751, 16.008086801158413 ], [ 77.493985395783511, 16.036998480096248 ], [ 77.506902370068573, 16.078981587237518 ], [ 77.49376936622906, 16.087176194750747 ], [ 77.513260514495528, 16.108033750389669 ], [ 77.489778266406077, 16.119629557999097 ], [ 77.486137871564949, 16.162994311899869 ], [ 77.501135795900581, 16.221727344131139 ], [ 77.515758396923985, 16.223908635682353 ], [ 77.492329840240743, 16.229306931583398 ], [ 77.490067390078579, 16.255239680501486 ], [ 77.504802275122614, 16.275810146761671 ], [ 77.536885070099046, 16.266812848076523 ], [ 77.563193365970051, 16.301643812248212 ], [ 77.597706251113721, 16.292813021831741 ], [ 77.594827913297777, 16.343182908997107 ], [ 77.572708452613455, 16.340942096325875 ], [ 77.489680085935404, 16.385023655477653 ], [ 77.420937582304916, 16.366240430419332 ], [ 77.349086902401496, 16.383856231541657 ], [ 77.287949043689579, 16.408653828921697 ], [ 77.235752753906056, 16.472755837163685 ], [ 77.293988101137742, 16.47668139348831 ], [ 77.298704666011147, 16.496172440371094 ], [ 77.369004071301546, 16.488681355251362 ], [ 77.377780413099742, 16.513714550831324 ], [ 77.419108309654177, 16.522387450675485 ], [ 77.419009054798451, 16.54893340313529 ], [ 77.392866890661153, 16.569983638914824 ], [ 77.423749858913169, 16.568889760301431 ], [ 77.467389000319415, 16.598844942969333 ], [ 77.453640527441109, 16.616755313938569 ], [ 77.476103786859397, 16.650114770357643 ], [ 77.434336765047945, 16.641390333162175 ], [ 77.418854125954681, 16.668580657987079 ], [ 77.469795374064844, 16.687037602889614 ], [ 77.47404373431722, 16.716566173121702 ], [ 77.438456240413231, 16.711687079986664 ], [ 77.426062330863644, 16.722881722689081 ], [ 77.43949418533353, 16.78913905965781 ], [ 77.476496507843692, 16.788374998233468 ], [ 77.457078841767469, 16.830186813574993 ], [ 77.454013020161852, 16.913904250070757 ], [ 77.469432435825425, 16.919203731834941 ], [ 77.479514451041325, 16.996023345961991 ], [ 77.502529986611449, 17.014109925184588 ], [ 77.463622790134551, 17.110002210292354 ], [ 77.406658872541925, 17.12451737281766 ], [ 77.363725548234186, 17.158788278813216 ], [ 77.372273450252223, 17.195569075102139 ], [ 77.393895227201156, 17.194402541343155 ], [ 77.403749654239817, 17.209897839242348 ], [ 77.38018975308222, 17.22253648452612 ], [ 77.420420729419689, 17.237630211114293 ], [ 77.458537762382747, 17.279001912216241 ], [ 77.437928746983445, 17.291923681843233 ], [ 77.456014404631134, 17.331240712903007 ], [ 77.453610225469916, 17.373994121323868 ], [ 77.479099747383671, 17.370725054893249 ], [ 77.483822062373193, 17.355001304373197 ], [ 77.529805443751627, 17.370714509539436 ], [ 77.537848163796596, 17.406095632717044 ], [ 77.514178025878962, 17.414184393875523 ], [ 77.513002947740617, 17.43087340930435 ], [ 77.537305620890862, 17.443749531097836 ], [ 77.575866010175901, 17.430716640269733 ], [ 77.576190646048204, 17.456169715959472 ], [ 77.614275584901137, 17.44594802183493 ], [ 77.615235718649842, 17.47289213817227 ], [ 77.644789764186314, 17.477567258477496 ], [ 77.656897209974971, 17.50646181199243 ], [ 77.657369376166386, 17.480919320394953 ], [ 77.688406400099737, 17.47519651790596 ], [ 77.692400124800002, 17.496879325236609 ], [ 77.662014698349552, 17.522823299799629 ], [ 77.596904920642601, 17.534304563557345 ], [ 77.593805967372688, 17.564514413678484 ], [ 77.550565430915881, 17.551735771619668 ], [ 77.528390006985987, 17.575367656749403 ], [ 77.506904979674459, 17.542281554286802 ], [ 77.494072398517105, 17.56836051170718 ], [ 77.443126170146996, 17.583966436387104 ], [ 77.452438939120427, 17.694705926671631 ], [ 77.545972660176815, 17.726841820473162 ], [ 77.568543233237264, 17.748907016736961 ], [ 77.569158785819411, 17.766492533339154 ], [ 77.506567255348457, 17.785953998422574 ], [ 77.528231811867812, 17.827898629767688 ], [ 77.554036242695986, 17.820068382870307 ], [ 77.576409632856596, 17.875419299756508 ], [ 77.599087206047145, 17.873086888900499 ], [ 77.586074459674734, 17.907835294048649 ], [ 77.6190496706988, 17.904057792476948 ], [ 77.624556401780936, 17.959601655294442 ], [ 77.633024789421626, 17.967380738468943 ], [ 77.649496535626483, 17.950013752963258 ], [ 77.655867038176822, 17.968837578038649 ], [ 77.64891795231155, 17.998875873992901 ], [ 77.627799841877788, 17.996785743372321 ], [ 77.605946711912296, 18.020231722868036 ], [ 77.588603055502787, 18.01215529603342 ], [ 77.547649386315882, 18.056130475450015 ], [ 77.598817717750123, 18.093329774805706 ], [ 77.596857842633511, 18.155945769622672 ], [ 77.563476285877215, 18.196127404449157 ], [ 77.585330642941386, 18.21981829876184 ], [ 77.571796056237261, 18.243999952059806 ], [ 77.605438415480137, 18.28127855456157 ], [ 77.551402472114461, 18.291915064430789 ], [ 77.570479506018103, 18.318112544146963 ], [ 77.522734110650916, 18.34539818967496 ], [ 77.556756063796854, 18.417143340332871 ], [ 77.527516022571334, 18.442111239908197 ], [ 77.585297341495476, 18.446792305404202 ], [ 77.548563405049492, 18.468581311031805 ], [ 77.572861018888062, 18.469814926464309 ], [ 77.576369301195285, 18.486784646386653 ], [ 77.603126055819075, 18.476847523576232 ], [ 77.604706853563897, 18.496366809185638 ], [ 77.585906900518026, 18.503996131318136 ], [ 77.596369422325338, 18.548941381222573 ], [ 77.647913148038711, 18.554931355334897 ], [ 77.655860400525171, 18.530898952006126 ], [ 77.73849960714071, 18.556788708786712 ], [ 77.750342738030056, 18.589215470950801 ], [ 77.729974247446407, 18.666936907218947 ], [ 77.753503765784416, 18.700991982374383 ], [ 77.76815202538728, 18.705859357836829 ], [ 77.787288251979945, 18.682639975509353 ], [ 77.839954802628185, 18.804821512227637 ], [ 77.948275352013326, 18.829097125197702 ], [ 77.948900928895711, 18.843289164990214 ], [ 77.903232038715089, 18.866625520018001 ], [ 77.885384448990763, 18.904200157807963 ], [ 77.843254232021764, 18.90869337526253 ], [ 77.858591643178002, 18.949110976748372 ], [ 77.819249317150522, 18.945859940844141 ], [ 77.821757776343176, 18.978507766528278 ], [ 77.771497156570931, 18.979159065902934 ], [ 77.761790208647426, 19.033001761555781 ], [ 77.764811991244571, 19.062655287414927 ], [ 77.800349432817555, 19.051121571715516 ], [ 77.809934258371413, 19.104733974395398 ], [ 77.850395025555173, 19.088556895156596 ], [ 77.834062931444379, 19.1343082497823 ], [ 77.860494212966003, 19.180354254811782 ], [ 77.847721022127047, 19.189594953064017 ], [ 77.871405055185505, 19.255020368990753 ], [ 77.907563574877926, 19.268228379104677 ], [ 77.865575519895899, 19.283821549593235 ], [ 77.863458783659325, 19.304196348266533 ], [ 77.945121897955104, 19.342452969604633 ], [ 78.042506274426344, 19.270603767256819 ], [ 78.041613577206007, 19.243428143037939 ], [ 78.055675248606462, 19.237121711799112 ], [ 78.079096875685593, 19.254834329163931 ], [ 78.089149624687821, 19.239368188949069 ], [ 78.117038043668899, 19.248637272597726 ], [ 78.144546910967676, 19.229400732679572 ], [ 78.175320996220748, 19.237578550962926 ], [ 78.193738852657091, 19.314886125220209 ], [ 78.172148227485607, 19.34929886492208 ], [ 78.187672987684252, 19.394592950892033 ], [ 78.176190020138364, 19.412262465755152 ], [ 78.195065244818508, 19.406753716944852 ], [ 78.27043943526985, 19.456155144097544 ], [ 78.304340957573885, 19.456137048393778 ], [ 78.293229658993681, 19.54223359092849 ], [ 78.274310765410959, 19.553974586992748 ], [ 78.303688912729939, 19.56932056161606 ], [ 78.305566912696634, 19.607066537958211 ], [ 78.2904624948807, 19.646001012017866 ], [ 78.262649047496609, 19.665064242921289 ], [ 78.276185874599065, 19.692415346206872 ], [ 78.31182129542006, 19.691050463631548 ], [ 78.343134145264784, 19.713250019499597 ], [ 78.358890827113598, 19.802885237552974 ], [ 78.334024560835573, 19.814591720209716 ], [ 78.336414470258461, 19.837923242260398 ], [ 78.285313280705196, 19.856616983027891 ], [ 78.307027909318506, 19.914297558775854 ], [ 78.330604893737828, 19.914693143897722 ], [ 78.335651858972739, 19.883577858381216 ] ] ] } },
{ "type": "Feature", "properties": { "Name": "Andhra Pradesh" }, "geometry": { "type": "Polygon", "coordinates": [ [ [ 84.675706193308997, 19.167212062076516 ], [ 84.715325087256261, 19.155865091472592 ], [ 84.699287580371532, 19.143485315590368 ], [ 84.70397428254995, 19.117280135472615 ], [ 84.761463755906277, 19.079122967548699 ], [ 84.684477040112569, 18.967471280961 ], [ 84.587104192619691, 18.867439241646693 ], [ 84.551497655329996, 18.790488748488112 ], [ 84.469662893644681, 18.714427790716837 ], [ 84.439851353218529, 18.659496533983045 ], [ 84.366693389218128, 18.590880326128985 ], [ 84.354728528522926, 18.554914448974511 ], [ 84.150652383922264, 18.377267929158016 ], [ 84.126895146252991, 18.343853074791646 ], [ 84.126859351982191, 18.313365502425686 ], [ 83.860388974794702, 18.174283803327807 ], [ 83.809930848729152, 18.156032298008711 ], [ 83.794974731986841, 18.168398612431567 ], [ 83.805263810672315, 18.154038769400685 ], [ 83.604752684175594, 18.037275471697413 ], [ 83.56937420667866, 18.011799412256249 ], [ 83.531754945485872, 17.951131015363824 ], [ 83.458652866577594, 17.90108899787834 ], [ 83.407096374007409, 17.84103298364721 ], [ 83.410869589254872, 17.809358186773416 ], [ 83.354584976781794, 17.755983619382494 ], [ 83.346399589896635, 17.72614537159469 ], [ 83.296911020008821, 17.693320232629816 ], [ 83.294874340732022, 17.674520786647765 ], [ 83.216469988198597, 17.595497077262927 ], [ 83.032549773920763, 17.514395672710531 ], [ 82.974781970150048, 17.466107823147901 ], [ 82.726352103978996, 17.354882899004959 ], [ 82.561936540544664, 17.261570265246373 ], [ 82.319308649350319, 17.057848913590316 ], [ 82.288220610091969, 17.015989722236629 ], [ 82.264930573625563, 16.93890640800668 ], [ 82.270554370460573, 16.941418591223449 ], [ 82.273457172994966, 16.947594287073905 ], [ 82.276834112624499, 16.950577852940928 ], [ 82.277882955905838, 16.950695706164932 ], [ 82.271145259796583, 16.941296092652436 ], [ 82.246707939066724, 16.917847218156684 ], [ 82.24303893018886, 16.917836642760975 ], [ 82.241444283117332, 16.908036595968593 ], [ 82.248266814325333, 16.876465117492966 ], [ 82.259821798909229, 16.884451017540911 ], [ 82.31422884081033, 16.845879806249389 ], [ 82.361571128871901, 16.854447139525057 ], [ 82.357714837426968, 16.950026764056844 ], [ 82.326260764334748, 16.988334985327192 ], [ 82.355645716392004, 16.967794319605463 ], [ 82.366364978504109, 16.911358526785943 ], [ 82.365273783250387, 16.875990519154222 ], [ 82.341796088721111, 16.728436171156122 ], [ 82.333344961310317, 16.716730546725348 ], [ 82.344928354216705, 16.704552980837519 ], [ 82.327688392137105, 16.684920742221486 ], [ 82.353995442044805, 16.705631762664996 ], [ 82.346449336740022, 16.715637895887077 ], [ 82.365338093641597, 16.706654000883812 ], [ 82.317288102019418, 16.66226636665527 ], [ 82.329052795611432, 16.614475187326544 ], [ 82.318874298639088, 16.576826301608104 ], [ 82.312822792337741, 16.668011947327745 ], [ 82.312141746283174, 16.627075349465258 ], [ 82.307502946767301, 16.639927248920991 ], [ 82.284259143893607, 16.62602716373841 ], [ 82.298824409944004, 16.586435836648469 ], [ 82.263084562666137, 16.56301934350018 ], [ 82.297175289033603, 16.567567980585196 ], [ 82.289993047232983, 16.554865949594515 ], [ 82.299640892298996, 16.558194351309684 ], [ 82.299154540810918, 16.572236628401118 ], [ 82.300870198137744, 16.562390009123135 ], [ 82.310668384351388, 16.567738223293585 ], [ 82.31343646294934, 16.564820107344168 ], [ 82.31367129424271, 16.558735203064973 ], [ 82.312852142993023, 16.563486474187751 ], [ 82.299484326724766, 16.555938897657963 ], [ 82.234911560996352, 16.546011453774682 ], [ 81.957731890301474, 16.392374455669273 ], [ 81.878150961239797, 16.382631288958486 ], [ 81.720787502467516, 16.306860111182591 ], [ 81.690639904090247, 16.327471792365351 ], [ 81.487242275888306, 16.355066105215698 ], [ 81.393791094735136, 16.342473151811653 ], [ 81.305350136823421, 16.303533814806269 ], [ 81.246191595465831, 16.258865907761365 ], [ 81.213763665960627, 16.207218327951455 ], [ 81.191365327787921, 16.102823684203287 ], [ 81.145541135962688, 16.012945117698539 ], [ 81.148045215868294, 15.973701412883724 ], [ 81.00477141550914, 15.837804230757545 ], [ 81.020562493850178, 15.793007714698184 ], [ 81.011335632563956, 15.801524184184219 ], [ 81.014452174847165, 15.771267749947699 ], [ 80.998451330904132, 15.76969143345341 ], [ 81.008459412077144, 15.752928471303171 ], [ 80.937219266766689, 15.71440411576366 ], [ 80.821515641029492, 15.709338465431061 ], [ 80.809638243005338, 15.721929715237108 ], [ 80.809229002901233, 15.73496515397367 ], [ 80.798084190872743, 15.742416685240789 ], [ 80.788429645273013, 15.757228854260497 ], [ 80.787715977797248, 15.764262861962507 ], [ 80.79046111971104, 15.769858319042251 ], [ 80.799649286964694, 15.776774539241154 ], [ 80.791217248753696, 15.753633851524114 ], [ 80.810242794818507, 15.735262148819295 ], [ 80.811430024467668, 15.727060477887388 ], [ 80.816713945511552, 15.716993848170047 ], [ 80.822273755348917, 15.710418313076318 ], [ 80.817531631609071, 15.749358022054633 ], [ 80.779629013927874, 15.835295984842601 ], [ 80.800912404492422, 15.805791358551589 ], [ 80.815607214793317, 15.81069529141099 ], [ 80.807020338468377, 15.840445715925135 ], [ 80.773883178266559, 15.866267053913264 ], [ 80.680607013185252, 15.885399672773751 ], [ 80.536457501849455, 15.852303241507213 ], [ 80.428562600297113, 15.80468243111417 ], [ 80.345607396907326, 15.751205456965325 ], [ 80.284161254356235, 15.687768870935361 ], [ 80.237211842687586, 15.600669928019709 ], [ 80.229054414069026, 15.604246202363083 ], [ 80.220626387734043, 15.600924560621605 ], [ 80.23472670286138, 15.599052193165528 ], [ 80.224125274561729, 15.594972651835205 ], [ 80.222383196884067, 15.582677466796428 ], [ 80.225523194179303, 15.593056811695936 ], [ 80.235064648172937, 15.59059049812201 ], [ 80.224793769355131, 15.533477518559286 ], [ 80.194225702831019, 15.505014629550022 ], [ 80.210516356759413, 15.493509117170545 ], [ 80.204962614143525, 15.47389098920373 ], [ 80.121834790488748, 15.367873673106354 ], [ 80.084740958397219, 15.283335439189038 ], [ 80.089030439031717, 15.211933044246623 ], [ 80.046984704123616, 15.080181110793292 ], [ 80.097724699965752, 14.779547901514395 ], [ 80.142066947355019, 14.703507051068371 ], [ 80.171178921160362, 14.611659800012838 ], [ 80.195513239263136, 14.585826953743377 ], [ 80.171649791082828, 14.373419380858415 ], [ 80.13010717471758, 14.231160878117192 ], [ 80.126413157640528, 14.164324223924803 ], [ 80.149778179178682, 14.031769437632478 ], [ 80.253089048803091, 13.785916683600439 ], [ 80.233649622835728, 13.658447693562838 ], [ 80.268552457661087, 13.564507021805515 ], [ 80.24175704044579, 13.470588124139535 ], [ 80.214542117179334, 13.49021364768646 ], [ 80.14515118083068, 13.491354714355538 ], [ 80.139156764262239, 13.504217435324403 ], [ 80.078133728209977, 13.488756569796568 ], [ 80.081204632483448, 13.549696240623396 ], [ 80.056879496959553, 13.536582134120712 ], [ 80.003389884695167, 13.544388674203057 ], [ 80.000463743929728, 13.525622408673314 ], [ 80.047993337914519, 13.512476600976536 ], [ 80.046562111461157, 13.493629704303167 ], [ 80.015848507979541, 13.497898149764691 ], [ 80.007785136564479, 13.478257623038411 ], [ 79.97236359562946, 13.469039382997444 ], [ 79.973280978553802, 13.429620208530679 ], [ 79.934512917639694, 13.416401895773856 ], [ 79.962695917558605, 13.391305693891363 ], [ 79.93794755965321, 13.355471507027751 ], [ 79.915912970898631, 13.359818353477925 ], [ 79.862732061986662, 13.316872363727944 ], [ 79.808841713070677, 13.317205388077234 ], [ 79.791671794430371, 13.293476394629401 ], [ 79.760768721882314, 13.318433323607254 ], [ 79.756685752253532, 13.295241474831281 ], [ 79.73365136374052, 13.288770765592652 ], [ 79.794725142029961, 13.241848365825271 ], [ 79.794430322140229, 13.226273972090254 ], [ 79.75492783368415, 13.206431371574141 ], [ 79.737254678821685, 13.236488390868788 ], [ 79.716343855538057, 13.216375817964829 ], [ 79.702179706126614, 13.224104381169919 ], [ 79.709062568189168, 13.250997785157562 ], [ 79.684211672085652, 13.244383719111724 ], [ 79.678231632155033, 13.261608636925168 ], [ 79.6956875582121, 13.267231062583345 ], [ 79.682544460902079, 13.295779038314826 ], [ 79.665324836680441, 13.278671846481677 ], [ 79.642420782037121, 13.290104081329385 ], [ 79.631576336995224, 13.269654215115386 ], [ 79.595995781678468, 13.284810829384172 ], [ 79.579204718526086, 13.257750584060309 ], [ 79.534541218319902, 13.275355407457958 ], [ 79.537245475210156, 13.338605471961856 ], [ 79.456195566198673, 13.338531114667635 ], [ 79.435369793609553, 13.351670573167869 ], [ 79.381827743088778, 13.307450012802578 ], [ 79.419974512084394, 13.289508134478231 ], [ 79.445361742836724, 13.301212402963584 ], [ 79.433671187205121, 13.274948007385415 ], [ 79.408356759516678, 13.265231209954816 ], [ 79.418434277766238, 13.242921473620438 ], [ 79.437617293110449, 13.242849682287325 ], [ 79.430943080942342, 13.22967681900224 ], [ 79.453089585408279, 13.238312292602078 ], [ 79.438364336592315, 13.18813604582329 ], [ 79.373969287271507, 13.189219622932031 ], [ 79.38766315336035, 13.177491140877331 ], [ 79.369458535412861, 13.17287692912994 ], [ 79.379974203348979, 13.162888684086631 ], [ 79.356051503190869, 13.164542230767942 ], [ 79.3604399152876, 13.123500413556725 ], [ 79.345181463349888, 13.121365906838387 ], [ 79.341102951161545, 13.136799758616982 ], [ 79.307124543849, 13.105486066259505 ], [ 79.294240219731279, 13.109563467073421 ], [ 79.312398906818302, 13.126105638590305 ], [ 79.283952746335217, 13.122734615114016 ], [ 79.280275338209464, 13.152833520255024 ], [ 79.257392264617877, 13.160701609812982 ], [ 79.245208625523432, 13.1382414731896 ], [ 79.23486555449611, 13.170809398960028 ], [ 79.209965899635606, 13.148424595045238 ], [ 79.23280857688718, 13.139336178861308 ], [ 79.234361408280549, 13.10519482250886 ], [ 79.180593038003735, 13.084209625271514 ], [ 79.192054914005041, 13.067398589122261 ], [ 79.178231620446724, 13.059153574130606 ], [ 79.192033471219204, 13.056113248673338 ], [ 79.180373061251913, 13.048816847543355 ], [ 79.1929297572091, 13.04666249375364 ], [ 79.163053798593964, 13.020238115856618 ], [ 79.114414988252506, 13.039241052810567 ], [ 79.080840161657761, 13.025696862051545 ], [ 79.063331209846083, 13.05307748709958 ], [ 78.994935663426105, 13.086580438716453 ], [ 78.923875942943823, 13.080782578860797 ], [ 78.903608988936739, 13.047679645248948 ], [ 78.929096623490054, 13.045732190361099 ], [ 78.940743164367674, 13.036382963657912 ], [ 78.937040160544512, 13.030399939959715 ], [ 78.891576236267326, 13.033032696145838 ], [ 78.891515978176358, 13.097061616669894 ], [ 78.841970835086912, 13.078588595461374 ], [ 78.813074555764402, 13.089118495104561 ], [ 78.794238117643303, 13.066560600871339 ], [ 78.75170991466409, 13.054919525035977 ], [ 78.714450603914088, 13.068656911552162 ], [ 78.70520435428908, 13.015217496240421 ], [ 78.656148055512631, 13.031149434304872 ], [ 78.655453352370785, 13.015228140882574 ], [ 78.620829197404447, 12.991221312571929 ], [ 78.656944722829067, 12.932086505508163 ], [ 78.633366484361602, 12.931726703391409 ], [ 78.592448163881159, 12.782657415895608 ], [ 78.555554608487284, 12.755767773502846 ], [ 78.555800653450348, 12.700140011514392 ], [ 78.534830185625111, 12.691107895854708 ], [ 78.529533756439207, 12.710201786211609 ], [ 78.544205568072201, 12.71092081235502 ], [ 78.493091396066447, 12.747133495499474 ], [ 78.519938925449665, 12.711997026445227 ], [ 78.502994809135856, 12.71675352654497 ], [ 78.499709158102092, 12.676124464143623 ], [ 78.467824202693947, 12.675876978844366 ], [ 78.46489230642247, 12.624014214828755 ], [ 78.426991121554195, 12.635228677865337 ], [ 78.379342578049361, 12.625001089532624 ], [ 78.300918797651264, 12.665858220977128 ], [ 78.272079712266247, 12.704663883686472 ], [ 78.244486477890931, 12.706316586508114 ], [ 78.237631728605265, 12.68575043132542 ], [ 78.199247856476916, 12.695372813014295 ], [ 78.240933947267749, 12.729933488528017 ], [ 78.23087768495445, 12.760652874918048 ], [ 78.252124721597767, 12.860544816621376 ], [ 78.312373071210288, 12.858510904743717 ], [ 78.313553842870888, 12.876445931591 ], [ 78.33700698464682, 12.882356835675688 ], [ 78.320257204471645, 12.887251957253186 ], [ 78.323460312907187, 12.901775837294689 ], [ 78.343997353489286, 12.908490934656154 ], [ 78.35402393187232, 12.939679101937134 ], [ 78.38862323135308, 12.906849430430679 ], [ 78.445507253682635, 12.911786289151324 ], [ 78.464697790620747, 12.866753599863962 ], [ 78.46662409389856, 12.905399526544965 ], [ 78.437943960013229, 12.929004299786717 ], [ 78.418745269965598, 12.921715510387747 ], [ 78.411091265317083, 12.945258859745874 ], [ 78.437901226256841, 12.96397576961154 ], [ 78.435259003426836, 12.98103016951832 ], [ 78.467389974153591, 12.97501228619041 ], [ 78.462125880724642, 13.043203934013782 ], [ 78.514181889593402, 13.061844283044517 ], [ 78.509401324247591, 13.091484049144846 ], [ 78.538437086780874, 13.105718582607135 ], [ 78.516976656240118, 13.131579123584718 ], [ 78.544577173257437, 13.141991663069085 ], [ 78.550045723245077, 13.164177045326147 ], [ 78.579697429127663, 13.167349184572297 ], [ 78.575992217245542, 13.186679437776078 ], [ 78.549993206835254, 13.200169481214925 ], [ 78.578635297966642, 13.212979728381271 ], [ 78.566334786257144, 13.22084269188324 ], [ 78.58729860026105, 13.280629890005116 ], [ 78.565484098751057, 13.311991061383862 ], [ 78.561572191708564, 13.288502297087264 ], [ 78.53925724773697, 13.287858530117678 ], [ 78.53211290495986, 13.266926218677597 ], [ 78.479244836142243, 13.301279610140908 ], [ 78.483336879653706, 13.321160265999428 ], [ 78.444140713116226, 13.308100957316553 ], [ 78.440320176416236, 13.328419441538184 ], [ 78.401039430799813, 13.315460224902854 ], [ 78.377083513637459, 13.331962112617902 ], [ 78.408619152859174, 13.342873581979466 ], [ 78.365013271576288, 13.361790300475665 ], [ 78.381612268632722, 13.396974215604658 ], [ 78.374370235865101, 13.50903175495522 ], [ 78.401416254298582, 13.587886650420334 ], [ 78.259428919579705, 13.58248805250266 ], [ 78.235987016626282, 13.599264021442595 ], [ 78.192912171728679, 13.56484083670769 ], [ 78.204138015389091, 13.628415576738243 ], [ 78.168165289755279, 13.632846386572625 ], [ 78.167520143972737, 13.655819722139587 ], [ 78.087050450515065, 13.643062410494837 ], [ 78.089685027783673, 13.659095194848119 ], [ 78.06565894680773, 13.676137090791839 ], [ 78.069018923549777, 13.697804925339394 ], [ 78.113162764533783, 13.692730908279252 ], [ 78.120742938445701, 13.715613464019325 ], [ 78.091466997846481, 13.742272860461313 ], [ 78.12656742610173, 13.78710872843323 ], [ 78.114722120391079, 13.862883767397053 ], [ 78.081851893677651, 13.861237019405763 ], [ 78.07894494002835, 13.881151175143952 ], [ 78.048811853036156, 13.89608893735404 ], [ 78.046138729058697, 13.862129889243112 ], [ 78.000429977035637, 13.872925888759619 ], [ 77.97604822429264, 13.829490372662697 ], [ 77.95292779873499, 13.827352170656701 ], [ 77.949025274595641, 13.886447439417388 ], [ 77.984534487509166, 13.897399142130922 ], [ 77.987473595455739, 13.955495877304406 ], [ 77.967378857471758, 13.960154654571687 ], [ 77.926713882562694, 13.905325649187596 ], [ 77.895764999528353, 13.920361331406239 ], [ 77.895642130658743, 13.941041440341563 ], [ 77.826536032120387, 13.944725274081099 ], [ 77.813439604984325, 13.914624120883126 ], [ 77.837018722004132, 13.869741510247081 ], [ 77.78221457983166, 13.844082088202397 ], [ 77.781479959151852, 13.818294776073751 ], [ 77.719253716913073, 13.800277606786519 ], [ 77.717306658958961, 13.74107706178158 ], [ 77.703239025439956, 13.769791641169531 ], [ 77.671662526347575, 13.760484406929407 ], [ 77.680023075729963, 13.786781138352769 ], [ 77.651432716779155, 13.784132833678163 ], [ 77.617637087880837, 13.762680901682948 ], [ 77.641822149102509, 13.747836555316516 ], [ 77.630526890823461, 13.735919738662021 ], [ 77.599916500174743, 13.750764501046692 ], [ 77.560871762644723, 13.722344556556221 ], [ 77.547386145801667, 13.752906599115757 ], [ 77.525508459489558, 13.753309821235142 ], [ 77.536580906832029, 13.730607430559225 ], [ 77.528280059483421, 13.693017149098162 ], [ 77.512313163773314, 13.69725405601001 ], [ 77.514112109300044, 13.713217404934253 ], [ 77.484983476237716, 13.714789591564433 ], [ 77.492057996561073, 13.689816266833182 ], [ 77.455277079124016, 13.682269223373877 ], [ 77.464536208793533, 13.806084189518025 ], [ 77.422513010819287, 13.799100048916802 ], [ 77.432466057604756, 13.843224424318892 ], [ 77.381844091407785, 13.839371649684095 ], [ 77.362376770055903, 13.854255210508537 ], [ 77.325327449486721, 13.833247655420536 ], [ 77.311441670015526, 13.866592957211086 ], [ 77.256640857897807, 13.846533490463726 ], [ 77.248216105922054, 13.901222258335899 ], [ 77.235569286484008, 13.904147821346445 ], [ 77.219797217392681, 13.867729050849762 ], [ 77.213073985956157, 13.886201867058276 ], [ 77.200377429495774, 13.863049307335558 ], [ 77.181335940131291, 13.869855981634286 ], [ 77.184657496826929, 13.925198274302344 ], [ 77.16188170363985, 13.906637674711405 ], [ 77.168526583118975, 13.8645032989537 ], [ 77.128039058716169, 13.856068903047916 ], [ 77.168631030237066, 13.829632298636193 ], [ 77.157463365966038, 13.806043274863887 ], [ 77.178452642716678, 13.782697330725702 ], [ 77.172996900908359, 13.762022504503301 ], [ 77.09038790373755, 13.767154297200884 ], [ 77.085578803406733, 13.742450210279751 ], [ 77.064644916776501, 13.743846989312004 ], [ 77.043315842388182, 13.777808833710253 ], [ 77.024417683718866, 13.779239000187296 ], [ 77.016446400400227, 13.738524858110159 ], [ 76.996812811669031, 13.747764057911017 ], [ 76.977967378716983, 13.826882833418608 ], [ 77.014169988621873, 13.86032444755997 ], [ 77.022976914462205, 13.902610659419652 ], [ 77.047240437235757, 13.906614605489771 ], [ 77.04160518867748, 13.933448162446769 ], [ 76.993714586034514, 13.962579939584424 ], [ 76.999441914604333, 13.990354566307605 ], [ 76.931084693009296, 14.030217790114095 ], [ 76.932335229631491, 14.053941703718062 ], [ 76.971690079072346, 14.058032197156511 ], [ 76.977520948360151, 14.071304806823219 ], [ 76.924933219488196, 14.137125535856384 ], [ 76.885866201044166, 14.138255863882119 ], [ 76.894487090280734, 14.16782883115018 ], [ 76.942323981754555, 14.173347081039378 ], [ 76.947519461862143, 14.198191905074225 ], [ 76.960557600912665, 14.181787528136317 ], [ 77.02328199221418, 14.176702792976707 ], [ 77.01462502933073, 14.100017464297601 ], [ 77.0297522347105, 14.088188102938368 ], [ 77.027634207594858, 14.061761595482688 ], [ 77.078871765001523, 14.042653262902453 ], [ 77.127352170019023, 14.047027685814786 ], [ 77.149172041657735, 14.001175918844709 ], [ 77.245303561158465, 14.011955575855687 ], [ 77.270307653255557, 14.034493380888822 ], [ 77.274946963912839, 14.011294420182653 ], [ 77.322180269262446, 14.030004366893856 ], [ 77.336169461890819, 13.995377257157267 ], [ 77.361040021217605, 13.99082118543337 ], [ 77.349436272486855, 13.958149514066966 ], [ 77.3712347812898, 13.952760356611149 ], [ 77.347786356567426, 13.915973084378322 ], [ 77.357580258715473, 13.903383646550481 ], [ 77.397920042593398, 13.906592580031388 ], [ 77.398689635585512, 13.888134416819767 ], [ 77.434988906909908, 13.915014390750537 ], [ 77.412033899823641, 13.945567008617024 ], [ 77.435311952764181, 13.947522609550251 ], [ 77.437829985302798, 13.975529354588677 ], [ 77.42583722742647, 13.986120771098511 ], [ 77.381591848069249, 13.976242470096217 ], [ 77.390107247243705, 14.016704760249077 ], [ 77.332252396721984, 14.030697814933669 ], [ 77.340455222601719, 14.060200645895589 ], [ 77.360495296304038, 14.06256891697142 ], [ 77.400871815887157, 14.118720844097513 ], [ 77.390564690945951, 14.126648517927965 ], [ 77.347417714924276, 14.103644836706238 ], [ 77.351666460553915, 14.131113549954437 ], [ 77.37889534723314, 14.135850149624794 ], [ 77.393671641018514, 14.174253523825824 ], [ 77.503458008283673, 14.157124240148173 ], [ 77.516983543562986, 14.182817663795038 ], [ 77.49274183368118, 14.231012870133267 ], [ 77.498235889534669, 14.278854648214434 ], [ 77.478881540312912, 14.292168235120489 ], [ 77.450234277580478, 14.280714018723545 ], [ 77.446176967429452, 14.317473832069011 ], [ 77.431215203877258, 14.312967868045853 ], [ 77.406400307758744, 14.337755335717986 ], [ 77.376986098470994, 14.307610331952999 ], [ 77.417646397649037, 14.225850349882624 ], [ 77.418231372477223, 14.209075053045954 ], [ 77.392548196246125, 14.19885148445149 ], [ 77.359439597978763, 14.234015455446167 ], [ 77.363775071457482, 14.275836066672655 ], [ 77.283491578096957, 14.282746831583236 ], [ 77.286522447153189, 14.340109183316123 ], [ 77.238156013192409, 14.317371109274822 ], [ 77.138859899625686, 14.339984316725092 ], [ 77.110145308162657, 14.268288329694904 ], [ 77.116620030557314, 14.226394240539475 ], [ 77.100758265583195, 14.217151489065719 ], [ 77.081125909340585, 14.214166151716974 ], [ 77.052417236876963, 14.245517538936156 ], [ 76.940010027583881, 14.244623966621276 ], [ 76.924852134855684, 14.273800494346665 ], [ 76.956679557661445, 14.294362714561538 ], [ 76.88471305078194, 14.34755317292583 ], [ 76.884774976146062, 14.395726211643126 ], [ 76.915787394325449, 14.420709446811076 ], [ 76.942785643945385, 14.399734659750806 ], [ 76.944748932660062, 14.450912640177243 ], [ 76.959871369782306, 14.450609431387704 ], [ 76.974773065686392, 14.485346134730831 ], [ 76.900646985507663, 14.489225254329916 ], [ 76.86792022244002, 14.474056107074285 ], [ 76.855561857429592, 14.509609371310566 ], [ 76.806241959711087, 14.531083698595484 ], [ 76.781803720004689, 14.596515235084269 ], [ 76.76495612587145, 14.6021431683545 ], [ 76.77523357227237, 14.680979293906534 ], [ 76.802907532852345, 14.741902913390085 ], [ 76.782651576919278, 14.785957068853387 ], [ 76.836713126762135, 14.790792826247454 ], [ 76.837333276023571, 14.810582122812511 ], [ 76.853942433924175, 14.809461953634324 ], [ 76.845446120356243, 14.889311846874216 ], [ 76.863810456066332, 14.895599367102889 ], [ 76.869589055980995, 14.937727370812722 ], [ 76.867427006026531, 14.969839666694062 ], [ 76.828471504441879, 14.95647535967756 ], [ 76.766507128294947, 14.97563599595205 ], [ 76.760537758553284, 14.98987688949815 ], [ 76.790099484685413, 15.020733446181666 ], [ 76.776664151040421, 15.078419536827777 ], [ 76.800205698718415, 15.095850521500362 ], [ 76.835986218119046, 15.079252273461249 ], [ 76.865855022551301, 15.059701857295098 ], [ 76.877132088149196, 15.030224670859779 ], [ 76.91833533806809, 15.035539393962342 ], [ 76.985191188260757, 15.015203896294226 ], [ 77.004047515082235, 15.033847701224902 ], [ 77.049531774522507, 15.0330900436932 ], [ 77.044086307644434, 15.009856793219461 ], [ 77.08242005737317, 15.006093922917961 ], [ 77.084716807907867, 15.030722001917619 ], [ 77.112898444184168, 15.034069191330302 ], [ 77.130090387718596, 15.100780928900711 ], [ 77.156298570842779, 15.12294349329801 ], [ 77.157250222698565, 15.140480875262853 ], [ 77.135376628212583, 15.14976006356669 ], [ 77.169105486234145, 15.171360267408124 ], [ 77.147629435787266, 15.223921426152744 ], [ 77.125093381389931, 15.226951730479827 ], [ 77.166904792552813, 15.26859578689781 ], [ 77.147109384899593, 15.272933396010405 ], [ 77.151551796524686, 15.29244683015806 ], [ 77.11834950307491, 15.294863040613592 ], [ 77.113076050098996, 15.333690740387857 ], [ 77.063722162825073, 15.328021675542493 ], [ 77.041804585026142, 15.361936060855564 ], [ 77.047224623293488, 15.390035620363694 ], [ 77.029205102311977, 15.404374274003802 ], [ 77.031985976512814, 15.435570258839547 ], [ 76.973814957638638, 15.499541475021742 ], [ 76.974509416438721, 15.510521426004169 ], [ 77.030018242035808, 15.502661794107919 ], [ 77.030413352538801, 15.634506467774072 ], [ 77.083170857609559, 15.659158167912839 ], [ 77.121404018484355, 15.631097004318496 ], [ 77.128865197960479, 15.665876666820221 ], [ 77.078676040067393, 15.695156899447566 ], [ 77.07967148569162, 15.727523636800569 ], [ 77.045927835112266, 15.74036936335856 ], [ 77.067156370952304, 15.787748583240626 ], [ 77.065189276075756, 15.828206946665492 ], [ 77.025170444079166, 15.837522961888917 ], [ 77.074741659871464, 15.912031977337785 ], [ 77.155056613131578, 15.95004505841019 ], [ 77.248853679805109, 15.964564895867479 ], [ 77.379461861682245, 15.939809198162219 ], [ 77.429583412367037, 15.949069677592826 ], [ 77.611391794311444, 15.917934820144762 ], [ 77.659200590076452, 15.885498860187669 ], [ 77.724095900399206, 15.895814230387369 ], [ 77.803516584387197, 15.874134860177417 ], [ 77.858512100054526, 15.883708029907112 ], [ 77.887978811379071, 15.906083986309037 ], [ 78.008863097716571, 15.861753783525156 ], [ 78.031889569376958, 15.907346116180591 ], [ 78.083554561365489, 15.840922799079928 ], [ 78.133999282770361, 15.836259907202635 ], [ 78.135536113371899, 15.854704419038629 ], [ 78.175343823310413, 15.858075265726008 ], [ 78.184429255634896, 15.909817215106814 ], [ 78.251617142919528, 15.935224716628385 ], [ 78.260863511122125, 16.025817026889683 ], [ 78.312261630707738, 16.011509623060451 ], [ 78.326556796708417, 16.036737570288594 ], [ 78.407891994484459, 16.074809213601622 ], [ 78.551760900871571, 16.042801772767913 ], [ 78.627238744330285, 16.087636843377201 ], [ 78.681192281641671, 16.034789676859717 ], [ 78.735495916673827, 16.008151847180365 ], [ 78.78314578249875, 16.02028999215894 ], [ 78.83775699439596, 16.071858401648782 ], [ 78.833847767027962, 16.144476015300519 ], [ 78.872149635547274, 16.143968709286426 ], [ 78.895599705084933, 16.085579599929016 ], [ 78.922027116664296, 16.104313341438445 ], [ 78.90540154923842, 16.1835896088486 ], [ 78.985716913926922, 16.210714947895895 ], [ 79.009508756497581, 16.240214883860705 ], [ 79.101577684651701, 16.222823103084405 ], [ 79.119724698131606, 16.231938165457677 ], [ 79.15694735222813, 16.209286903890693 ], [ 79.216546005192882, 16.227404154649555 ], [ 79.234295890553653, 16.333839090085508 ], [ 79.210201559175658, 16.358230287761735 ], [ 79.211564535227012, 16.447387614412655 ], [ 79.233356917519771, 16.459201138450663 ], [ 79.214830017286005, 16.487908786716222 ], [ 79.256837957375154, 16.565818558029637 ], [ 79.418640013525859, 16.580245187435182 ], [ 79.44717344264383, 16.61971276316017 ], [ 79.542090942038641, 16.632246528926775 ], [ 79.59892345137655, 16.673225428826992 ], [ 79.633090575865666, 16.660424082509042 ], [ 79.681541728144268, 16.694372432162794 ], [ 79.722894120858228, 16.690276529483878 ], [ 79.773990850276078, 16.730775237513321 ], [ 79.817262201642095, 16.691866990505584 ], [ 79.851062729053652, 16.705838895539678 ], [ 79.87752867925704, 16.697298193293101 ], [ 79.910106131544666, 16.633917551304368 ], [ 79.963070047009822, 16.643532715077271 ], [ 79.997411227271783, 16.702092772353012 ], [ 80.054955282264785, 16.744646289392687 ], [ 80.070601943847436, 16.801692276459633 ], [ 80.04684381594771, 16.853342326991118 ], [ 79.998761482280372, 16.865214053883406 ], [ 80.01738367669779, 16.914974788223905 ], [ 80.040404747686679, 16.918082855523963 ], [ 80.05544482816201, 16.971421622858056 ], [ 80.091556131504774, 16.96831558223521 ], [ 80.095160578463179, 16.990651500840443 ], [ 80.140236850949179, 16.990592273202946 ], [ 80.187287079643852, 17.019955017899438 ], [ 80.196452765659231, 17.044033652834226 ], [ 80.211429607433445, 17.010273473290198 ], [ 80.293590791740215, 16.996332370174976 ], [ 80.31647446450809, 16.948435416556176 ], [ 80.321698864977904, 16.879629861910963 ], [ 80.374065607391657, 16.852394453048184 ], [ 80.38043134617601, 16.817449888958048 ], [ 80.407795867683376, 16.848228786517531 ], [ 80.378367419200032, 16.85198991973062 ], [ 80.38403714330228, 16.865256474721903 ], [ 80.464240217681962, 16.819977757991946 ], [ 80.464454927611285, 16.79544865719139 ], [ 80.570240801370502, 16.768009017805362 ], [ 80.612966561847003, 16.793540996441976 ], [ 80.562847694429976, 16.832840779861666 ], [ 80.568306139268969, 16.869388081213287 ], [ 80.595912412690652, 16.884622040849891 ], [ 80.587120005421923, 16.904177807598622 ], [ 80.601941607535309, 16.91858970485033 ], [ 80.534696149919057, 16.961414455147665 ], [ 80.526103483952099, 16.947881379142828 ], [ 80.499229030263152, 16.956334616280667 ], [ 80.49344611574017, 16.927428587790679 ], [ 80.449667707617081, 16.954763944670557 ], [ 80.363404567788038, 16.976065557501173 ], [ 80.407034864381998, 17.015796037105343 ], [ 80.38573322813572, 17.067926908367308 ], [ 80.409030428666554, 17.091496957033094 ], [ 80.438628479973829, 17.037583293023655 ], [ 80.464859312321238, 17.030023781097313 ], [ 80.471375927649177, 17.050369373891584 ], [ 80.505397159447952, 17.068463715546713 ], [ 80.514079910268279, 17.122052935409535 ], [ 80.563183974265016, 17.133104476805094 ], [ 80.58001924710581, 17.153071997500135 ], [ 80.670554773527797, 17.101187541022469 ], [ 80.653810762333379, 17.068611512155858 ], [ 80.738881325740692, 17.079588912449658 ], [ 80.845309452707269, 17.039967154766668 ], [ 80.877160915328346, 17.070434351421422 ], [ 80.867740615320457, 17.123130611242484 ], [ 80.879438053843742, 17.160830095208095 ], [ 80.923994594344009, 17.157846257051954 ], [ 80.918877272157772, 17.219737289668334 ], [ 81.031271110926156, 17.190329892947823 ], [ 81.054609344702541, 17.224874201617482 ], [ 81.079606228717822, 17.215277090643042 ], [ 81.173977259569071, 17.230336982046762 ], [ 81.190410495896032, 17.324814107011232 ], [ 81.274028841916717, 17.317192696902669 ], [ 81.322641315450667, 17.374547703943229 ], [ 81.312382263851873, 17.408723800827506 ], [ 81.205263609112933, 17.449587931150308 ], [ 81.193297151213173, 17.435625158526083 ], [ 81.172327070561849, 17.44904328961481 ], [ 81.175547262259144, 17.463636376714341 ], [ 81.148253674421568, 17.463653285257386 ], [ 81.159680768553372, 17.484370095599406 ], [ 81.142145378424559, 17.488587539247774 ], [ 81.127279663640849, 17.526422938255532 ], [ 81.097563187429685, 17.504255902180805 ], [ 81.014826400418102, 17.522126210829846 ], [ 80.969306401504269, 17.598376621067263 ], [ 80.984106037113989, 17.626209591695336 ], [ 81.007044900576275, 17.62171467174084 ], [ 81.005261749228893, 17.648759510728631 ], [ 80.938096565066417, 17.632579275676697 ], [ 80.880078812254467, 17.647956975090782 ], [ 80.894749560282136, 17.702909980421005 ], [ 80.885546322891287, 17.735677953882352 ], [ 80.9278504662757, 17.761775185165892 ], [ 80.973421817382771, 17.780122161500646 ], [ 80.991317970031375, 17.749917129739963 ], [ 81.058165013141007, 17.733085766340572 ], [ 81.104262259574966, 17.772006361699642 ], [ 81.08558631715745, 17.798024991594936 ], [ 81.093964609165042, 17.809275437055643 ], [ 81.166133941262672, 17.857603147444429 ], [ 81.265357664092235, 17.811082765524819 ], [ 81.354495773953218, 17.813261742392282 ], [ 81.393125205056037, 17.794612357358876 ], [ 81.397645464683663, 17.821031002160257 ], [ 81.416895135022003, 17.813983839466594 ], [ 81.435827747675717, 17.832602332868532 ], [ 81.476221233739622, 17.838414882919498 ], [ 81.492354183928356, 17.812673699714829 ], [ 81.574411449326391, 17.838707260375205 ], [ 81.617228599010005, 17.823087248071989 ], [ 81.671569126054209, 17.888012038498452 ], [ 81.70089965008674, 17.902787519841457 ], [ 81.710430278482889, 17.873855963483901 ], [ 81.725875968970243, 17.879022890999021 ], [ 81.808179071820533, 17.956389021319453 ], [ 81.962215316307507, 18.000922233155165 ], [ 82.007700428248967, 18.030742798759231 ], [ 82.005745572918173, 18.056988946383704 ], [ 82.030664411301586, 18.069985706310778 ], [ 82.059898383509051, 18.056121723730499 ], [ 82.074964576213034, 18.075886909353077 ], [ 82.13182543368633, 18.060566862142462 ], [ 82.135514455232112, 18.044615901042118 ], [ 82.167172211433552, 18.052630880274641 ], [ 82.185918142493122, 18.015797137221121 ], [ 82.264557338896353, 17.995563997514523 ], [ 82.259951599179558, 18.042528036834838 ], [ 82.289727541167622, 18.069583331020826 ], [ 82.302745725042456, 18.068793120691886 ], [ 82.306520334475223, 18.045587555714238 ], [ 82.320596417547776, 18.06058717839413 ], [ 82.339078380457764, 18.055478589443407 ], [ 82.350127674622115, 18.077268688265502 ], [ 82.334140115863832, 18.106537958133835 ], [ 82.338115045113398, 18.150514417347516 ], [ 82.361606500036203, 18.13549071347418 ], [ 82.370670432980987, 18.148844591384286 ], [ 82.313808732887935, 18.184708115086863 ], [ 82.309192652663896, 18.204773660703161 ], [ 82.335393882827773, 18.224986491993736 ], [ 82.322750512022083, 18.231892007313593 ], [ 82.342987728200001, 18.281227186661184 ], [ 82.374817565677247, 18.281358861336809 ], [ 82.390654648540618, 18.298627646508724 ], [ 82.387274759742013, 18.32918276956508 ], [ 82.354184933569144, 18.31659820355728 ], [ 82.336529934556879, 18.327383320097884 ], [ 82.383855055813342, 18.368179291902251 ], [ 82.362521827615154, 18.422213008982595 ], [ 82.481072513626714, 18.549381421317541 ], [ 82.503910399264583, 18.51418500651565 ], [ 82.532154161229315, 18.510960986934599 ], [ 82.534182901195578, 18.477707202504888 ], [ 82.519412718649093, 18.465569503234079 ], [ 82.538533345098529, 18.444409633044131 ], [ 82.540684220909156, 18.458293395815325 ], [ 82.561388430779147, 18.448462738234536 ], [ 82.535520795385906, 18.406143367050404 ], [ 82.59478769692295, 18.389201399460692 ], [ 82.621219477009546, 18.359680587243627 ], [ 82.602036546106945, 18.352248704381939 ], [ 82.608933379667093, 18.327099175532293 ], [ 82.57960117039508, 18.315836991112928 ], [ 82.596952545129497, 18.304858208488284 ], [ 82.586089346857747, 18.276741465457128 ], [ 82.635989946118627, 18.237389835209751 ], [ 82.650810906834877, 18.250687559505799 ], [ 82.640948032937615, 18.302706893717399 ], [ 82.665064933588781, 18.298703535806847 ], [ 82.772560824153203, 18.341101527970583 ], [ 82.797827720183307, 18.407421580090187 ], [ 82.780457940765359, 18.431456879066591 ], [ 82.801433107677809, 18.449921382213514 ], [ 82.85111641614958, 18.420952548974643 ], [ 82.894991729135583, 18.424073098800672 ], [ 82.894185429184361, 18.381538678992911 ], [ 82.938000885626366, 18.361498273870922 ], [ 82.968749352724146, 18.36068280629139 ], [ 83.020196231965073, 18.392365789783636 ], [ 83.052753636550477, 18.380649691462789 ], [ 83.075312108405711, 18.404020174386631 ], [ 83.05558562758597, 18.420262374849944 ], [ 83.065459743898998, 18.430983064423479 ], [ 83.040684974625904, 18.425115507828384 ], [ 83.019108380240823, 18.45713177471514 ], [ 83.093179364946579, 18.547551628651451 ], [ 83.043160683039901, 18.545366196949484 ], [ 83.027963768394102, 18.574473488817279 ], [ 83.051011222902886, 18.600150410938575 ], [ 83.023783304607534, 18.589616737846363 ], [ 82.999039321497577, 18.608552900512809 ], [ 83.011292601586092, 18.646937934323216 ], [ 83.056174399592848, 18.6662208642203 ], [ 83.120940233937048, 18.759307303392443 ], [ 83.113292902872814, 18.768971800374121 ], [ 83.137177563870196, 18.786239942937591 ], [ 83.204681512607777, 18.752314382153425 ], [ 83.21058435042454, 18.7314582747406 ], [ 83.222749163525577, 18.775959866880218 ], [ 83.269479827337705, 18.765282488873201 ], [ 83.282686965544357, 18.798700590020147 ], [ 83.328820758139003, 18.807084107746782 ], [ 83.363898600053062, 18.844016694295135 ], [ 83.377522296938437, 18.831719852472087 ], [ 83.403961134189927, 18.84320658450557 ], [ 83.412849318935898, 18.874422163656401 ], [ 83.376417417647971, 18.897845240325413 ], [ 83.389518894214277, 18.910093011382376 ], [ 83.357823545314858, 18.915586528787653 ], [ 83.352479359891788, 18.943430534890414 ], [ 83.370142278451581, 18.941683646752313 ], [ 83.370599476913767, 18.926003453793722 ], [ 83.387372977104022, 18.932945665603242 ], [ 83.353973482788092, 18.967227527456235 ], [ 83.348432920254041, 18.926253895557966 ], [ 83.326493258272151, 18.931949511434542 ], [ 83.339012480108963, 18.952745644258222 ], [ 83.310641951484598, 18.998640526802237 ], [ 83.338780557560469, 18.996972509667525 ], [ 83.348583989037053, 19.019387355820864 ], [ 83.369669627169898, 19.003504232299957 ], [ 83.398725228097916, 19.010219159712499 ], [ 83.461957632862251, 18.954545080268989 ], [ 83.467964616861522, 18.990848179961993 ], [ 83.450069888940959, 19.009424628488357 ], [ 83.479809903707533, 19.008233010963362 ], [ 83.483477566010791, 19.033313364370425 ], [ 83.462537825059854, 19.063863645707343 ], [ 83.478502322268199, 19.079042416491969 ], [ 83.468106716864753, 19.092887066071519 ], [ 83.483526405616146, 19.092024871539515 ], [ 83.500734971576605, 19.060399564575128 ], [ 83.511846166850546, 19.070083327558311 ], [ 83.519433076330486, 19.038831621857835 ], [ 83.496597023255831, 19.035236054639469 ], [ 83.501066434645068, 19.020427628391392 ], [ 83.536837110306863, 19.009260430823709 ], [ 83.55770051511989, 19.055969406827167 ], [ 83.549178401937041, 19.080285759088795 ], [ 83.560307166461314, 19.086836728312267 ], [ 83.563552453494353, 19.057617516903818 ], [ 83.584589192733034, 19.057332752459391 ], [ 83.585723038199831, 19.086323437539136 ], [ 83.610749517212128, 19.095831566692258 ], [ 83.599261666424397, 19.12993111298967 ], [ 83.626170606437114, 19.162437155554425 ], [ 83.700277070104988, 19.025215960598931 ], [ 83.730156175518587, 19.021719843755875 ], [ 83.70961522726499, 19.002400289349055 ], [ 83.733151793784742, 18.987474883811736 ], [ 83.753998182709665, 18.924891508697467 ], [ 83.788031442051775, 18.915628681597703 ], [ 83.744993039110312, 18.987741835534692 ], [ 83.794829680119591, 19.017740760137936 ], [ 83.826719393005476, 18.916043330821257 ], [ 83.845930470820889, 18.913342192220874 ], [ 83.846147497505328, 18.868855071637398 ], [ 83.892971465732757, 18.815661204444886 ], [ 83.913863620228142, 18.828831329019209 ], [ 83.948224155591191, 18.806052878954901 ], [ 84.036516636359451, 18.817265955173639 ], [ 84.089276103350812, 18.758407708434824 ], [ 84.135612116597372, 18.762377216170162 ], [ 84.161520308230735, 18.790165496016765 ], [ 84.18796271987874, 18.778573066847521 ], [ 84.224324451064874, 18.799639368530976 ], [ 84.257731159750819, 18.783946817719521 ], [ 84.286985147321118, 18.804862015964474 ], [ 84.319018017527313, 18.78788332191937 ], [ 84.34249421725994, 18.802966717036853 ], [ 84.328880051499752, 18.818847836379994 ], [ 84.362944867759509, 18.839898861526567 ], [ 84.333220986735412, 18.860267446994509 ], [ 84.330694060875501, 18.882969684928202 ], [ 84.372354270304712, 18.862648655388426 ], [ 84.382230582100291, 18.875351957725776 ], [ 84.368395842208585, 18.881626235772835 ], [ 84.358160154892033, 18.895474636634262 ], [ 84.39015408402895, 18.877454503162742 ], [ 84.395667304540709, 18.891217557597791 ], [ 84.383279534976069, 18.897958452101257 ], [ 84.378903714564672, 18.903781738971794 ], [ 84.416075727933702, 18.898396420246193 ], [ 84.416962970583597, 18.918935842052576 ], [ 84.426309123647982, 18.910164853586547 ], [ 84.43608239329059, 18.921736888985233 ], [ 84.422239502086001, 18.948346478430974 ], [ 84.450032336727546, 18.978513344236397 ], [ 84.42986288316645, 18.995650914219599 ], [ 84.419088227340694, 19.022831449536582 ], [ 84.473995300275007, 18.990222036113671 ], [ 84.514310454144493, 19.049280385008114 ], [ 84.570792757065504, 19.074555375269313 ], [ 84.579614029899219, 19.03093086497687 ], [ 84.601074295149985, 19.024474340468021 ], [ 84.616246692975039, 19.066695225593921 ], [ 84.659072726098501, 19.063845445529033 ], [ 84.6687908948782, 19.07712922463206 ], [ 84.656903454587479, 19.09522958075938 ], [ 84.623425830198045, 19.085729088009291 ], [ 84.593439695908231, 19.133268378849575 ], [ 84.665247904363341, 19.130669235563758 ], [ 84.675706193308997, 19.167212062076516 ] ], [ [ 84.339037067957008, 18.789691981873027 ], [ 84.329432842386268, 18.786949612057409 ], [ 84.339521779121398, 18.77844238612386 ], [ 84.339751909530889, 18.789151347646321 ], [ 84.339037067957008, 18.789691981873027 ] ], [ [ 84.349692709584062, 18.790705950947338 ], [ 84.350271857041008, 18.787323181838801 ], [ 84.351873931383309, 18.785521793416507 ], [ 84.353435524045679, 18.789643799248658 ], [ 84.349692709584062, 18.790705950947338 ] ] ] } },
{ "type": "Feature", "properties": { "Name": "Goa" }, "geometry": { "type": "Polygon", "coordinates": [ [ [ 73.870418967968206, 15.781169417973162 ], [ 73.876281245053306, 15.750061732185706 ], [ 73.938612557840983, 15.742718537007621 ], [ 73.951679713373522, 15.716358825969539 ], [ 73.943595651960834, 15.698494093686126 ], [ 73.963807808735623, 15.691019346765495 ], [ 73.961324081061065, 15.641497355218279 ], [ 73.990690681435382, 15.611525467061066 ], [ 74.021061778858751, 15.606172890581531 ], [ 74.030872959202966, 15.62273200580775 ], [ 74.119061816608294, 15.652455308840015 ], [ 74.164401460762534, 15.653568546246108 ], [ 74.180953978986153, 15.682214966328498 ], [ 74.205112881266729, 15.651101431575338 ], [ 74.223762580301539, 15.669047837108318 ], [ 74.251959549921423, 15.654376109699843 ], [ 74.244142073450774, 15.626173225808122 ], [ 74.264282700074418, 15.615577253719046 ], [ 74.245176677536534, 15.566671177921751 ], [ 74.263134620801949, 15.564001293617986 ], [ 74.282633159508279, 15.531481894864369 ], [ 74.250889927709252, 15.491657919593537 ], [ 74.275430171116156, 15.449252350733186 ], [ 74.275851953498261, 15.391655031142133 ], [ 74.323179505595874, 15.367743234453732 ], [ 74.317002222578338, 15.329184364672129 ], [ 74.336415785150336, 15.295009757723111 ], [ 74.276302522393635, 15.283596835099502 ], [ 74.25109195163013, 15.258918781298517 ], [ 74.301589598178268, 15.224408599209674 ], [ 74.316937361519877, 15.186328565911419 ], [ 74.285109976443323, 15.149097128318031 ], [ 74.272617289043424, 15.097562286293602 ], [ 74.296466067735096, 15.041272049991631 ], [ 74.253575424183154, 14.998210650919848 ], [ 74.264290391449876, 14.978589647017561 ], [ 74.252565382732186, 14.959159017219491 ], [ 74.236669500641923, 14.966910574628626 ], [ 74.201513677774656, 14.925789827147019 ], [ 74.165102541044533, 14.958637897971935 ], [ 74.162087164333727, 14.912206887806869 ], [ 74.124194342780726, 14.925391529047239 ], [ 74.084653806180768, 14.899489382051467 ], [ 74.043653043713434, 14.917114574510785 ], [ 74.040150313892966, 14.996476786329525 ], [ 74.020150606886261, 15.018209046759207 ], [ 73.988596728271062, 15.019955556801525 ], [ 73.987472262114167, 15.056177872537058 ], [ 73.974162499471134, 15.049979779314922 ], [ 73.954108377914423, 15.072965148966919 ], [ 73.911961530434567, 15.084686834389188 ], [ 73.926789403686925, 15.09635698993827 ], [ 73.917601178042773, 15.107244396301542 ], [ 73.940444252349693, 15.117620501121566 ], [ 73.935908306340593, 15.133194249885593 ], [ 73.95561805424154, 15.136528527328926 ], [ 73.883280244010692, 15.354279429254426 ], [ 73.870397002362878, 15.370240384036221 ], [ 73.841799554806173, 15.359403724289519 ], [ 73.808331747206168, 15.376401802501272 ], [ 73.782825724139002, 15.409113101352137 ], [ 73.788971935329201, 15.464866842738642 ], [ 73.73148324979536, 15.589645168949904 ], [ 73.731337045389608, 15.607998392340134 ], [ 73.743934877000271, 15.606743302468624 ], [ 73.722088489789314, 15.627797897649957 ], [ 73.691151801384962, 15.72118264713507 ], [ 73.674932825829714, 15.726798272988747 ], [ 73.785384957908121, 15.725495589439006 ], [ 73.824697938670198, 15.741025174920045 ], [ 73.855573485939644, 15.800624707231277 ], [ 73.870418967968206, 15.781169417973162 ] ] ] } },
{ "type": "Feature", "properties": { "Name": "Himachal Pradesh" }, "geometry": { "type": "Polygon", "coordinates": [ [ [ 76.794123268811688, 33.255689683836209 ], [ 76.821521221122339, 33.234869302261579 ], [ 76.844571008555917, 33.245689190500528 ], [ 76.826974386562412, 33.21473408605528 ], [ 76.835805996310128, 33.203911515013758 ], [ 76.818759456782516, 33.193233327062742 ], [ 76.819267591517956, 33.156265303860614 ], [ 76.856208062325834, 33.113588653627659 ], [ 76.889998268094814, 33.11637347982694 ], [ 76.933833769544066, 33.027382580920289 ], [ 77.010155924266982, 32.987873369399196 ], [ 77.048016930187558, 32.997751776283998 ], [ 77.087081180922169, 32.971550403240116 ], [ 77.151003622080424, 32.977258479553534 ], [ 77.164967077077591, 32.935606873528201 ], [ 77.156119714473078, 32.910755829863056 ], [ 77.188347022327562, 32.927872489435131 ], [ 77.203570000693034, 32.905487684124061 ], [ 77.243272327468915, 32.891293937541491 ], [ 77.254436365241148, 32.863089332206421 ], [ 77.274220128033321, 32.873026252210579 ], [ 77.301110014778814, 32.849030481503227 ], [ 77.322264848341391, 32.850605935257036 ], [ 77.338881738939946, 32.815970339319414 ], [ 77.373282953612318, 32.822642014927055 ], [ 77.375220617883571, 32.855007546402298 ], [ 77.407356906636821, 32.883171847722643 ], [ 77.444924702448674, 32.878938410198479 ], [ 77.468499527318045, 32.857644161665561 ], [ 77.501047360354136, 32.883867770434186 ], [ 77.538337049432073, 32.885144267703687 ], [ 77.601973471495455, 32.938847349963396 ], [ 77.670016950189307, 32.956622936855211 ], [ 77.681991324043324, 32.983278088483317 ], [ 77.729266251034971, 32.968977702398121 ], [ 77.806834643941457, 32.902430284924925 ], [ 77.777999601873574, 32.861813356420399 ], [ 77.864143696961165, 32.825268788597072 ], [ 77.897344447105297, 32.772169356437914 ], [ 77.93256332182402, 32.76067699964748 ], [ 77.918350586132149, 32.689944199233693 ], [ 77.998679376142562, 32.582969560023784 ], [ 78.051944140091322, 32.588361320528335 ], [ 78.050131560833549, 32.63207078861398 ], [ 78.081554423757851, 32.620699070347406 ], [ 78.109695800238057, 32.658579530017306 ], [ 78.137792339107506, 32.638728641814055 ], [ 78.168908034798491, 32.675421130685407 ], [ 78.200313265590395, 32.660219437243612 ], [ 78.245488574641527, 32.671384952162803 ], [ 78.253025272788619, 32.691017516980949 ], [ 78.312233632016955, 32.70912860606628 ], [ 78.308991054302751, 32.736206757850496 ], [ 78.386982431537163, 32.756914262801509 ], [ 78.379623527052757, 32.65385388223887 ], [ 78.403511728310704, 32.62020774042729 ], [ 78.312855931845178, 32.573676273478469 ], [ 78.283070951008753, 32.468643705589827 ], [ 78.327461085789153, 32.443465091428472 ], [ 78.326737747949338, 32.46511542846676 ], [ 78.347243454396008, 32.464432604283488 ], [ 78.363331012713402, 32.499554834155141 ], [ 78.397944862206813, 32.524839267089924 ], [ 78.452465694603276, 32.503979871580768 ], [ 78.46598700241087, 32.481230894759697 ], [ 78.455231400750563, 32.452717750575005 ], [ 78.489300784943524, 32.420191501683227 ], [ 78.532186849782462, 32.415922627954942 ], [ 78.478156944892163, 32.342022100045781 ], [ 78.480592001844613, 32.279906113903237 ], [ 78.451568774402787, 32.239493271981893 ], [ 78.570676487755733, 32.241838143766095 ], [ 78.609600381218783, 32.204559603097827 ], [ 78.590477321233251, 32.150574877710554 ], [ 78.615087855116201, 32.111414210911896 ], [ 78.655213334204973, 32.109071193800027 ], [ 78.74557487402447, 32.002187548469799 ], [ 78.778346791808133, 31.994358337852258 ], [ 78.768026030440922, 31.930593397995342 ], [ 78.73971874231421, 31.886129501086192 ], [ 78.743106979156792, 31.838252573051957 ], [ 78.70437297247679, 31.810943487130373 ], [ 78.704753826716214, 31.775555033170274 ], [ 78.750621747631186, 31.681647497473552 ], [ 78.797079334376733, 31.683176459953035 ], [ 78.803100673454253, 31.645844947433286 ], [ 78.846114741932965, 31.60827986850548 ], [ 78.773797508512033, 31.54591126433208 ], [ 78.731866183038491, 31.53523551999146 ], [ 78.725494541424382, 31.484181630486564 ], [ 78.763249616210018, 31.48548849642421 ], [ 78.809697607151719, 31.447621987659769 ], [ 78.79053436911677, 31.396044217202572 ], [ 78.848333111764191, 31.367272228218219 ], [ 78.842997115383227, 31.325000481124711 ], [ 78.87216935177112, 31.307688237565049 ], [ 78.929045186855177, 31.217030191885932 ], [ 78.947729444078959, 31.216832509832798 ], [ 78.957535942403908, 31.186651765231918 ], [ 78.985913300919378, 31.173889423168809 ], [ 79.008921806274074, 31.109980973912176 ], [ 78.885438542004337, 31.09877932443419 ], [ 78.831209328800227, 31.140652929414575 ], [ 78.809916887709207, 31.198342168058069 ], [ 78.76517962324175, 31.185813406284108 ], [ 78.671904182202553, 31.196937793986955 ], [ 78.658008295786132, 31.185096863846837 ], [ 78.647041723883035, 31.214775291302342 ], [ 78.609344452990982, 31.229317841943516 ], [ 78.578242627287963, 31.225316803950289 ], [ 78.551624306642722, 31.1999670662988 ], [ 78.483752944259024, 31.198994680545077 ], [ 78.455711716458254, 31.241077344127319 ], [ 78.434251591344719, 31.254640034976486 ], [ 78.40695164702818, 31.242245683709342 ], [ 78.396171963331753, 31.27536756207347 ], [ 78.370315400572721, 31.28639250308952 ], [ 78.311157267050277, 31.283202222864261 ], [ 78.306326502948053, 31.259951065297411 ], [ 78.282865817120353, 31.266268780346568 ], [ 78.246951455030583, 31.23046479448497 ], [ 78.220322467789657, 31.234000010885829 ], [ 78.21244115164501, 31.219626783702175 ], [ 78.160224325475795, 31.225535055469358 ], [ 78.103618942581065, 31.18543750739229 ], [ 78.042637518289354, 31.178561180254754 ], [ 78.030338849922813, 31.151024698834227 ], [ 77.967319838157593, 31.173423701892613 ], [ 77.901307264369905, 31.151881540406769 ], [ 77.851231144183956, 31.073422884220932 ], [ 77.81135249428749, 31.059156820970795 ], [ 77.829817956044025, 31.02881538002887 ], [ 77.811448462207608, 31.031688651749832 ], [ 77.807506037598273, 31.016269093814447 ], [ 77.831813265207018, 30.994049193541375 ], [ 77.814370601876774, 30.961839441779933 ], [ 77.83758893571553, 30.953226834533698 ], [ 77.77237930756985, 30.97440380517045 ], [ 77.749001485937214, 30.953535457539971 ], [ 77.762791724188034, 30.918236098971541 ], [ 77.81329443903104, 30.921923582783727 ], [ 77.805678020792314, 30.853268367435778 ], [ 77.758219325443008, 30.876852664062504 ], [ 77.744015377071236, 30.846648439198482 ], [ 77.76127357764608, 30.826120211085239 ], [ 77.703772651668189, 30.765214846876603 ], [ 77.705044815230835, 30.742801425703139 ], [ 77.73318506522368, 30.735389022413358 ], [ 77.755815360979156, 30.706978401269009 ], [ 77.747402160439648, 30.679904095016923 ], [ 77.792523221129102, 30.6587400014072 ], [ 77.781229593292281, 30.646722073164735 ], [ 77.796253035171901, 30.613699924387404 ], [ 77.771105700414523, 30.616429040374889 ], [ 77.771668534465888, 30.596954794510108 ], [ 77.746093867534583, 30.60394666670102 ], [ 77.743149519714976, 30.593159895796735 ], [ 77.774023671002482, 30.55789428714067 ], [ 77.817849285593695, 30.561076814524455 ], [ 77.826812968349429, 30.527804464437754 ], [ 77.817382449106859, 30.506378237051461 ], [ 77.690240634145766, 30.448072275716967 ], [ 77.586182851295248, 30.421635222658743 ], [ 77.57230920986018, 30.410502069088203 ], [ 77.581033685628782, 30.377694632186955 ], [ 77.550553998057254, 30.395043979624631 ], [ 77.523202464392284, 30.443531043782695 ], [ 77.502484889387532, 30.404668441362585 ], [ 77.443240060355336, 30.395396362278614 ], [ 77.422322689251601, 30.409726865226641 ], [ 77.458947801987435, 30.432872081443577 ], [ 77.456479647506654, 30.455662466626052 ], [ 77.404722856679257, 30.408644646903117 ], [ 77.407281038521177, 30.427163048944482 ], [ 77.387139668990812, 30.440047307881073 ], [ 77.364260802209699, 30.432651702844897 ], [ 77.354173228218869, 30.45824370505245 ], [ 77.320854222952434, 30.445831783855951 ], [ 77.268915752350395, 30.481330589995888 ], [ 77.226480034522936, 30.480453100738242 ], [ 77.210734435189778, 30.464776219489238 ], [ 77.195678362905809, 30.522618432992552 ], [ 77.144716640393668, 30.539078083113569 ], [ 77.122809296202433, 30.563341330544201 ], [ 77.172314680755747, 30.601309502920913 ], [ 77.161206979928238, 30.690981368391718 ], [ 77.095811153482018, 30.738770802479912 ], [ 77.020531663427931, 30.740053300711093 ], [ 77.018605994360684, 30.765312482398233 ], [ 77.001109298264439, 30.770041555441992 ], [ 77.018579442855852, 30.780078159647779 ], [ 77.012245608637073, 30.809898058942252 ], [ 76.968349396345985, 30.825445731295417 ], [ 76.942626968228538, 30.817483769846142 ], [ 76.951238894075217, 30.850577489923211 ], [ 76.916860297185053, 30.90082055717021 ], [ 76.869566678048969, 30.873177065704553 ], [ 76.822391212525545, 30.92859808315966 ], [ 76.776745485404547, 30.904286710521369 ], [ 76.709606435928649, 30.9697732048147 ], [ 76.673228609627614, 30.968832603436368 ], [ 76.624726576771323, 30.998827974513169 ], [ 76.629080849293999, 31.023533185744615 ], [ 76.610974349833427, 31.045885746403055 ], [ 76.638603772839971, 31.10810409922421 ], [ 76.602025866572305, 31.123794660834335 ], [ 76.612402893019052, 31.148227376757653 ], [ 76.599995376687829, 31.178514646188983 ], [ 76.645406594112345, 31.209120097272418 ], [ 76.641787096779694, 31.222734272889976 ], [ 76.59320585497322, 31.21169393362959 ], [ 76.612158224275007, 31.24788980886283 ], [ 76.587731272798464, 31.274257257603118 ], [ 76.549194982617578, 31.252815857115717 ], [ 76.542907133158209, 31.282493228298005 ], [ 76.539327414124656, 31.261107611538723 ], [ 76.523782281932, 31.258197586706263 ], [ 76.527416738010771, 31.277229533831981 ], [ 76.497337549935637, 31.270544763950916 ], [ 76.47954424720055, 31.308254236701799 ], [ 76.439687346415411, 31.279042317870427 ], [ 76.463812691230231, 31.30145984659287 ], [ 76.431746207862759, 31.326867793887111 ], [ 76.375167062062516, 31.437005483378147 ], [ 76.367801335771844, 31.403949872984345 ], [ 76.331095874123733, 31.401246967339272 ], [ 76.329618904557762, 31.378588025823188 ], [ 76.354450812971137, 31.344960845292611 ], [ 76.307579575393419, 31.34265503862802 ], [ 76.322615396057643, 31.32166601188225 ], [ 76.275747458890294, 31.300647796761886 ], [ 76.268955007769549, 31.313129006690009 ], [ 76.179803926235877, 31.306597398087074 ], [ 76.178803983645338, 31.340536622318375 ], [ 76.146869675693821, 31.359044314453104 ], [ 76.168621631103832, 31.409715540326253 ], [ 76.055165983669596, 31.605658912010952 ], [ 76.017721569665397, 31.632187283960793 ], [ 75.936668832757377, 31.815455386359979 ], [ 75.986479563658932, 31.817981912401212 ], [ 75.910385805596988, 31.950178965465454 ], [ 75.799633560755211, 31.993818647336788 ], [ 75.750796909947155, 32.037752495088718 ], [ 75.723438067589029, 32.033036059911048 ], [ 75.658189410339176, 32.07771261881151 ], [ 75.594744004241207, 32.070170057924507 ], [ 75.600862995579959, 32.093089195783087 ], [ 75.673079528755906, 32.158769917360871 ], [ 75.655745994562992, 32.197122778141356 ], [ 75.624234529903916, 32.190327405890358 ], [ 75.638794244365869, 32.221901696216186 ], [ 75.617882648531122, 32.236710786060343 ], [ 75.770571889910798, 32.288688745073095 ], [ 75.815233806387184, 32.330377336383023 ], [ 75.811228196975705, 32.348552614057922 ], [ 75.844170302386615, 32.355843083952493 ], [ 75.873497614043686, 32.395539582121579 ], [ 75.936494231707172, 32.397417937119997 ], [ 75.90177130248378, 32.452752083239538 ], [ 75.833321013628691, 32.513334633309924 ], [ 75.876149956395366, 32.550460425675155 ], [ 75.869539251524586, 32.56483592831519 ], [ 75.902015450204942, 32.592795258889609 ], [ 75.918606316609754, 32.6331747516967 ], [ 75.930477181186859, 32.631881179571643 ], [ 75.936536271065847, 32.648174367706233 ], [ 75.889347944362541, 32.653228818793821 ], [ 75.926120303549851, 32.745613765010617 ], [ 75.883822267811055, 32.812213077733837 ], [ 75.801353110482182, 32.885665273215032 ], [ 75.850054908894734, 32.929906871230358 ], [ 75.924559467268963, 32.906233656103964 ], [ 75.953959806568733, 32.87339032315753 ], [ 76.088125135511319, 32.956217320667484 ], [ 76.112328157648776, 33.006314186215278 ], [ 76.247456797681238, 33.021559867619118 ], [ 76.278436829797997, 33.037799989862314 ], [ 76.296046405497918, 33.060588035935979 ], [ 76.291825720542846, 33.103173202277539 ], [ 76.410113263956518, 33.186470984128078 ], [ 76.486782042614962, 33.179434698594065 ], [ 76.567441421633092, 33.210263245083674 ], [ 76.602621469368614, 33.206250547610274 ], [ 76.618487345931769, 33.174351567706879 ], [ 76.64632540715462, 33.162290712772503 ], [ 76.748301806966609, 33.179359873232819 ], [ 76.777358772435534, 33.21957095535484 ], [ 76.772738534808383, 33.249497021614978 ], [ 76.794123268811688, 33.255689683836209 ] ] ] } },
{ "type": "Feature", "properties": { "Name": "Punjab" }, "geometry": { "type": "Polygon", "coordinates": [ [ [ 75.838755805826267, 32.512694674373343 ], [ 75.90177130248378, 32.452752083239538 ], [ 75.934758506915202, 32.39338268648217 ], [ 75.873497614043686, 32.395539582121579 ], [ 75.844170302386615, 32.355843083952493 ], [ 75.811228196975705, 32.348552614057922 ], [ 75.815233806387184, 32.330377336383023 ], [ 75.770571889910798, 32.288688745073095 ], [ 75.617882648531122, 32.236710786060343 ], [ 75.638794244365869, 32.221901696216186 ], [ 75.624234529903916, 32.190327405890358 ], [ 75.655745994562992, 32.197122778141356 ], [ 75.673079528755906, 32.158769917360871 ], [ 75.600862995579959, 32.093089195783087 ], [ 75.59484394271486, 32.069872305741647 ], [ 75.658189410339176, 32.07771261881151 ], [ 75.723438067589029, 32.033036059911048 ], [ 75.750796909947155, 32.037752495088718 ], [ 75.799633560755211, 31.993818647336788 ], [ 75.910385805596988, 31.950178965465454 ], [ 75.986479563658932, 31.817981912401212 ], [ 75.936668832757377, 31.815455386359979 ], [ 76.017721569665397, 31.632187283960793 ], [ 76.055165983669596, 31.605658912010952 ], [ 76.168621631103832, 31.409715540326253 ], [ 76.146869675693821, 31.359044314453104 ], [ 76.178803983645338, 31.340536622318375 ], [ 76.179803926235877, 31.306597398087074 ], [ 76.268955007769549, 31.313129006690009 ], [ 76.275747458890294, 31.300647796761886 ], [ 76.322615396057643, 31.32166601188225 ], [ 76.307579575393419, 31.34265503862802 ], [ 76.354450812971137, 31.344960845292611 ], [ 76.329618904557762, 31.378588025823188 ], [ 76.331095874123733, 31.401246967339272 ], [ 76.367801335771844, 31.403949872984345 ], [ 76.373970352492165, 31.437226964932577 ], [ 76.431746207862759, 31.326867793887111 ], [ 76.463812691230231, 31.30145984659287 ], [ 76.439687346415411, 31.279042317870427 ], [ 76.47954424720055, 31.308254236701799 ], [ 76.497337549935637, 31.270544763950916 ], [ 76.527416738010771, 31.277229533831981 ], [ 76.523782281932, 31.258197586706263 ], [ 76.539327414124656, 31.261107611538723 ], [ 76.542907133158209, 31.282493228298005 ], [ 76.549194982617578, 31.252815857115717 ], [ 76.587731272798464, 31.274257257603118 ], [ 76.612158224275007, 31.24788980886283 ], [ 76.59320585497322, 31.21169393362959 ], [ 76.641787096779694, 31.222734272889976 ], [ 76.645406594112345, 31.209120097272418 ], [ 76.599995376687829, 31.178514646188983 ], [ 76.612402893019052, 31.148227376757653 ], [ 76.602025866572305, 31.123794660834335 ], [ 76.638603772839971, 31.10810409922421 ], [ 76.610974349833427, 31.045885746403055 ], [ 76.629080849293999, 31.023533185744615 ], [ 76.624726576771323, 30.998827974513169 ], [ 76.737175953882158, 30.949607693352792 ], [ 76.813985603648518, 30.843041094157119 ], [ 76.846687456433301, 30.833960128724886 ], [ 76.856974915456348, 30.794801793203348 ], [ 76.837757141598814, 30.754489271955666 ], [ 76.815029349888931, 30.752976585423564 ], [ 76.813179529174377, 30.780191765881483 ], [ 76.782651986551045, 30.770788534336226 ], [ 76.771493287466569, 30.795267692488213 ], [ 76.710207858011358, 30.760722452131407 ], [ 76.705163299363136, 30.742974478575988 ], [ 76.731080475945973, 30.723609479415146 ], [ 76.739301502591658, 30.692907872017944 ], [ 76.776606052499403, 30.670403440925167 ], [ 76.807273440354592, 30.667050003344297 ], [ 76.827307994807796, 30.682188155292273 ], [ 76.849847320869387, 30.656891533759172 ], [ 76.876432784734789, 30.680558174618614 ], [ 76.871205505164482, 30.642177343528189 ], [ 76.925998722026449, 30.610118258963663 ], [ 76.90964524262202, 30.591929949675844 ], [ 76.916150758366314, 30.553718067848092 ], [ 76.886487465114868, 30.549881532737153 ], [ 76.932005806637022, 30.522240034101785 ], [ 76.931133829058737, 30.500920703586662 ], [ 76.898945956346893, 30.488847914835933 ], [ 76.91226614573543, 30.46580002926617 ], [ 76.886419865991414, 30.429676079443194 ], [ 76.90653908666016, 30.435819915755694 ], [ 76.911189867006982, 30.399910434823877 ], [ 76.931901768252402, 30.40050378633395 ], [ 76.936729687390084, 30.385803103481273 ], [ 76.897516909206388, 30.35935103904654 ], [ 76.883352411248651, 30.408699536485685 ], [ 76.856114837860616, 30.417700469723886 ], [ 76.846776805566407, 30.438133243843673 ], [ 76.823373710731587, 30.411600349949893 ], [ 76.789608806910934, 30.415019821098493 ], [ 76.77723794992815, 30.441273546811161 ], [ 76.74103753281085, 30.426271214958522 ], [ 76.712832439725844, 30.390257008513533 ], [ 76.731228414100201, 30.379715676672955 ], [ 76.719897043546766, 30.363380619876654 ], [ 76.745405042907578, 30.367881902486531 ], [ 76.746079376750302, 30.349587518436465 ], [ 76.688579736261602, 30.327324557720644 ], [ 76.623416999275392, 30.264601866130821 ], [ 76.556663352209227, 30.262490153724062 ], [ 76.54804982107315, 30.222497656972898 ], [ 76.596104395899914, 30.255713431142052 ], [ 76.596230321736428, 30.237418180666907 ], [ 76.627378753833, 30.2240941046187 ], [ 76.615774285551709, 30.209060971055788 ], [ 76.653315954761837, 30.20109907419365 ], [ 76.656092309538479, 30.185253567990134 ], [ 76.63591440372889, 30.168636477084149 ], [ 76.62874207663404, 30.17945447084411 ], [ 76.645031694804942, 30.188852214788458 ], [ 76.614168525421775, 30.204488823358158 ], [ 76.599888958666014, 30.184744506192356 ], [ 76.642240015667838, 30.149685544759905 ], [ 76.546233641367706, 30.075884218296508 ], [ 76.511860899696558, 30.072029643360072 ], [ 76.504498173778927, 30.093876036661637 ], [ 76.462534290664564, 30.101069004412761 ], [ 76.45996643396704, 30.129497261885788 ], [ 76.428573202870695, 30.150605232342404 ], [ 76.440567510340884, 30.165894666617866 ], [ 76.422723121313936, 30.192292899268285 ], [ 76.387164099512873, 30.170646186565389 ], [ 76.410076708812667, 30.145088065783831 ], [ 76.391163071272686, 30.135069918769453 ], [ 76.400046605440437, 30.116720681076771 ], [ 76.362186010049967, 30.120172385808353 ], [ 76.350476342760672, 30.146885983639407 ], [ 76.333489458554482, 30.13821828287114 ], [ 76.360214795499488, 30.120221522992008 ], [ 76.321746537430016, 30.095111379791717 ], [ 76.207641517639814, 30.156601523915274 ], [ 76.22465784233286, 30.127097368656088 ], [ 76.216730864822324, 30.110092007970405 ], [ 76.253467425247251, 30.088972015957193 ], [ 76.213687818204107, 30.031701109985711 ], [ 76.232876844175934, 30.015985292960522 ], [ 76.209963211694998, 30.005168853255483 ], [ 76.171957395554003, 29.926323657019744 ], [ 76.187790400964275, 29.920680579755956 ], [ 76.193440397164579, 29.885672455017961 ], [ 76.246741206014079, 29.876004217590843 ], [ 76.243802513089165, 29.852458248136323 ], [ 76.22053638618236, 29.837896797437335 ], [ 76.197804036420706, 29.844811689174424 ], [ 76.17372414186768, 29.817959594629237 ], [ 76.145467419908357, 29.819129167085276 ], [ 76.123933738044386, 29.790960655260232 ], [ 76.098064377885834, 29.810657630813676 ], [ 76.043450102733473, 29.742746877270903 ], [ 76.0260839480177, 29.756202067053856 ], [ 75.984398443826748, 29.72715456353524 ], [ 75.938674997162266, 29.730713113459331 ], [ 75.906312589875569, 29.754059973685404 ], [ 75.870233061741004, 29.749348644366879 ], [ 75.837741584514291, 29.813062915919406 ], [ 75.805621032448144, 29.804773981251259 ], [ 75.778805675328513, 29.822395544846007 ], [ 75.756156497884078, 29.805047392370486 ], [ 75.720653309072887, 29.813581498093605 ], [ 75.706423639239588, 29.753229196531194 ], [ 75.677154531226421, 29.776614506676484 ], [ 75.642442101512046, 29.77512754356091 ], [ 75.62978322578455, 29.749957361759485 ], [ 75.580052173652092, 29.73947354522933 ], [ 75.562099723584623, 29.770268834768256 ], [ 75.52302005416648, 29.758445492142634 ], [ 75.518587803385557, 29.775857519316869 ], [ 75.459522334677899, 29.807558498982871 ], [ 75.453958370132398, 29.782048782858279 ], [ 75.406291714794804, 29.761297131856104 ], [ 75.392244688628423, 29.713328681892701 ], [ 75.345708048341223, 29.696047277067407 ], [ 75.36014776674584, 29.662642949754314 ], [ 75.333743363715854, 29.673519725732678 ], [ 75.316568713648948, 29.630662879042667 ], [ 75.295715691563956, 29.625079745223015 ], [ 75.289669558984627, 29.607857147156938 ], [ 75.319918605903609, 29.587458495652129 ], [ 75.309450357336374, 29.56087975918857 ], [ 75.235350834052355, 29.542114347157188 ], [ 75.221705034119452, 29.580324773361529 ], [ 75.235362461845384, 29.603109552296122 ], [ 75.183051857848724, 29.628440432425215 ], [ 75.187600621020309, 29.651839443250321 ], [ 75.167544500712083, 29.670221532858207 ], [ 75.20678045453181, 29.687554110680555 ], [ 75.200620874613563, 29.726521862450575 ], [ 75.210316952922113, 29.738848641527053 ], [ 75.2263305026365, 29.728918469922938 ], [ 75.241588219752302, 29.75468262075854 ], [ 75.226285992910803, 29.789185554724011 ], [ 75.208542199924281, 29.793198343722771 ], [ 75.210658321713211, 29.832450042753468 ], [ 75.191468689378596, 29.841283595766519 ], [ 75.164047200309184, 29.824139640044532 ], [ 75.155466223220728, 29.77693186104084 ], [ 75.135087183720685, 29.80733756397111 ], [ 75.100730319772168, 29.806827912585959 ], [ 75.118866939744223, 29.831996511269935 ], [ 75.089734379247489, 29.858667177463733 ], [ 75.114714632751941, 29.878700607090746 ], [ 75.088775666633552, 29.91723728525087 ], [ 75.069960536551008, 29.877096634707478 ], [ 75.046954068575346, 29.885125230612349 ], [ 75.02250829110541, 29.866302403911828 ], [ 74.990924727661621, 29.867725164857994 ], [ 74.926747812648003, 29.950296680473116 ], [ 74.897289265212763, 29.939452635230698 ], [ 74.887981187241735, 29.967171383286917 ], [ 74.855382835649024, 29.956404043673221 ], [ 74.8210224494063, 29.9709727112166 ], [ 74.812445260513357, 29.992376083016076 ], [ 74.731405437785881, 29.961512475515722 ], [ 74.706653893556151, 29.976938548216062 ], [ 74.651613169273844, 29.926522145015824 ], [ 74.646852874412403, 29.904386790558931 ], [ 74.596699375144539, 29.912310918173311 ], [ 74.53175490900945, 29.94924058811667 ], [ 73.894696732632269, 29.973884942898803 ], [ 73.88627212798022, 30.012121569353706 ], [ 73.904029036369892, 30.050083762009649 ], [ 73.975136193289075, 30.120073821538881 ], [ 73.95977205815143, 30.27018343154084 ], [ 73.930864842738657, 30.320074190550354 ], [ 73.879773690960377, 30.359727739063018 ], [ 73.973785769397168, 30.443830164407007 ], [ 73.926256471856405, 30.438936002580824 ], [ 73.934397272659055, 30.490148070820972 ], [ 73.964127429313706, 30.456481859861945 ], [ 73.963655706890009, 30.484857942477625 ], [ 73.981988961789554, 30.504024178055193 ], [ 74.019986764059922, 30.514176020706259 ], [ 74.012024522284605, 30.533598214484211 ], [ 74.031007824174864, 30.526932661662649 ], [ 74.039218150088956, 30.542623111604026 ], [ 74.057304195808811, 30.518695434916701 ], [ 74.072277651832735, 30.522915384601429 ], [ 74.090945663024613, 30.549427243411134 ], [ 74.073418099916879, 30.554682575000836 ], [ 74.102126117508632, 30.579237651476081 ], [ 74.096034730500222, 30.611612959283502 ], [ 74.118063375102594, 30.607912087541866 ], [ 74.127359588125358, 30.634802123165265 ], [ 74.147817876101428, 30.631066292994888 ], [ 74.193319368822131, 30.665180042120799 ], [ 74.232655599780372, 30.724562154798431 ], [ 74.286457985663745, 30.73570160841351 ], [ 74.260171437107459, 30.773100776747274 ], [ 74.301964959219745, 30.779374534438819 ], [ 74.294873293650895, 30.794512717135969 ], [ 74.320382978251203, 30.846632236172869 ], [ 74.382086785473561, 30.860439678029319 ], [ 74.360763623796444, 30.873709494240778 ], [ 74.365903160421354, 30.89293821348857 ], [ 74.422715737939754, 30.907784440860102 ], [ 74.410333192078483, 30.923495159189525 ], [ 74.428744542017256, 30.931231243540807 ], [ 74.413863104919429, 30.929654454953639 ], [ 74.416402627854623, 30.940340329121515 ], [ 74.546157314092085, 30.992422092930799 ], [ 74.542475549137222, 31.01737426618282 ], [ 74.568231559873212, 31.054694689886592 ], [ 74.596797524174178, 31.037668299108116 ], [ 74.671159098602971, 31.053633121333984 ], [ 74.695928256100473, 31.07416537867892 ], [ 74.68910106622937, 31.128026459657011 ], [ 74.658966171826819, 31.133976876252746 ], [ 74.636229537999597, 31.118264772868017 ], [ 74.630874941102419, 31.132716071012229 ], [ 74.603048279500484, 31.133606600125205 ], [ 74.610665120845709, 31.099301681174488 ], [ 74.571266429127419, 31.081427555067094 ], [ 74.551494346230569, 31.086390909088195 ], [ 74.548352849647102, 31.121933081309166 ], [ 74.510361084055461, 31.131906675123616 ], [ 74.525961070972613, 31.211772295518735 ], [ 74.517005127203049, 31.227925232862173 ], [ 74.532728525572267, 31.249696650226195 ], [ 74.520600556872623, 31.268927939636409 ], [ 74.542024357709366, 31.303780311589822 ], [ 74.526332288085683, 31.31197847610084 ], [ 74.548859830047363, 31.334830888571815 ], [ 74.551650843532855, 31.364357828804103 ], [ 74.583479833000453, 31.379044765276049 ], [ 74.602457778236698, 31.420515176462146 ], [ 74.654608013192231, 31.426013922398685 ], [ 74.638592891426057, 31.444383804273158 ], [ 74.652135621358241, 31.457306917426678 ], [ 74.627544140742501, 31.476907509511275 ], [ 74.636476681602261, 31.484768228553691 ], [ 74.609765379935226, 31.499875938845218 ], [ 74.587281966813521, 31.496296732050265 ], [ 74.575210655757189, 31.501171704697079 ], [ 74.584329619496302, 31.520927903201418 ], [ 74.612896062599276, 31.52734617485056 ], [ 74.615598129396901, 31.568988843290985 ], [ 74.555314383467248, 31.607846109423701 ], [ 74.534958487263893, 31.677604433930288 ], [ 74.486594208361481, 31.715004646862162 ], [ 74.503701580003479, 31.740483335424475 ], [ 74.55940462046668, 31.757885552104209 ], [ 74.557903527542095, 31.804775462912641 ], [ 74.607859885232642, 31.890391676120451 ], [ 74.636306742808387, 31.884227501106203 ], [ 74.666702997551255, 31.922740184172628 ], [ 74.719236732284728, 31.923695414307257 ], [ 74.720162779460011, 31.941433613262362 ], [ 74.756569921382038, 31.943705583714369 ], [ 74.755591114353521, 31.955759919305166 ], [ 74.819097802621854, 31.95875519884687 ], [ 74.828870687785511, 31.998622377176158 ], [ 74.879975764349027, 32.032045480683777 ], [ 74.86891864316361, 32.041615552528548 ], [ 74.879547626386284, 32.053802552606378 ], [ 74.927955626293596, 32.066465470513464 ], [ 75.012362284400282, 32.03575113809358 ], [ 75.068699074618337, 32.0671966816587 ], [ 75.104893051713333, 32.05857542550725 ], [ 75.122903071214068, 32.081387781650406 ], [ 75.174241217474687, 32.067474332523588 ], [ 75.198495122884765, 32.082676707327536 ], [ 75.202455493138515, 32.120243097642572 ], [ 75.215824442182367, 32.121109643783377 ], [ 75.223701563194595, 32.098168349126382 ], [ 75.235438606642163, 32.103510087198316 ], [ 75.231414954568223, 32.091616270625053 ], [ 75.261307352353072, 32.101386292762221 ], [ 75.285352370713525, 32.151500452816407 ], [ 75.322417891500535, 32.179504235936257 ], [ 75.316378621151657, 32.208042667480051 ], [ 75.372432101593716, 32.226058816841096 ], [ 75.381852852555895, 32.268959836482814 ], [ 75.320494250829242, 32.29739569487041 ], [ 75.341430428163406, 32.346100283868914 ], [ 75.430399524495257, 32.315905182089566 ], [ 75.489166514475031, 32.345999809711763 ], [ 75.482121066329256, 32.320444046872588 ], [ 75.512119426690063, 32.307941178742496 ], [ 75.509328161676322, 32.283758437789601 ], [ 75.533447815663834, 32.277659767008522 ], [ 75.539501791433921, 32.336231889715037 ], [ 75.5598039701799, 32.357132868010503 ], [ 75.722514401847619, 32.405457843217562 ], [ 75.728450829469494, 32.432506124365936 ], [ 75.743764329269482, 32.432040137555823 ], [ 75.728546067957595, 32.452693981799563 ], [ 75.776812365815317, 32.46501853829438 ], [ 75.838755805826267, 32.512694674373343 ] ] ] } },
{ "type": "Feature", "properties": { "Name": "Rajasthan" }, "geometry": { "type": "Polygon", "coordinates": [ [ [ 73.972664334156022, 30.198004000387908 ], [ 73.975136193289075, 30.120073821538881 ], [ 73.904029036369892, 30.050083762009649 ], [ 73.88627212798022, 30.012121569353706 ], [ 73.894696732632269, 29.973884942898803 ], [ 74.52717093277704, 29.942828257521072 ], [ 74.510031197530282, 29.908236327214862 ], [ 74.54363263042714, 29.901481722989384 ], [ 74.561047614866823, 29.869686887925862 ], [ 74.539128765053448, 29.840635094768558 ], [ 74.485093846665507, 29.815058349919145 ], [ 74.473792341502019, 29.768386342761755 ], [ 74.480380984647709, 29.743539415306291 ], [ 74.575897687286485, 29.748351583298092 ], [ 74.587278355586108, 29.766948455651868 ], [ 74.616102688837486, 29.752198879389905 ], [ 74.574942334371727, 29.564364556350942 ], [ 74.621866433312306, 29.522288597349984 ], [ 74.584621368046058, 29.458543650812455 ], [ 74.543316673178751, 29.467942762271733 ], [ 74.534627848848814, 29.447754474980353 ], [ 74.536593041093624, 29.424591434887923 ], [ 74.566383820555217, 29.420526867239836 ], [ 74.602879265073057, 29.364951698472787 ], [ 74.599257982787918, 29.327501460127067 ], [ 74.654482694616846, 29.332974546569162 ], [ 74.65820148992438, 29.372008874055183 ], [ 74.762178164786235, 29.354419254332221 ], [ 74.850527203484802, 29.40364893799077 ], [ 74.938262709014012, 29.362079260301744 ], [ 74.960869811167157, 29.320299305699944 ], [ 74.94838489599104, 29.301517905520626 ], [ 74.96114510168259, 29.280624768888181 ], [ 74.998648517034653, 29.270730659191766 ], [ 75.05000185380672, 29.28618946579687 ], [ 75.07551910671323, 29.229734227501609 ], [ 75.119583091061756, 29.222905048432697 ], [ 75.124362420325738, 29.239913608449964 ], [ 75.162809408085948, 29.244060269157885 ], [ 75.187997170624385, 29.268305286831627 ], [ 75.210122664394149, 29.234691332548952 ], [ 75.238374200379326, 29.230281037218813 ], [ 75.244846866530295, 29.250173050057054 ], [ 75.284090019448712, 29.248898247471981 ], [ 75.288334154924286, 29.273393771748076 ], [ 75.322941017321426, 29.289513029794858 ], [ 75.341515848963795, 29.281275005414706 ], [ 75.328102124292926, 29.235356606117531 ], [ 75.349824427213719, 29.223813951525365 ], [ 75.378955373437904, 29.256900755694545 ], [ 75.410505505180083, 29.255723037231569 ], [ 75.396807411619534, 29.217576256936272 ], [ 75.414365265020308, 29.184349142284582 ], [ 75.381279589962389, 29.168930365176216 ], [ 75.371480963574271, 29.138132962507022 ], [ 75.402149867785653, 29.127929905829351 ], [ 75.391242163381449, 29.062750025174427 ], [ 75.441812204260046, 29.057560030885718 ], [ 75.445708100629219, 29.008336156180736 ], [ 75.52180444404253, 29.003908602952073 ], [ 75.527401539354059, 28.971047645760709 ], [ 75.511539889364315, 28.942104280633231 ], [ 75.473372320776605, 28.923424328268016 ], [ 75.496520083864979, 28.896358296247058 ], [ 75.498445766406945, 28.848999427452764 ], [ 75.520222982442732, 28.83403926896608 ], [ 75.503447130463059, 28.782444205893587 ], [ 75.530342011841554, 28.747476641707063 ], [ 75.542990379076841, 28.750436429128662 ], [ 75.530433167486692, 28.738294984262453 ], [ 75.56149782629312, 28.613256731392632 ], [ 75.62168650710953, 28.60210810872821 ], [ 75.633454964642567, 28.54448361769651 ], [ 75.665780628139217, 28.536032798883245 ], [ 75.70195984860905, 28.491811934205661 ], [ 75.739454433521871, 28.484804349980966 ], [ 75.73565085881107, 28.468881246727577 ], [ 75.788278356100619, 28.453593977153989 ], [ 75.766700018085601, 28.41426518330849 ], [ 75.776765429740053, 28.40044940736091 ], [ 75.819042578750185, 28.409874642232356 ], [ 75.918234233520764, 28.372033837728445 ], [ 75.957844882730342, 28.313848474684253 ], [ 75.972493958003454, 28.318600803727144 ], [ 75.986214663956389, 28.293144724944479 ], [ 76.026323366108883, 28.275057250888313 ], [ 76.016138562963278, 28.236981581121373 ], [ 76.055966960204444, 28.220302773074419 ], [ 76.047360091872847, 28.198165703650673 ], [ 76.071934113731075, 28.194355841657853 ], [ 76.095447589954759, 28.150887426717514 ], [ 76.074695164808574, 28.137156617627038 ], [ 76.07063478152098, 28.165164159033235 ], [ 76.031797553923241, 28.167882062079684 ], [ 76.007487643945069, 28.153168614181627 ], [ 75.998994531972841, 28.122796664757484 ], [ 75.945609804306102, 28.107187862602768 ], [ 75.938620171183857, 28.087963091503358 ], [ 75.983434362880658, 28.08137283607218 ], [ 75.984423640672119, 28.047109810418114 ], [ 76.023213638445469, 28.086020075249369 ], [ 76.0407953259474, 28.07407397544436 ], [ 76.025354702856575, 28.054261245507444 ], [ 76.008301477168288, 28.058416878745955 ], [ 76.016417164668866, 28.030522120387982 ], [ 75.994620719296094, 28.038537796549392 ], [ 75.972730954236667, 28.023657059934322 ], [ 75.995536259775804, 28.006913320013116 ], [ 75.989931267374629, 27.994718037947408 ], [ 75.966741577216979, 28.000056139029088 ], [ 75.965818039036336, 27.983634338494838 ], [ 75.999955590087993, 27.977602112228499 ], [ 75.972709525823873, 27.932690148447659 ], [ 75.951682585408335, 27.947745959821919 ], [ 75.932397083968269, 27.930163767503021 ], [ 75.938314450238153, 27.914106697991272 ], [ 75.987484264625508, 27.904186071783212 ], [ 75.971372614390503, 27.85199019605367 ], [ 76.048080034979193, 27.835007332116557 ], [ 76.085655868916191, 27.844727110533974 ], [ 76.088886835007017, 27.860579372377273 ], [ 76.123330948725823, 27.851050085785801 ], [ 76.13226596085093, 27.824500739445849 ], [ 76.174965079991054, 27.798092768066248 ], [ 76.199597324357782, 27.821580835338896 ], [ 76.217328000144505, 27.816832886874529 ], [ 76.225382219523468, 27.833526104587968 ], [ 76.193806507355234, 27.859530945445933 ], [ 76.201469521207727, 27.892565043068096 ], [ 76.16815971828305, 27.903402904818407 ], [ 76.186639221605787, 27.965501347594927 ], [ 76.15778124465038, 27.989002809770632 ], [ 76.17689069246444, 28.021572230410268 ], [ 76.214740383205665, 28.026607168509646 ], [ 76.180405503727116, 28.054545065510947 ], [ 76.238001493021642, 28.049733105532269 ], [ 76.260961511808873, 28.067556416983461 ], [ 76.29355744423853, 28.049228075558183 ], [ 76.29897687793968, 28.022730318151101 ], [ 76.31895043319183, 28.01554965834967 ], [ 76.34231233398269, 28.030590279156645 ], [ 76.355605463419877, 28.070749021047085 ], [ 76.301442086844659, 28.097889867435427 ], [ 76.336591689776853, 28.102623871172344 ], [ 76.359860352627734, 28.124940687239231 ], [ 76.297585278868425, 28.149137207319413 ], [ 76.304560209264437, 28.159350466605556 ], [ 76.280708935052857, 28.165557101480424 ], [ 76.292264016654798, 28.179242983213069 ], [ 76.345240297429839, 28.169428168809052 ], [ 76.380725943940163, 28.133431325937458 ], [ 76.475723763501151, 28.148610409211699 ], [ 76.472044300928331, 28.13510153076442 ], [ 76.501810560874247, 28.118883016908537 ], [ 76.499349766290592, 28.099686999632674 ], [ 76.463676238935221, 28.108987084617443 ], [ 76.447827609127202, 28.088985311414412 ], [ 76.501523952484547, 28.060087659246065 ], [ 76.461505942446465, 28.058687789221647 ], [ 76.454656953158334, 28.042349292643259 ], [ 76.543807854130677, 28.034244409136246 ], [ 76.535936925205661, 27.979554828248581 ], [ 76.548125449338613, 27.963876190078164 ], [ 76.588765032467862, 27.99798898234603 ], [ 76.668147238018989, 28.013866646202178 ], [ 76.654377580171342, 28.034721684683472 ], [ 76.657144141514763, 28.08920820206658 ], [ 76.687344159283839, 28.087692758886877 ], [ 76.715743272300557, 28.1277731835944 ], [ 76.743549775707464, 28.121063780865558 ], [ 76.762437257001309, 28.142672039955688 ], [ 76.794803103937241, 28.148431689830517 ], [ 76.80839104158612, 28.210906492255059 ], [ 76.874891952138668, 28.21780732889674 ], [ 76.870985567938519, 28.206627151901859 ], [ 76.906757274866266, 28.200347584242316 ], [ 76.891614940958803, 28.190329683301748 ], [ 76.906529839402637, 28.171923488435482 ], [ 76.97053980162238, 28.138465758126294 ], [ 76.930783780745344, 27.993572072307323 ], [ 76.931514021239806, 27.922662574586656 ], [ 76.951601125340474, 27.918339391351804 ], [ 76.950554342794391, 27.895956175365018 ], [ 76.937635114636322, 27.896535694165859 ], [ 76.94229423224732, 27.842931379468883 ], [ 76.935677488002852, 27.829123222046601 ], [ 76.91420021764381, 27.833417487160659 ], [ 76.918979768791658, 27.804453521772619 ], [ 76.892395700908196, 27.733493507992989 ], [ 76.924438500193219, 27.699956425481584 ], [ 76.889586913356538, 27.700785850668595 ], [ 76.910543706128166, 27.654708938462434 ], [ 76.943072639508969, 27.673850121662763 ], [ 76.979087473671711, 27.653631748572757 ], [ 77.000089723891691, 27.737004463650507 ], [ 77.036465273861836, 27.748646439876417 ], [ 77.059625119290729, 27.726518499943793 ], [ 77.085653323151121, 27.738124272914323 ], [ 77.076210760195522, 27.766412020357304 ], [ 77.026568661039121, 27.779274641617537 ], [ 77.044790228399393, 27.821851176486422 ], [ 77.108471400038653, 27.786345622640031 ], [ 77.122844133767472, 27.793493537796095 ], [ 77.135211998462026, 27.775954897753515 ], [ 77.158545904155361, 27.788214845068552 ], [ 77.159504003219979, 27.817204242358329 ], [ 77.189603125809583, 27.809856839325043 ], [ 77.169089995685397, 27.791767252249809 ], [ 77.177017352284949, 27.786336565074127 ], [ 77.198562783214527, 27.799691209313664 ], [ 77.202066289179371, 27.824627141671947 ], [ 77.236694131729962, 27.785385018948464 ], [ 77.268750840528838, 27.814973466891736 ], [ 77.302856069298244, 27.794068682082806 ], [ 77.319444801305949, 27.73668491619274 ], [ 77.303925574729433, 27.710804653461231 ], [ 77.341143999557616, 27.703382752305323 ], [ 77.352576353325432, 27.651252565265867 ], [ 77.317052395464842, 27.606766495665294 ], [ 77.358211338677293, 27.588975533554351 ], [ 77.337265963492911, 27.569775739336613 ], [ 77.349156931467761, 27.543166870447806 ], [ 77.339986073851335, 27.526634039004428 ], [ 77.387384298208985, 27.512907025520693 ], [ 77.401542043530768, 27.476518566122323 ], [ 77.437807559760046, 27.456332236264213 ], [ 77.421095445046419, 27.422031664368635 ], [ 77.43997019721273, 27.390343916354922 ], [ 77.507182218635748, 27.377103363346698 ], [ 77.57877761081015, 27.322676816110043 ], [ 77.622704053207187, 27.33619853625547 ], [ 77.621892819708407, 27.313061109016918 ], [ 77.598661649842555, 27.297216971392736 ], [ 77.616823207046906, 27.286462622044322 ], [ 77.616423804393477, 27.257814888204905 ], [ 77.652815698311883, 27.23485494775101 ], [ 77.646708762364227, 27.210230494237035 ], [ 77.681125086699694, 27.19441581145955 ], [ 77.658396996749133, 27.170117849516245 ], [ 77.619951050136365, 27.173562330032908 ], [ 77.597839074214988, 27.118011506929562 ], [ 77.517734641141701, 27.102471227990378 ], [ 77.50543659261271, 27.092309501405985 ], [ 77.526352442868657, 27.084630761492633 ], [ 77.519339388870335, 27.066630996355482 ], [ 77.571683626689577, 27.071879707546763 ], [ 77.563201502909905, 27.029381867488656 ], [ 77.579185367795716, 27.038218157539561 ], [ 77.630022183160889, 27.01021847149314 ], [ 77.642209075953232, 27.025677065893813 ], [ 77.66557774914304, 27.017263042166455 ], [ 77.679760914092398, 27.047094612488571 ], [ 77.711935504314425, 26.997115533863024 ], [ 77.730053749247361, 26.993899074015268 ], [ 77.737681404511932, 27.029762028541644 ], [ 77.75951297401231, 27.017995367311666 ], [ 77.74346901812217, 26.983176843569883 ], [ 77.676241172875407, 26.973230727858382 ], [ 77.672161517131684, 26.959980555123121 ], [ 77.660877201231145, 26.971229091485085 ], [ 77.583190470557369, 26.924171494147306 ], [ 77.490249432772586, 26.900501948929506 ], [ 77.427276387800433, 26.864097091707119 ], [ 77.422111157561773, 26.840978415539649 ], [ 77.445851983909108, 26.814677172278579 ], [ 77.432678160623098, 26.767847755404915 ], [ 77.454370399626285, 26.778018906202011 ], [ 77.470362353841267, 26.764666471616778 ], [ 77.454556093971917, 26.741882867629521 ], [ 77.502555681123482, 26.768743733874825 ], [ 77.487458924140284, 26.788163926709483 ], [ 77.501165383711069, 26.844464401411905 ], [ 77.520705979742374, 26.841530920918508 ], [ 77.525679350497626, 26.818881615467568 ], [ 77.608364147512148, 26.839130766133291 ], [ 77.610332428164867, 26.82858712953395 ], [ 77.686645451512902, 26.875259600689706 ], [ 77.722604406871724, 26.874328342326852 ], [ 77.724912720520734, 26.910392067595634 ], [ 77.760593744317148, 26.932631779513184 ], [ 77.850237682938229, 26.912839123095534 ], [ 77.896484586003552, 26.884007531298227 ], [ 77.908897422157864, 26.890627780872467 ], [ 77.906355696553646, 26.917788953558901 ], [ 77.948401076627221, 26.89358757855333 ], [ 78.014582558841155, 26.902921085955786 ], [ 78.035472413649416, 26.870804756106104 ], [ 78.026470290186055, 26.849543715568633 ], [ 78.055970289481763, 26.868401229098552 ], [ 78.048803027986793, 26.910142574095417 ], [ 78.111194279963485, 26.89588680582731 ], [ 78.101756616419465, 26.917838388994955 ], [ 78.121813914419008, 26.922588633039705 ], [ 78.111771372973379, 26.939768555499171 ], [ 78.124507309779204, 26.949294928695885 ], [ 78.210133394053187, 26.931235452481136 ], [ 78.224200529905474, 26.946471382585074 ], [ 78.238617970989367, 26.926654348611741 ], [ 78.254956562614595, 26.935319783230359 ], [ 78.27225509844402, 26.919195070796672 ], [ 78.232642107326527, 26.874285311047114 ], [ 78.208618565887875, 26.868871833900059 ], [ 78.196977493953725, 26.882185514392187 ], [ 78.222954926830838, 26.830634506337173 ], [ 78.169206028436122, 26.821544310016066 ], [ 78.184061225744472, 26.784045471841708 ], [ 78.10610374104742, 26.789999734707969 ], [ 78.102731563387209, 26.763970485785375 ], [ 78.123535073028677, 26.746999722851694 ], [ 78.095926611310958, 26.727810397989778 ], [ 78.092670045929481, 26.676263817528646 ], [ 78.000609102899929, 26.694941003560658 ], [ 77.953570936782882, 26.659229320146629 ], [ 77.90360052584802, 26.658976893585507 ], [ 77.89457269080458, 26.615194982544928 ], [ 77.827320541637789, 26.596046192751935 ], [ 77.82363766546689, 26.550460220138977 ], [ 77.744748181357494, 26.538247637737655 ], [ 77.726258023117197, 26.50210878441159 ], [ 77.675536048377964, 26.503029998120002 ], [ 77.538357262424299, 26.411353284286612 ], [ 77.437605099257965, 26.403427106453712 ], [ 77.444346756937591, 26.361595133656206 ], [ 77.367359662953177, 26.363842992996677 ], [ 77.329412419663626, 26.342962215173252 ], [ 77.271401889306532, 26.267942445771386 ], [ 77.212689744169808, 26.233806794140342 ], [ 77.136283835919699, 26.233819260466493 ], [ 77.09726303400042, 26.183655153283997 ], [ 77.030025158165159, 26.171747057967099 ], [ 76.99898200772158, 26.130088920909802 ], [ 76.900632534309651, 26.092813664061193 ], [ 76.88533568298682, 26.047982982292044 ], [ 76.807117343700966, 25.989979237040181 ], [ 76.790963822990548, 25.943156341186885 ], [ 76.748712663139898, 25.940953408245093 ], [ 76.758105465716937, 25.922568182373158 ], [ 76.715718498561628, 25.900723731970885 ], [ 76.641886808877928, 25.907972289240334 ], [ 76.621445284363332, 25.869281104065713 ], [ 76.58224772453886, 25.870243741980847 ], [ 76.520704240543566, 25.792533052215838 ], [ 76.522176224459713, 25.728373385542373 ], [ 76.473103761398008, 25.709226607891516 ], [ 76.479156022284215, 25.684481591887199 ], [ 76.504105898358972, 25.670887478781168 ], [ 76.51635606039514, 25.527607676421972 ], [ 76.555400819484717, 25.483042350833752 ], [ 76.55581917479401, 25.452592731486376 ], [ 76.587622166119019, 25.431831338391373 ], [ 76.598495787543001, 25.392348050207211 ], [ 76.623410914087671, 25.376772303809769 ], [ 76.640194910193713, 25.38354290688595 ], [ 76.669481644949386, 25.349107572987919 ], [ 76.700451577307419, 25.351552563240819 ], [ 76.729312635484263, 25.328571997525884 ], [ 76.777692466919191, 25.315496192722183 ], [ 76.8572079186781, 25.332741462640449 ], [ 76.899086343262852, 25.324216976160088 ], [ 76.929465278487058, 25.302953463779023 ], [ 76.92327788223605, 25.285430470933601 ], [ 76.943049754927117, 25.282173943216119 ], [ 76.973625500250307, 25.300356904128332 ], [ 77.03143493734116, 25.294563026205616 ], [ 77.045660710282746, 25.319391685881598 ], [ 77.070015800129795, 25.318773596507469 ], [ 77.083515536692488, 25.336738798443282 ], [ 77.209169542117081, 25.306184741225543 ], [ 77.205576669052789, 25.326536008686546 ], [ 77.223201325669706, 25.318787103736188 ], [ 77.234404309002741, 25.333674572316113 ], [ 77.224315685779672, 25.335383469168935 ], [ 77.23422117036408, 25.378921456346713 ], [ 77.291233985054234, 25.422744361517367 ], [ 77.314143404436493, 25.4314169601925 ], [ 77.370916794747217, 25.408389261945139 ], [ 77.350925932552812, 25.385283238262691 ], [ 77.366681631644695, 25.360622062349652 ], [ 77.342150166574754, 25.321758571362412 ], [ 77.376329771358115, 25.318169663336072 ], [ 77.381009389422189, 25.292471972724066 ], [ 77.355201655488756, 25.263537402237962 ], [ 77.411498619797001, 25.223946741145014 ], [ 77.426533543942526, 25.18798195833465 ], [ 77.400264250226229, 25.183901690379269 ], [ 77.3932433512405, 25.159571764366454 ], [ 77.390653802025497, 25.123111101236486 ], [ 77.406576727897416, 25.111713148375724 ], [ 77.393075221653604, 25.119415009425694 ], [ 77.311194247036809, 25.079745624560029 ], [ 77.269505891593127, 25.116036665225661 ], [ 77.174575595697107, 25.111734972120459 ], [ 77.166907802807316, 25.084898477816182 ], [ 77.147975069779349, 25.095316533592605 ], [ 77.122753806369019, 25.066909228593452 ], [ 77.085300636485755, 25.055113346829383 ], [ 77.000254851308881, 25.074872104864056 ], [ 76.96788477779954, 25.050800577273144 ], [ 76.876152888556888, 25.041548343866271 ], [ 76.875328915150732, 25.007332013665824 ], [ 76.856856612723305, 25.002483219513266 ], [ 76.861923242978108, 24.961381376296046 ], [ 76.890191945768379, 24.919400438573806 ], [ 76.920117450963033, 24.916588566725395 ], [ 76.912443575580426, 24.888246019042246 ], [ 76.949616365992156, 24.869385707468599 ], [ 76.897734007756057, 24.838613525413585 ], [ 76.824365640349782, 24.836222261069153 ], [ 76.79995694443646, 24.824697121585196 ], [ 76.802606965541429, 24.809306058385733 ], [ 76.856120757758333, 24.742486238093672 ], [ 76.890567240334491, 24.746895812102036 ], [ 76.906889713488582, 24.731487895167898 ], [ 76.95437928393423, 24.75951185585939 ], [ 76.998844903249676, 24.71785470593581 ], [ 77.03065678160776, 24.71222460899563 ], [ 77.065101401976349, 24.643844446246046 ], [ 77.071317682657025, 24.572453862765396 ], [ 77.054738329959207, 24.526460056110945 ], [ 77.036890988169901, 24.528087990686721 ], [ 77.028972806962642, 24.496079630004967 ], [ 76.977814389335919, 24.461257594290185 ], [ 76.918434804027925, 24.480718150208432 ], [ 76.917596645325105, 24.543407519536395 ], [ 76.90169958374689, 24.545873222332997 ], [ 76.884124193435099, 24.521544543963014 ], [ 76.862934785513886, 24.549612914145065 ], [ 76.816393144305508, 24.533642210189075 ], [ 76.853241492881011, 24.466970113838659 ], [ 76.837503275004593, 24.40855387836331 ], [ 76.851781662272387, 24.370732393123916 ], [ 76.832399642244937, 24.358111991628444 ], [ 76.84148602947856, 24.322541183680123 ], [ 76.863038994578403, 24.273144005349927 ], [ 76.94713230953424, 24.201042559768808 ], [ 76.935483411477307, 24.183889987402178 ], [ 76.916102521530505, 24.187734036481917 ], [ 76.900743056734015, 24.127237715177102 ], [ 76.854625563171879, 24.135729372155467 ], [ 76.801964911760123, 24.116575647718918 ], [ 76.756338994287745, 24.169112194000327 ], [ 76.698841246549335, 24.168409640410591 ], [ 76.675966782411436, 24.190925872474939 ], [ 76.702196897903278, 24.241430596546763 ], [ 76.695426031502166, 24.28431263581961 ], [ 76.666509495170004, 24.262407808175816 ], [ 76.616429352328254, 24.257852499087377 ], [ 76.611183319528081, 24.238355695102577 ], [ 76.584753472615986, 24.243779138803461 ], [ 76.594967615637088, 24.222853908945776 ], [ 76.564115418276813, 24.191204824903835 ], [ 76.576779995611389, 24.177829149332982 ], [ 76.527628046918423, 24.157046737246041 ], [ 76.504820454268568, 24.203139413244575 ], [ 76.470534315580721, 24.225985796804682 ], [ 76.452107884724967, 24.209134720250638 ], [ 76.416353844963936, 24.220717687793218 ], [ 76.412564334277235, 24.200288746075604 ], [ 76.357558042419768, 24.239756629071607 ], [ 76.32173723986682, 24.245453950249516 ], [ 76.287323080471197, 24.229957245729938 ], [ 76.281193389299077, 24.206826170223756 ], [ 76.239927513330144, 24.218881691221174 ], [ 76.212444585783516, 24.209845138596481 ], [ 76.19457190431666, 24.273189446140393 ], [ 76.204709423738976, 24.300901291204287 ], [ 76.185407876591313, 24.329353091014525 ], [ 76.162490959869714, 24.284746307217059 ], [ 76.136648058689531, 24.270919553559366 ], [ 76.148261862263269, 24.231616606078067 ], [ 76.117425055738721, 24.194182527426758 ], [ 76.127062965437702, 24.088065588238489 ], [ 76.04208478746915, 24.065966112236989 ], [ 76.00936512288888, 24.024407669355234 ], [ 75.963435650308966, 24.018702208999059 ], [ 75.984884317411073, 23.973730692083883 ], [ 75.981343530463604, 23.928964769295728 ], [ 75.937495154359681, 23.896684079120401 ], [ 75.886179772306718, 23.879040031252629 ], [ 75.853184634852994, 23.887591954415548 ], [ 75.79380075469966, 23.867081817003985 ], [ 75.782072094330346, 23.848845285395178 ], [ 75.765587139297537, 23.850661058570239 ], [ 75.752749494336925, 23.887296056579853 ], [ 75.706007607871939, 23.899317540532781 ], [ 75.701683251044855, 23.872868394112 ], [ 75.736552740406864, 23.856537876270661 ], [ 75.71922773481927, 23.841288249964759 ], [ 75.721618391640504, 23.811905599547948 ], [ 75.690135364050036, 23.813446351186364 ], [ 75.701811612214115, 23.786458540882656 ], [ 75.686904669250438, 23.755384376667852 ], [ 75.654408807346812, 23.798363405772573 ], [ 75.583520537523015, 23.794778400252884 ], [ 75.589116061681111, 23.809646158365418 ], [ 75.559175012937118, 23.818602279238441 ], [ 75.579477343498411, 23.834904346235625 ], [ 75.564315198145678, 23.856481298422345 ], [ 75.462225001550152, 23.914539297562328 ], [ 75.473881063671456, 23.982013369013202 ], [ 75.521076258893444, 24.024644052430265 ], [ 75.595696028897819, 23.990068983838224 ], [ 75.67083433253535, 24.018097685153151 ], [ 75.701752928869851, 23.966574218217346 ], [ 75.717506957993635, 23.966908359036324 ], [ 75.741261255477013, 23.97700539025282 ], [ 75.742280784933982, 23.992713724425311 ], [ 75.765457766625289, 23.992785270421592 ], [ 75.782898763580661, 24.043389799758955 ], [ 75.836792529687969, 24.057025649385292 ], [ 75.834936095576339, 24.091769853376039 ], [ 75.792923669300649, 24.091891075411898 ], [ 75.750997309713995, 24.14348186549342 ], [ 75.776438871473019, 24.208386127584763 ], [ 75.830241923906343, 24.233465250301816 ], [ 75.814407532395592, 24.244358318363687 ], [ 75.810797507797574, 24.295888284618936 ], [ 75.766421317565303, 24.298126004778361 ], [ 75.739838147098851, 24.332147874708767 ], [ 75.727751026591832, 24.390515649232515 ], [ 75.755286834365947, 24.406525490601819 ], [ 75.747549067207089, 24.424270540228225 ], [ 75.789369103993337, 24.471601179777053 ], [ 75.813781428202091, 24.461850506066572 ], [ 75.809761198709396, 24.433983348992623 ], [ 75.838770373805232, 24.414177083880531 ], [ 75.909174553200501, 24.455073504135367 ], [ 75.911601220786523, 24.49187844328511 ], [ 75.888048870867252, 24.50773795511089 ], [ 75.920612735237853, 24.521476950628784 ], [ 75.903850149578318, 24.548467843899406 ], [ 75.914730187668383, 24.572344193955448 ], [ 75.878581122744322, 24.58341772336356 ], [ 75.871519740282025, 24.606530076838371 ], [ 75.849220075755085, 24.610874287550175 ], [ 75.835442715752166, 24.594948469486845 ], [ 75.825147192552834, 24.613038663883604 ], [ 75.84906668392874, 24.647473504088257 ], [ 75.848228305138704, 24.663224731766277 ], [ 75.825160360956588, 24.667590473929867 ], [ 75.836260161101151, 24.727834602154392 ], [ 75.802147586807678, 24.756463116055212 ], [ 75.756813251696741, 24.761553194256329 ], [ 75.683232801933357, 24.72419637397293 ], [ 75.646018659374135, 24.685177051653088 ], [ 75.610819220604895, 24.68103064217437 ], [ 75.583079954300359, 24.713301617023632 ], [ 75.533870852094054, 24.712322925443928 ], [ 75.455419017309637, 24.680701857464246 ], [ 75.264723715447161, 24.717574867312162 ], [ 75.228359983712906, 24.717619495794594 ], [ 75.219420116193675, 24.702554821436649 ], [ 75.184413328323629, 24.748504687025981 ], [ 75.215609298366743, 24.802524387955888 ], [ 75.25233896871346, 24.813099124808367 ], [ 75.224208612765125, 24.844028532324227 ], [ 75.278379793903568, 24.840074268571783 ], [ 75.311036571922358, 24.800987815612601 ], [ 75.425645089344457, 24.868818753453127 ], [ 75.420332223683758, 24.886286895267823 ], [ 75.373609677946845, 24.867743720695756 ], [ 75.326617024075333, 24.874875770600578 ], [ 75.309230594383578, 24.856005855905511 ], [ 75.263411613685292, 24.874856202179714 ], [ 75.266963395113535, 24.899062055315223 ], [ 75.294266103546192, 24.908962120173257 ], [ 75.261037019639673, 24.963455910285706 ], [ 75.285181566842013, 24.965732981693382 ], [ 75.312713848728677, 24.885137835725896 ], [ 75.318424937554795, 24.894156952540886 ], [ 75.337046196825995, 24.955371074088927 ], [ 75.311863998452452, 24.995725149320208 ], [ 75.351356991716017, 25.019590409979696 ], [ 75.334318819995261, 25.041108724631894 ], [ 75.198218737323003, 25.033089471963279 ], [ 75.165796514814815, 25.047619077290108 ], [ 75.152255663259893, 25.020735022983569 ], [ 75.166484204809166, 25.00290293646087 ], [ 75.113534294079301, 24.966809836708421 ], [ 75.116801194578116, 24.877914249687947 ], [ 75.076509316057667, 24.880683244491021 ], [ 75.03402069284985, 24.844652379492864 ], [ 74.95851554419977, 24.858138410859802 ], [ 74.953147146484852, 24.880572519498557 ], [ 74.923980090681226, 24.877966650612045 ], [ 74.90279486890924, 24.929958363094425 ], [ 74.881152332792382, 24.937304570980476 ], [ 74.86978229964744, 24.924922059723304 ], [ 74.859152333667836, 24.962736984815997 ], [ 74.843079574196395, 24.969011369998036 ], [ 74.825762246509569, 24.900769823163227 ], [ 74.85912523958055, 24.83845919672714 ], [ 74.861014665219329, 24.804593088871318 ], [ 74.838024453157047, 24.797359578588125 ], [ 74.84930171279106, 24.775984195539621 ], [ 74.860883212947144, 24.798605535670674 ], [ 74.91453238307399, 24.769061997246887 ], [ 75.000944702529011, 24.774695386920953 ], [ 75.016270929659967, 24.73198396396883 ], [ 74.992334011865879, 24.73173484382782 ], [ 75.001607709514374, 24.686369271506187 ], [ 74.960051675912027, 24.678760027480255 ], [ 74.94324467395154, 24.637837339381885 ], [ 74.901665743190961, 24.632899493508383 ], [ 74.894378402993652, 24.64432315185169 ], [ 74.888817004934893, 24.633687428876929 ], [ 74.799878472882284, 24.779202840655547 ], [ 74.804075665096065, 24.735261599334898 ], [ 74.779398704391113, 24.731444661988061 ], [ 74.787213802122878, 24.70379100819601 ], [ 74.771742534802755, 24.661508075338904 ], [ 74.814226555941374, 24.665976976841893 ], [ 74.813620267684755, 24.649601297256414 ], [ 74.779546038877484, 24.61539158988154 ], [ 74.786494512091735, 24.585876743894321 ], [ 74.743487286080523, 24.571458998772613 ], [ 74.755751915484325, 24.53463884926563 ], [ 74.708700748948445, 24.486472724481654 ], [ 74.776680498461104, 24.460360232973439 ], [ 74.815087448309086, 24.468699397826292 ], [ 74.813727252543543, 24.436738302637409 ], [ 74.854203982789883, 24.444559901653655 ], [ 74.855148237917646, 24.424325686273299 ], [ 74.780887130171891, 24.338559159594055 ], [ 74.781289735319291, 24.28916036360145 ], [ 74.747081553330105, 24.253465827639875 ], [ 74.774799592444467, 24.238706488067876 ], [ 74.867774549716074, 24.243109846453752 ], [ 74.896823026105565, 24.227176409727885 ], [ 74.910146984825019, 24.21016036046457 ], [ 74.87951788676051, 24.173713176161908 ], [ 74.903325319592938, 24.109253894955433 ], [ 74.939284841788663, 24.053879524989231 ], [ 74.982424562117785, 24.025757366085749 ], [ 74.958884007078154, 23.972022185642363 ], [ 74.916047483428798, 23.930984057321524 ], [ 74.902473934994177, 23.873217341868923 ], [ 74.913760351155858, 23.842510714440468 ], [ 74.90368187530224, 23.794301057062334 ], [ 74.924285772999369, 23.796616192152037 ], [ 74.940382588455762, 23.764731312441423 ], [ 74.924255566249599, 23.756361904008994 ], [ 74.936253165147022, 23.729648966065231 ], [ 74.920172156446341, 23.71941752784155 ], [ 74.921535635554278, 23.694866514814983 ], [ 74.899650460885937, 23.682305203465472 ], [ 74.93649131841029, 23.628611769133276 ], [ 74.902697821214147, 23.624717504889158 ], [ 74.847298060075687, 23.552134506972646 ], [ 74.802919022184, 23.532536995169856 ], [ 74.794074244032529, 23.550969389750659 ], [ 74.772851596649176, 23.544070493679342 ], [ 74.761715865689865, 23.521295835538034 ], [ 74.733366323507198, 23.521736419856268 ], [ 74.727206937625027, 23.495446905492287 ], [ 74.700874942400191, 23.504291862372426 ], [ 74.651900855641898, 23.462500964754408 ], [ 74.60403189700736, 23.457523392857681 ], [ 74.599168170124116, 23.428908140159425 ], [ 74.572360499888362, 23.420677726247778 ], [ 74.56883190128265, 23.376317340939583 ], [ 74.539789143568271, 23.361959560815166 ], [ 74.539681449938726, 23.334822883999358 ], [ 74.514125528152448, 23.328311083694409 ], [ 74.546644613302817, 23.277105688523232 ], [ 74.574366189982783, 23.295211644904821 ], [ 74.638839381953531, 23.255486551656976 ], [ 74.70066406019231, 23.265789054466609 ], [ 74.715075871534296, 23.236794231586732 ], [ 74.691810562094389, 23.21924647079549 ], [ 74.747437371522565, 23.226609772211265 ], [ 74.741508265170225, 23.20842337655332 ], [ 74.714939677954078, 23.190775696749423 ], [ 74.671385682463722, 23.200128046715573 ], [ 74.606598445757839, 23.142714387527622 ], [ 74.539381814180786, 23.129375391295685 ], [ 74.544781660117138, 23.109091961929817 ], [ 74.505734208776644, 23.085189576747723 ], [ 74.464104120757213, 23.081812900306506 ], [ 74.432214082681213, 23.105038978720117 ], [ 74.386112549486754, 23.11153712893886 ], [ 74.329127380449435, 23.06129102244455 ], [ 74.284409214164924, 23.093285055769144 ], [ 74.292958835558451, 23.117295803635216 ], [ 74.247034723225809, 23.184431211121215 ], [ 74.202911092539068, 23.19031334148821 ], [ 74.181161548207271, 23.151648330475584 ], [ 74.127775481152426, 23.176117130738344 ], [ 74.138783168946077, 23.266056360473225 ], [ 74.092209151556546, 23.298057261931397 ], [ 74.038153882734179, 23.293449383105887 ], [ 74.044843943878845, 23.308811932476104 ], [ 74.033053517147238, 23.305996170221814 ], [ 74.028641534155739, 23.331675608493597 ], [ 73.981920946746143, 23.337852816268128 ], [ 73.962337554076399, 23.380905995373894 ], [ 73.937975950545194, 23.367930960241022 ], [ 73.935625195092285, 23.339723505252859 ], [ 73.891915565580632, 23.334117684137333 ], [ 73.828693989108714, 23.447698049644028 ], [ 73.786262325378132, 23.430228833984788 ], [ 73.755717067079061, 23.454324986186435 ], [ 73.720791840846942, 23.410137252507344 ], [ 73.697386266661923, 23.456674430318827 ], [ 73.647432704528541, 23.436457303909719 ], [ 73.627195361688166, 23.448574898295099 ], [ 73.656350261489379, 23.507459422725738 ], [ 73.633055154033158, 23.528685989949569 ], [ 73.655641524866184, 23.621290554953795 ], [ 73.615463972237009, 23.652119021760413 ], [ 73.572639440198373, 23.653767191085134 ], [ 73.523069323944014, 23.606902965794198 ], [ 73.493749574305014, 23.63233912113958 ], [ 73.508759881916831, 23.644389335583856 ], [ 73.49658835211244, 23.649158503513256 ], [ 73.50737996363921, 23.703045044979962 ], [ 73.473503346228156, 23.705234856125198 ], [ 73.418002220091381, 23.776809665271191 ], [ 73.400233011968837, 23.785059720033512 ], [ 73.370757806174979, 23.76526110175784 ], [ 73.351828750849762, 23.791399094280468 ], [ 73.367895900342205, 23.814234336944171 ], [ 73.361106923904984, 23.872702663518396 ], [ 73.38744472134826, 23.915905374390924 ], [ 73.420809877562419, 23.930828342175918 ], [ 73.414939992645216, 23.9857834719568 ], [ 73.398590576320785, 23.990054305346657 ], [ 73.40467862788455, 24.041037913476774 ], [ 73.360852204809532, 24.081282535610846 ], [ 73.361976021484494, 24.10466223131872 ], [ 73.326306083796993, 24.109646279888171 ], [ 73.316687258806255, 24.053633760509396 ], [ 73.242771373624194, 24.002284449894404 ], [ 73.193123840558627, 24.040995628111325 ], [ 73.213914076693456, 24.0776855611897 ], [ 73.125199275452246, 24.124861775946336 ], [ 73.067422034879456, 24.194690214917159 ], [ 73.135415820568426, 24.308433275141322 ], [ 73.169201276944449, 24.300305991544604 ], [ 73.176327115325037, 24.337878386613607 ], [ 73.198543312887338, 24.331935823023962 ], [ 73.219242979976897, 24.363897166262085 ], [ 73.198504255935433, 24.376911250719218 ], [ 73.152010222742149, 24.354351115034639 ], [ 73.076481784370003, 24.396600425059741 ], [ 73.102809575479313, 24.433006974809594 ], [ 73.087210178755271, 24.498043328497161 ], [ 73.034564495971111, 24.464240920913703 ], [ 72.991084910630661, 24.477889598600946 ], [ 72.967759706917477, 24.450690291676388 ], [ 72.980962749704759, 24.434128384254453 ], [ 72.949263730289076, 24.398184184952964 ], [ 72.975095032422303, 24.368797194753853 ], [ 72.910708860253138, 24.337210996333944 ], [ 72.849738902057751, 24.372042011925622 ], [ 72.73083839770149, 24.364297771600423 ], [ 72.689122967933471, 24.411732156731823 ], [ 72.683339153298562, 24.463875255931914 ], [ 72.575919182053738, 24.478851216970984 ], [ 72.538925440251177, 24.519615090751888 ], [ 72.493153408204591, 24.459084403337947 ], [ 72.500321031720603, 24.417046692352731 ], [ 72.4572202201214, 24.414797388108774 ], [ 72.430195436962933, 24.480170101021624 ], [ 72.441413867725586, 24.515060571302115 ], [ 72.38858308797542, 24.507719350682386 ], [ 72.353706501024362, 24.563756201517002 ], [ 72.330913895866729, 24.569302472800576 ], [ 72.328966643876484, 24.552405599827335 ], [ 72.294785897334393, 24.546797253213278 ], [ 72.246374075993899, 24.585601690251622 ], [ 72.276019955403541, 24.607450367375229 ], [ 72.336056618815959, 24.598711399942438 ], [ 72.347351202460231, 24.628515312199724 ], [ 72.304950883644835, 24.617549710776888 ], [ 72.230326770286055, 24.64061122415756 ], [ 72.196545117376914, 24.614731369158278 ], [ 72.1647859350917, 24.621285121717804 ], [ 72.150236230556956, 24.643662821040369 ], [ 72.124532317615845, 24.638607082383974 ], [ 72.089792716559103, 24.658689632928727 ], [ 72.085176618368749, 24.706406660904872 ], [ 72.061287489151127, 24.712110996477858 ], [ 71.993809488250548, 24.69505595222881 ], [ 71.988208278655051, 24.657524471097329 ], [ 71.939848209258045, 24.633799930474698 ], [ 71.915419621051072, 24.649505906506622 ], [ 71.918590650647815, 24.672108873273576 ], [ 71.87172874387096, 24.681760614953205 ], [ 71.852142130740944, 24.609359084224913 ], [ 71.805874899699035, 24.626742483621634 ], [ 71.810359691144285, 24.656058769253072 ], [ 71.791504008414861, 24.677331194030149 ], [ 71.65534438360892, 24.639182879830663 ], [ 71.607837419084433, 24.677082818370966 ], [ 71.590321376870193, 24.667436365361333 ], [ 71.57336706288126, 24.684044654245788 ], [ 71.502665805231644, 24.682870913849971 ], [ 71.377346150060831, 24.625989902922772 ], [ 71.358542735806225, 24.631011694175189 ], [ 71.347783902905846, 24.661074853391131 ], [ 71.313668010235688, 24.648105270270324 ], [ 71.287779834863485, 24.616056802725598 ], [ 71.111976557642748, 24.675805674852093 ], [ 71.065296800459436, 24.717466662494868 ], [ 71.026477844594623, 24.808855117538673 ], [ 70.937625455587849, 24.938564141991066 ], [ 70.88866826614003, 25.14817921468817 ], [ 70.751578647859787, 25.277821168673551 ], [ 70.736793020578602, 25.332563004801532 ], [ 70.664811536986662, 25.396888370737976 ], [ 70.678450968762547, 25.525201955906876 ], [ 70.667133745776511, 25.531344360303411 ], [ 70.673931340650554, 25.675847574988108 ], [ 70.660071921343061, 25.702158283276137 ], [ 70.608780739005539, 25.714957897261762 ], [ 70.530152526303283, 25.683486065277059 ], [ 70.386999815251144, 25.673837248980607 ], [ 70.268649665550356, 25.713605911654547 ], [ 70.247238999879741, 25.761610966741443 ], [ 70.174452460503176, 25.828371540364554 ], [ 70.099760867496911, 25.938268754532395 ], [ 70.083384855650181, 26.08329469131208 ], [ 70.141243014667111, 26.155927246388941 ], [ 70.175044934467365, 26.251534168958475 ], [ 70.163507047518308, 26.294936559609756 ], [ 70.18536036343508, 26.374340165431796 ], [ 70.174174010612873, 26.551449075581768 ], [ 70.11719404731268, 26.586886279391145 ], [ 70.056230919008357, 26.600574225338619 ], [ 69.88676452129522, 26.578875798769602 ], [ 69.791893543852339, 26.598317012431142 ], [ 69.722490323042194, 26.653316345491124 ], [ 69.510307324973468, 26.743509458245185 ], [ 69.484423265681897, 26.804840981309201 ], [ 69.51331048369812, 27.00998920574445 ], [ 69.586838632647343, 27.183328470821685 ], [ 69.862482283021052, 27.401813193449183 ], [ 69.933888512454487, 27.497836454716452 ], [ 70.025897305586881, 27.562925630112947 ], [ 70.132393802431409, 27.805961258534484 ], [ 70.227009182226482, 27.901376276448698 ], [ 70.296182547511648, 27.936021236641846 ], [ 70.372189962203407, 28.011837842881793 ], [ 70.505818257607885, 28.037043700937097 ], [ 70.589457631392747, 28.010445397199696 ], [ 70.677396811946295, 27.921851896244128 ], [ 70.684369559436149, 27.828191504527034 ], [ 70.739765560226829, 27.741927551749377 ], [ 70.759313709293025, 27.721271525566763 ], [ 70.871837072548971, 27.705603594074635 ], [ 70.963196913736951, 27.729383244880189 ], [ 71.205533021347222, 27.835423190583782 ], [ 71.383060887843669, 27.872635781858516 ], [ 71.666431058468859, 27.877762127027619 ], [ 71.898341938729175, 27.961216163819486 ], [ 71.927358941744416, 28.121745796919939 ], [ 72.004288001866513, 28.21866233302341 ], [ 72.13224121022651, 28.313104116125562 ], [ 72.206128372675693, 28.394274542839835 ], [ 72.29923528797093, 28.669759782572577 ], [ 72.390700328166872, 28.770362970015469 ], [ 72.733082973186171, 28.94809361317958 ], [ 72.94581031528277, 29.027887343469796 ], [ 73.004355302809714, 29.152959858966405 ], [ 73.084426241299326, 29.236271350704939 ], [ 73.28209494732009, 29.572037620756834 ], [ 73.396922951013877, 29.946003419593453 ], [ 73.596999599238586, 30.018983000724798 ], [ 73.806558149441841, 30.068034766401208 ], [ 73.972664334156022, 30.198004000387908 ] ] ] } },
{ "type": "Feature", "properties": { "Name": "Gujarat" }, "geometry": { "type": "Polygon", "coordinates": [ [ [ 72.261264502914884, 21.499992703941217 ], [ 72.241409475490755, 21.447927433458638 ], [ 72.119579368261967, 21.285557552415838 ], [ 72.113349115185372, 21.196604253932449 ], [ 72.019284769172074, 21.152546531912314 ], [ 72.007207988273976, 21.132414296611532 ], [ 71.998795492013642, 21.138660427666508 ], [ 71.997237612088369, 21.146133533470774 ], [ 71.992165439228259, 21.148866966735842 ], [ 71.994554011958044, 21.150298345308929 ], [ 71.99408707036828, 21.153139280189475 ], [ 71.997824718618688, 21.154112723313137 ], [ 71.999998206821672, 21.157799421517272 ], [ 71.996945354193812, 21.170970764586656 ], [ 71.986046367041141, 21.153470263147735 ], [ 71.997387701707709, 21.139281062021446 ], [ 71.976830315182724, 21.120522805951992 ], [ 71.90206695756504, 21.108773928550523 ], [ 71.796107262493251, 21.04833739006715 ], [ 71.786000266027671, 21.055146815304905 ], [ 71.806474754221568, 21.038417768230961 ], [ 71.75301486541332, 21.022216768938915 ], [ 71.750000872108032, 20.999990451602741 ], [ 71.686344626921269, 20.999988382654113 ], [ 71.674892772525311, 20.984410490902263 ], [ 71.677370370994666, 20.995550848734414 ], [ 71.652374188563613, 20.996220215207266 ], [ 71.636772574797476, 20.980698268061932 ], [ 71.647713067709532, 20.974636766717293 ], [ 71.617151052237176, 20.966972542902333 ], [ 71.607492119265643, 20.977946189751496 ], [ 71.610729615210232, 20.966203071706975 ], [ 71.565582533920292, 20.948937911583474 ], [ 71.516655681477943, 20.948101349816259 ], [ 71.50667098165512, 20.918756311228073 ], [ 71.449594387237227, 20.875009185009141 ], [ 71.207065372948776, 20.802146395969512 ], [ 71.154188762051135, 20.777193801803758 ], [ 71.145765353056703, 20.757468355312859 ], [ 71.090826972936426, 20.757136385067437 ], [ 71.080625049698128, 20.738783871468257 ], [ 71.048946562176582, 20.730846104444947 ], [ 70.918754951554547, 20.742075244826641 ], [ 70.875307861871192, 20.722901639870976 ], [ 70.874101656209973, 20.704732070037888 ], [ 70.843649391509103, 20.706225235946576 ], [ 70.827482997940692, 20.689894024734052 ], [ 70.446821668122965, 20.84773436631842 ], [ 70.35589488676716, 20.906938173861843 ], [ 70.351746086797732, 20.924391739057036 ], [ 70.34428785379572, 20.916198370323421 ], [ 70.289888443082958, 20.95008281173715 ], [ 70.092403389537168, 21.113309875514002 ], [ 69.981850721605426, 21.227957556451564 ], [ 70.002643448768538, 21.244291195884973 ], [ 70.002656200353968, 21.254894964623343 ], [ 70.011923267537341, 21.260829706467749 ], [ 70.020253053214532, 21.269602459352672 ], [ 70.028851623807839, 21.273794430194563 ], [ 70.028839894505168, 21.274786032331036 ], [ 70.020850999715407, 21.270923065742 ], [ 70.002367354260883, 21.25556143011346 ], [ 69.981563680227723, 21.228622308261095 ], [ 69.775654097488385, 21.459968970971538 ], [ 69.784388805966387, 21.452803161233359 ], [ 69.803705978410093, 21.451790799530336 ], [ 69.805092174114932, 21.464599351528879 ], [ 69.784487472425624, 21.457214848031015 ], [ 69.755047880341223, 21.484614572436943 ], [ 69.773226801979987, 21.461556969122121 ], [ 69.707195654625465, 21.534241677661491 ], [ 69.722193522367249, 21.539909281100361 ], [ 69.703935336981061, 21.537742653409353 ], [ 69.591211453584009, 21.639296985407871 ], [ 69.59808330409777, 21.649122554043728 ], [ 69.589062987953284, 21.637169780903307 ], [ 69.569871848245626, 21.64893630193885 ], [ 69.238539004040504, 21.935842650501982 ], [ 68.996243656587907, 22.195019754360217 ], [ 68.973746598955401, 22.236515027753445 ], [ 68.9582065709902, 22.238071500001336 ], [ 68.935747712418504, 22.311798922418088 ], [ 68.977121299084928, 22.403524025813816 ], [ 68.983252513799769, 22.398236147553888 ], [ 68.999985596988751, 22.400719414007554 ], [ 68.97847648674275, 22.403705913806476 ], [ 68.984466887841876, 22.41340930515781 ], [ 69.068101713456457, 22.481361393557222 ], [ 69.083609439800696, 22.474562562405691 ], [ 69.049697266172345, 22.437741583277262 ], [ 69.039455325683093, 22.445684762103234 ], [ 69.035633419950585, 22.390167865083946 ], [ 69.081834323883513, 22.388178142277098 ], [ 69.110477484908373, 22.409921063529314 ], [ 69.127963275457091, 22.395084494109852 ], [ 69.121157550829707, 22.375614934456575 ], [ 69.138307181917625, 22.401515817293678 ], [ 69.194724964241686, 22.421886798590947 ], [ 69.18764557325288, 22.402590584454416 ], [ 69.199788869007904, 22.390642236453083 ], [ 69.167936601496322, 22.373493289872147 ], [ 69.180920738323564, 22.370632581961111 ], [ 69.16334337980301, 22.348589143079309 ], [ 69.153931901251184, 22.248706482676226 ], [ 69.133780358300243, 22.222619424446425 ], [ 69.136390596614561, 22.195523365046604 ], [ 69.156433460484124, 22.195218936652395 ], [ 69.19028700197218, 22.243616628676392 ], [ 69.212806599233488, 22.210326475000493 ], [ 69.23757578637543, 22.222683446854656 ], [ 69.240505328162556, 22.258350359297697 ], [ 69.321971503900258, 22.29197971729749 ], [ 69.340005307196506, 22.312654856556779 ], [ 69.332712343545495, 22.327807912146209 ], [ 69.422913283456808, 22.316180584135815 ], [ 69.490655246218765, 22.336950490494996 ], [ 69.499468511470056, 22.366301549964803 ], [ 69.540429490248414, 22.377185842603442 ], [ 69.561312274417077, 22.355817562620761 ], [ 69.579569175212413, 22.367333029949634 ], [ 69.597646377916632, 22.346136230614636 ], [ 69.617339053335627, 22.345394340510857 ], [ 69.621123503812328, 22.371806305955268 ], [ 69.65535315643514, 22.359543454581797 ], [ 69.660983645719028, 22.396294548826223 ], [ 69.702147589852672, 22.398668863819847 ], [ 69.696134203560362, 22.452505948341361 ], [ 69.730681382788347, 22.484532403640603 ], [ 69.743657668340006, 22.458919235348201 ], [ 69.732816404232523, 22.442809802976644 ], [ 69.753693649389135, 22.416617289975253 ], [ 69.751013832962798, 22.459717640059694 ], [ 69.764517991033301, 22.475479566323013 ], [ 69.78506128568641, 22.458728955986587 ], [ 69.765397226999099, 22.44674326396942 ], [ 69.788526597980336, 22.434579845872101 ], [ 69.779295606240467, 22.416372045007133 ], [ 69.820808312300016, 22.432453676627865 ], [ 69.803450923344741, 22.463158386264844 ], [ 69.824159761335039, 22.473086005422022 ], [ 69.863957138851134, 22.463480053070352 ], [ 69.867776052295412, 22.433810935956348 ], [ 69.87139594758176, 22.4367485519215 ], [ 69.870645368330955, 22.435350680366614 ], [ 69.87180803265035, 22.433287082031903 ], [ 69.87031784527332, 22.429389054549567 ], [ 69.870603480787565, 22.427880565452895 ], [ 69.871907247980232, 22.432582990366821 ], [ 69.871779882144295, 22.436598876929629 ], [ 69.864347930254254, 22.463755447272124 ], [ 69.871120487284742, 22.471196301933308 ], [ 69.910606112566299, 22.452890362812887 ], [ 69.883225504927168, 22.476736515834055 ], [ 69.897101311302066, 22.479232526047674 ], [ 69.913502194804039, 22.451684188556083 ], [ 69.926336638168991, 22.464444691212929 ], [ 69.889558241404615, 22.495278915149566 ], [ 69.933161570573787, 22.486947160275623 ], [ 69.905399495145844, 22.498205286279671 ], [ 69.932251967958095, 22.514748091779722 ], [ 69.93477714300154, 22.500922958840171 ], [ 69.942419078784212, 22.512308653219108 ], [ 69.943884146570952, 22.499982146653615 ], [ 69.971052299950486, 22.500044585985229 ], [ 69.95595575407134, 22.506801607622382 ], [ 69.976345298470335, 22.503496435275142 ], [ 69.960084423693601, 22.509696824540463 ], [ 69.973104971035937, 22.514722505117433 ], [ 69.971316146827505, 22.521138928696082 ], [ 69.953743269103569, 22.509350004435785 ], [ 69.946670226508886, 22.528203916940949 ], [ 69.984529794226702, 22.541424419453783 ], [ 69.977059539969588, 22.527149596748174 ], [ 69.982354441121203, 22.513225737296178 ], [ 69.9915289926101, 22.524054742765664 ], [ 69.978615035766097, 22.525392694138933 ], [ 69.98629827788217, 22.541102947149042 ], [ 69.983964594012861, 22.543223828150602 ], [ 69.975470062702485, 22.54281864887399 ], [ 70.019014291709098, 22.546493315843517 ], [ 70.039359260805355, 22.566504915528537 ], [ 70.12522954490278, 22.55293481697673 ], [ 70.134232069014743, 22.574320140509307 ], [ 70.163856860473089, 22.583570257483164 ], [ 70.157200955970467, 22.59441168541003 ], [ 70.18126484793504, 22.594408826580171 ], [ 70.20822258802724, 22.639198924875267 ], [ 70.193767115867487, 22.643285040323185 ], [ 70.223390842822212, 22.661036409434693 ], [ 70.218839011903938, 22.71814509547934 ], [ 70.292432259066871, 22.766108359587449 ], [ 70.371285820446332, 22.903307829017962 ], [ 70.397098053142756, 22.918375253223218 ], [ 70.39864915977077, 22.904015959109085 ], [ 70.415456624932077, 22.934576181094741 ], [ 70.428519417719102, 22.928044784701235 ], [ 70.442054535492247, 22.960866001433747 ], [ 70.43232723423273, 22.967575637413137 ], [ 70.456597824748812, 22.966204383948767 ], [ 70.516693269031421, 23.021661466341484 ], [ 70.460087833621046, 22.995535880767466 ], [ 70.511250438703513, 23.112012449784977 ], [ 70.574387270507401, 23.165352186998611 ], [ 70.653852593295056, 23.177326413720056 ], [ 70.669368721601316, 23.198831422152686 ], [ 70.625549875589869, 23.175149281588865 ], [ 70.552678229339975, 23.171199352481722 ], [ 70.476960607637579, 23.072824071423955 ], [ 70.401305266079476, 23.029825711833361 ], [ 70.393685303620387, 23.056495580440181 ], [ 70.381166793866171, 23.034179976095714 ], [ 70.393685303620387, 23.030369994866167 ], [ 70.398039567882719, 22.977574540685328 ], [ 70.380078227800581, 22.941651860521041 ], [ 70.345788396734662, 22.933487615029151 ], [ 70.241830337471356, 22.977574540685328 ], [ 70.226590412553193, 23.066292675030454 ], [ 70.297002092601289, 23.114435169161712 ], [ 70.216209203767761, 23.066795311483972 ], [ 70.23094467681554, 22.966961021545877 ], [ 70.198287694848005, 22.997440871382249 ], [ 70.181959203864238, 22.995535880767466 ], [ 70.222508289807266, 22.965600313963897 ], [ 70.214071902798977, 22.95634750240642 ], [ 70.159643599519754, 22.940019011422663 ], [ 70.120455221158721, 22.963967464865522 ], [ 70.148499587541664, 23.022209178142404 ], [ 70.112154904908664, 22.964035500244606 ], [ 70.103038164109378, 22.968797976781538 ], [ 70.127803042101434, 22.948251292293637 ], [ 70.10902527747011, 22.951925202764993 ], [ 70.101541385769224, 22.942128108174721 ], [ 70.09446570634293, 22.951516990490386 ], [ 70.083307904170695, 22.950972707457591 ], [ 70.103174234867595, 22.939270622252579 ], [ 70.139096915031885, 22.941447754383745 ], [ 70.128755537408836, 22.923214272785202 ], [ 70.103514411763101, 22.908994878553514 ], [ 70.057522495492194, 22.916750911770801 ], [ 70.040445615338314, 22.894979590459116 ], [ 69.99318350045175, 22.904956214425319 ], [ 69.904715034035789, 22.862730820766185 ], [ 69.839673211617111, 22.855110858307086 ], [ 69.74660081300965, 22.792518309536 ], [ 69.719386661370052, 22.755507063306105 ], [ 69.69190036821405, 22.771563412773482 ], [ 69.717481670755276, 22.739178572322352 ], [ 69.701969604320695, 22.730197902281279 ], [ 69.672850462066322, 22.731558609863271 ], [ 69.668496197803989, 22.754962780273331 ], [ 69.63502279128727, 22.762582742732416 ], [ 69.642914895262749, 22.767753431543944 ], [ 69.634263872040549, 22.811739009185185 ], [ 69.639104914033211, 22.768297714576732 ], [ 69.591480148663877, 22.742444270519105 ], [ 69.593657280795057, 22.75822847847007 ], [ 69.575423799196528, 22.766120582445556 ], [ 69.563993855507888, 22.746798534781455 ], [ 69.550386779688083, 22.75469063875693 ], [ 69.55986567384204, 22.778869466874056 ], [ 69.543038958745385, 22.781088365847353 ], [ 69.535146854769906, 22.806705722668877 ], [ 69.525349760179665, 22.783809781011314 ], [ 69.50031274067122, 22.788164045273653 ], [ 69.506299854031937, 22.794423300150754 ], [ 69.505324155395087, 22.80887543139886 ], [ 69.486977806367804, 22.779047304474371 ], [ 69.452347798406421, 22.774897146349332 ], [ 69.384311535736117, 22.817482014587846 ], [ 69.304632463034693, 22.837731514843412 ], [ 69.267893076509878, 22.825173391074305 ], [ 69.231390014278418, 22.835034715046074 ], [ 69.244990638834025, 22.840210649987917 ], [ 69.228199150778522, 22.848820478124019 ], [ 69.196684930986478, 22.837674160795494 ], [ 69.194166211236634, 22.851831635939796 ], [ 69.130452353497461, 22.874311652584797 ], [ 69.124995555270388, 22.893540699193974 ], [ 69.107799370789493, 22.890520575564612 ], [ 69.079239824052962, 22.921235078703784 ], [ 68.931550042300955, 22.98794229873214 ], [ 68.970422363483578, 23.046039296259863 ], [ 68.949094308683101, 23.073657814327046 ], [ 68.921047993722865, 23.087668762350869 ], [ 68.896174156443635, 23.080348522021705 ], [ 68.874839780198485, 23.05425558745976 ], [ 68.884087954913142, 23.039003879416146 ], [ 68.862440240008681, 23.031779442005266 ], [ 68.836705490598817, 23.046341404503298 ], [ 68.841771921427608, 23.058550598378385 ], [ 68.821194456657736, 23.057208983571744 ], [ 68.815135486254675, 23.077006006014582 ], [ 68.811783132616142, 23.058756264799698 ], [ 68.760295882188061, 23.079250416264745 ], [ 68.631448957019884, 23.171940410996228 ], [ 68.653219646795122, 23.159211063849369 ], [ 68.639473834726701, 23.179012451787845 ], [ 68.651113164827521, 23.188219081708752 ], [ 68.629693398324747, 23.182503089139495 ], [ 68.577321692719053, 23.236733342556342 ], [ 68.62425952690036, 23.255026000913674 ], [ 68.616735942359753, 23.286136647878674 ], [ 68.631485319924266, 23.299253507226826 ], [ 68.610956786387916, 23.289765535244552 ], [ 68.614744522003619, 23.263558287799512 ], [ 68.60260960483528, 23.249037594620262 ], [ 68.609624194952715, 23.26558658014407 ], [ 68.591231709634926, 23.252314486774086 ], [ 68.529064266623067, 23.27211318270065 ], [ 68.557245915475789, 23.314920270277348 ], [ 68.57647573035139, 23.301528201161908 ], [ 68.565311446440774, 23.317361635052592 ], [ 68.581454377810601, 23.308937525430924 ], [ 68.579904217108563, 23.326563580598098 ], [ 68.60968283517785, 23.321144993902866 ], [ 68.619070131082211, 23.33133183863859 ], [ 68.55760120545888, 23.336540915411256 ], [ 68.561752977055249, 23.365401766612372 ], [ 68.578017389397587, 23.37426559585932 ], [ 68.560967795598003, 23.372759423359792 ], [ 68.551522151421011, 23.354404817146193 ], [ 68.513501496908134, 23.364467563805327 ], [ 68.517941202807606, 23.378964850041839 ], [ 68.499328349072513, 23.367781467467282 ], [ 68.517579523107898, 23.407824597819761 ], [ 68.54756471596329, 23.400640268968235 ], [ 68.521196327291335, 23.428891250392173 ], [ 68.491761913994523, 23.4132947822727 ], [ 68.492237589903766, 23.476591022472551 ], [ 68.481736572591643, 23.474083924954499 ], [ 68.485316791088493, 23.396711728085055 ], [ 68.447641552277091, 23.406785524133603 ], [ 68.454534898577293, 23.447443729357438 ], [ 68.432402165284643, 23.424921803469129 ], [ 68.410498824884641, 23.436259572661815 ], [ 68.42497395308115, 23.443635129931362 ], [ 68.417130555722991, 23.462853658129671 ], [ 68.44421189142183, 23.469092921915372 ], [ 68.423346328855501, 23.479343074706787 ], [ 68.480745581712895, 23.515578273939138 ], [ 68.456441464071688, 23.509671486380238 ], [ 68.447627332844462, 23.537199653141514 ], [ 68.433281228773907, 23.536963637363002 ], [ 68.439553777229037, 23.511166228228674 ], [ 68.39963539125425, 23.485124534492101 ], [ 68.400348908711422, 23.613064394906978 ], [ 68.413447317531009, 23.634361873971873 ], [ 68.482006972678647, 23.617642910901925 ], [ 68.487834899983895, 23.644611760523951 ], [ 68.461678571211195, 23.629143948095617 ], [ 68.44491915211303, 23.641908069569403 ], [ 68.451809923841623, 23.658800441596966 ], [ 68.508035260980662, 23.672187092095122 ], [ 68.554790066117789, 23.719602270450668 ], [ 68.619261110216669, 23.750207780798874 ], [ 68.656675042586656, 23.812832068372565 ], [ 68.70814561579148, 23.817633859542926 ], [ 68.809838076108448, 23.880335062122015 ], [ 68.751813912020296, 23.882784787061002 ], [ 68.724279634975389, 23.848462308868086 ], [ 68.630857243030448, 23.83675535891507 ], [ 68.597372247964088, 23.808752719009718 ], [ 68.593685094015797, 23.828884184793132 ], [ 68.581934671060438, 23.771360091634115 ], [ 68.50908535022532, 23.74144335236986 ], [ 68.431980461055971, 23.728325752340151 ], [ 68.418205739405067, 23.733739754551475 ], [ 68.426576506225516, 23.762133564874222 ], [ 68.412902553989881, 23.735429897621966 ], [ 68.42547926351331, 23.721876301160997 ], [ 68.352780747356491, 23.640739173214151 ], [ 68.339277912504429, 23.593513391227994 ], [ 68.314616670520309, 23.579711034332394 ], [ 68.303195499879493, 23.598293626325265 ], [ 68.306111117779707, 23.578845305426761 ], [ 68.29406317998874, 23.597025301493201 ], [ 68.283080630649991, 23.588312386889655 ], [ 68.183493449456478, 23.594668079563547 ], [ 68.123815905545158, 23.612860468277212 ], [ 68.171265486587629, 23.643646864435365 ], [ 68.18998257094681, 23.640405618369627 ], [ 68.175650529103734, 23.646470241065948 ], [ 68.198064724337812, 23.674971752873766 ], [ 68.242459779191066, 23.631489238947424 ], [ 68.244401265793798, 23.644745705097545 ], [ 68.261618212137535, 23.634895911683341 ], [ 68.262578840857984, 23.594952599206955 ], [ 68.26550962142187, 23.634919318407842 ], [ 68.312192660150899, 23.621239398336293 ], [ 68.259562140928693, 23.646251053250523 ], [ 68.348282914169943, 23.63556773123846 ], [ 68.311995037076599, 23.652580991579818 ], [ 68.221074393010824, 23.656390280429125 ], [ 68.277044815221686, 23.683146718125549 ], [ 68.306139706663629, 23.679237548552027 ], [ 68.282068420665951, 23.686073556158046 ], [ 68.287495883509109, 23.705839896843738 ], [ 68.330109830682218, 23.728972845623083 ], [ 68.289390137592548, 23.714567920598707 ], [ 68.272639894785002, 23.689578612377606 ], [ 68.253859155804761, 23.718821892135718 ], [ 68.23539041609574, 23.731016720082813 ], [ 68.266983963415612, 23.69232875542739 ], [ 68.23330503196091, 23.669519739175005 ], [ 68.18560752308656, 23.716010094579193 ], [ 68.209198885042028, 23.874860963597484 ], [ 68.280003634002256, 23.930735929839926 ], [ 68.330695280719169, 23.927435972589574 ], [ 68.342658220816261, 23.969164098828518 ], [ 68.366959137760119, 23.991454121993371 ], [ 68.393822716444234, 23.966209401549783 ], [ 68.752844107174624, 23.971757540696174 ], [ 68.764528447362792, 24.29585071608517 ], [ 68.826017804268943, 24.317214005348962 ], [ 68.866081194500239, 24.212214493483781 ], [ 68.906740566616904, 24.279823058848145 ], [ 68.945224948547434, 24.302496899312629 ], [ 68.984780899339327, 24.227649961875709 ], [ 69.003291302911222, 24.223085327366707 ], [ 69.09485169118976, 24.274425063362568 ], [ 69.194066434459728, 24.2363831193036 ], [ 69.312794975219461, 24.281481069304228 ], [ 69.492684991399898, 24.2677487561403 ], [ 69.594275977124028, 24.29239817972552 ], [ 69.73149048099171, 24.171046855082199 ], [ 70.025335227916983, 24.171082772180988 ], [ 70.066954438236621, 24.19944823234534 ], [ 70.109916781721296, 24.295010451185796 ], [ 70.368533448891128, 24.350874273484024 ], [ 70.573123085779542, 24.422314924931598 ], [ 70.602369249922049, 24.408190417595979 ], [ 70.562011859064569, 24.354044207943037 ], [ 70.584491609754835, 24.290389973564992 ], [ 70.571231769187108, 24.251601057162503 ], [ 70.668015960555778, 24.219348916856934 ], [ 70.816018220381039, 24.223824257819974 ], [ 70.906640413566706, 24.259277863391951 ], [ 70.873887542761992, 24.294989088106384 ], [ 70.947062584634267, 24.348550613809522 ], [ 70.985925463624923, 24.365207810794246 ], [ 71.042124861011843, 24.350859764906936 ], [ 71.084204836105343, 24.394498376001309 ], [ 71.121857661052076, 24.405731885781062 ], [ 71.125721412107112, 24.420141613874492 ], [ 71.103116221568882, 24.435765602299586 ], [ 70.998484097248181, 24.444401423240159 ], [ 71.004895090461616, 24.523178121840932 ], [ 70.987399250459831, 24.543546517433093 ], [ 70.99912639806621, 24.622436390142383 ], [ 71.096170080381128, 24.688710996241596 ], [ 71.287547949145932, 24.61596623252284 ], [ 71.313668010235688, 24.648105270270324 ], [ 71.347783902905846, 24.661074853391131 ], [ 71.358542735806225, 24.631011694175189 ], [ 71.377346150060831, 24.625989902922772 ], [ 71.502665805231644, 24.682870913849971 ], [ 71.57336706288126, 24.684044654245788 ], [ 71.590321376870193, 24.667436365361333 ], [ 71.607837419084433, 24.677082818370966 ], [ 71.65534438360892, 24.639182879830663 ], [ 71.791504008414861, 24.677331194030149 ], [ 71.810359691144285, 24.656058769253072 ], [ 71.805874899699035, 24.626742483621634 ], [ 71.852142130740944, 24.609359084224913 ], [ 71.87172874387096, 24.681760614953205 ], [ 71.918590650647815, 24.672108873273576 ], [ 71.915419621051072, 24.649505906506622 ], [ 71.939848209258045, 24.633799930474698 ], [ 71.988208278655051, 24.657524471097329 ], [ 71.993809488250548, 24.69505595222881 ], [ 72.061287489151127, 24.712110996477858 ], [ 72.085176618368749, 24.706406660904872 ], [ 72.089792716559103, 24.658689632928727 ], [ 72.124532317615845, 24.638607082383974 ], [ 72.150236230556956, 24.643662821040369 ], [ 72.1647859350917, 24.621285121717804 ], [ 72.196545117376914, 24.614731369158278 ], [ 72.230326770286055, 24.64061122415756 ], [ 72.304950883644835, 24.617549710776888 ], [ 72.347351202460231, 24.628515312199724 ], [ 72.336056618815959, 24.598711399942438 ], [ 72.276019955403541, 24.607450367375229 ], [ 72.246374075993899, 24.585601690251622 ], [ 72.294785897334393, 24.546797253213278 ], [ 72.328966643876484, 24.552405599827335 ], [ 72.330913895866729, 24.569302472800576 ], [ 72.353706501024362, 24.563756201517002 ], [ 72.38858308797542, 24.507719350682386 ], [ 72.441413867725586, 24.515060571302115 ], [ 72.430195436962933, 24.480170101021624 ], [ 72.4572202201214, 24.414797388108774 ], [ 72.500321031720603, 24.417046692352731 ], [ 72.493153408204591, 24.459084403337947 ], [ 72.538925440251177, 24.519615090751888 ], [ 72.575919182053738, 24.478851216970984 ], [ 72.683339153298562, 24.463875255931914 ], [ 72.689122967933471, 24.411732156731823 ], [ 72.73083839770149, 24.364297771600423 ], [ 72.849738902057751, 24.372042011925622 ], [ 72.910708860253138, 24.337210996333944 ], [ 72.975095032422303, 24.368797194753853 ], [ 72.949263730289076, 24.398184184952964 ], [ 72.980962749704759, 24.434128384254453 ], [ 72.967759706917477, 24.450690291676388 ], [ 72.991084910630661, 24.477889598600946 ], [ 73.034564495971111, 24.464240920913703 ], [ 73.087210178755271, 24.498043328497161 ], [ 73.102809575479313, 24.433006974809594 ], [ 73.076481784370003, 24.396600425059741 ], [ 73.152010222742149, 24.354351115034639 ], [ 73.198504255935433, 24.376911250719218 ], [ 73.219242979976897, 24.363897166262085 ], [ 73.198543312887338, 24.331935823023962 ], [ 73.176327115325037, 24.337878386613607 ], [ 73.169201276944449, 24.300305991544604 ], [ 73.135415820568426, 24.308433275141322 ], [ 73.067422034879456, 24.194690214917159 ], [ 73.125199275452246, 24.124861775946336 ], [ 73.213914076693456, 24.0776855611897 ], [ 73.193123840558627, 24.040995628111325 ], [ 73.242771373624194, 24.002284449894404 ], [ 73.316687258806255, 24.053633760509396 ], [ 73.326306083796993, 24.109646279888171 ], [ 73.361976021484494, 24.10466223131872 ], [ 73.360852204809532, 24.081282535610846 ], [ 73.40467862788455, 24.041037913476774 ], [ 73.398590576320785, 23.990054305346657 ], [ 73.414939992645216, 23.9857834719568 ], [ 73.420809877562419, 23.930828342175918 ], [ 73.38744472134826, 23.915905374390924 ], [ 73.361106923904984, 23.872702663518396 ], [ 73.367895900342205, 23.814234336944171 ], [ 73.351828750849762, 23.791399094280468 ], [ 73.370757806174979, 23.76526110175784 ], [ 73.400233011968837, 23.785059720033512 ], [ 73.418002220091381, 23.776809665271191 ], [ 73.473503346228156, 23.705234856125198 ], [ 73.50737996363921, 23.703045044979962 ], [ 73.49658835211244, 23.649158503513256 ], [ 73.508759881916831, 23.644389335583856 ], [ 73.493749574305014, 23.63233912113958 ], [ 73.523069323944014, 23.606902965794198 ], [ 73.572639440198373, 23.653767191085134 ], [ 73.615463972237009, 23.652119021760413 ], [ 73.655641524866184, 23.621290554953795 ], [ 73.633055154033158, 23.528685989949569 ], [ 73.656350261489379, 23.507459422725738 ], [ 73.627195361688166, 23.448574898295099 ], [ 73.647432704528541, 23.436457303909719 ], [ 73.697386266661923, 23.456674430318827 ], [ 73.720791840846942, 23.410137252507344 ], [ 73.755717067079061, 23.454324986186435 ], [ 73.786262325378132, 23.430228833984788 ], [ 73.828693989108714, 23.447698049644028 ], [ 73.891915565580632, 23.334117684137333 ], [ 73.935625195092285, 23.339723505252859 ], [ 73.937975950545194, 23.367930960241022 ], [ 73.962337554076399, 23.380905995373894 ], [ 73.981920946746143, 23.337852816268128 ], [ 74.028641534155739, 23.331675608493597 ], [ 74.033053517147238, 23.305996170221814 ], [ 74.044843943878845, 23.308811932476104 ], [ 74.038153882734179, 23.293449383105887 ], [ 74.10682437651316, 23.293748616687555 ], [ 74.138783168946077, 23.266056360473225 ], [ 74.127775481152426, 23.176117130738344 ], [ 74.181161548207271, 23.151648330475584 ], [ 74.202911092539068, 23.19031334148821 ], [ 74.247034723225809, 23.184431211121215 ], [ 74.292958835558451, 23.117295803635216 ], [ 74.28367627513137, 23.094535360660299 ], [ 74.318424944680913, 23.073188261690667 ], [ 74.322111457232083, 23.041069953462479 ], [ 74.344517266692989, 23.028834539275245 ], [ 74.364226065973043, 22.981472805241889 ], [ 74.339486216909989, 22.952896379157565 ], [ 74.393205112472529, 22.896848242925497 ], [ 74.418330284893571, 22.917366590043315 ], [ 74.44690381929739, 22.921329420454612 ], [ 74.460544541952345, 22.908007509788053 ], [ 74.476096619918749, 22.852460391470835 ], [ 74.464730056067424, 22.816436052234547 ], [ 74.433729294427138, 22.808049220569995 ], [ 74.379031084287931, 22.634643723174186 ], [ 74.263629164925433, 22.644092602953194 ], [ 74.210117433443827, 22.564591639959392 ], [ 74.183344450754433, 22.566774331811896 ], [ 74.189369461246471, 22.553632719850231 ], [ 74.150668186480488, 22.521267736446244 ], [ 74.074631021383169, 22.551407854200566 ], [ 74.038361035137001, 22.534795456368116 ], [ 74.033437981715792, 22.490187589274317 ], [ 74.054618265448667, 22.50926886299327 ], [ 74.082849102453082, 22.506639970676869 ], [ 74.075622745287163, 22.464190179140438 ], [ 74.104349774823604, 22.464691107226635 ], [ 74.098569665739234, 22.442174952000151 ], [ 74.119407836875922, 22.418875327702857 ], [ 74.149379492119991, 22.455702728374551 ], [ 74.160444339715156, 22.431216199929516 ], [ 74.184036597290969, 22.441572743276833 ], [ 74.190599214446252, 22.475935216757179 ], [ 74.201619106751338, 22.434516319193374 ], [ 74.243976964898209, 22.43391193746519 ], [ 74.247602567181545, 22.414809743651695 ], [ 74.255718233122508, 22.428992383598221 ], [ 74.291020467008039, 22.393948514063819 ], [ 74.256666165054753, 22.39956180383372 ], [ 74.243301290769026, 22.376010822428277 ], [ 74.223701202909723, 22.379950842517726 ], [ 74.224146303759994, 22.356515466547176 ], [ 74.203697344788111, 22.36654624773583 ], [ 74.190147809219354, 22.320255801057144 ], [ 74.128022162122704, 22.333060249260871 ], [ 74.105381790863021, 22.371763427594249 ], [ 74.064883978055278, 22.354535722491917 ], [ 74.071964034695696, 22.336879097856244 ], [ 74.052377243699254, 22.29409353591134 ], [ 74.087175953901692, 22.242860621177517 ], [ 74.072168648459538, 22.219158630005598 ], [ 74.122450173825058, 22.212442820569787 ], [ 74.121359831970864, 22.167597668892554 ], [ 74.133985991954034, 22.160579913736242 ], [ 74.124479318033266, 22.097855149913986 ], [ 74.152555289075934, 22.106009742646293 ], [ 74.178593033044621, 22.085567080954011 ], [ 74.131373022761238, 22.048083732560588 ], [ 74.140113753544924, 22.040629333464114 ], [ 74.092075251375235, 22.015053630847149 ], [ 74.0980064984129, 21.998314226378227 ], [ 74.150598559859461, 21.986596472633373 ], [ 74.147011736948613, 21.948489602844145 ], [ 74.051688318521357, 21.926898879015553 ], [ 73.918803899139021, 21.860019770399806 ], [ 73.795606095212037, 21.824639188021887 ], [ 73.826921416322108, 21.810223149604965 ], [ 73.837672120367458, 21.789385491980674 ], [ 73.824032386757651, 21.761054173554097 ], [ 73.891635752946044, 21.691784506997323 ], [ 73.887916115917065, 21.653228529899369 ], [ 73.78014194434563, 21.628233640036612 ], [ 73.813904004100067, 21.600783613361216 ], [ 73.851937873729113, 21.497901831183682 ], [ 73.90519027146965, 21.524632420952909 ], [ 73.951755779118514, 21.512693899352822 ], [ 73.956945280937873, 21.540879447504164 ], [ 73.982282226695517, 21.521898020233426 ], [ 73.973961750259647, 21.542707466290384 ], [ 73.99813125355891, 21.538760617252763 ], [ 74.005176797824419, 21.5534601997999 ], [ 74.136609900830365, 21.546414945086546 ], [ 74.175772745260701, 21.568763676722394 ], [ 74.196896920220894, 21.532061490954334 ], [ 74.2289408585697, 21.554167840485334 ], [ 74.23592615013419, 21.539405923385427 ], [ 74.263331517139193, 21.539900842589894 ], [ 74.294873141835637, 21.569085833179617 ], [ 74.303027782083532, 21.552132471887134 ], [ 74.330313677647354, 21.55281443815058 ], [ 74.320597592060764, 21.498502625153055 ], [ 74.253377746311585, 21.467647612662439 ], [ 74.214156161044855, 21.481685185610047 ], [ 74.209097192521114, 21.462132095769675 ], [ 74.125177305415761, 21.466655532587474 ], [ 74.100662775385544, 21.447710111478056 ], [ 74.063048410011049, 21.474644260413214 ], [ 74.044627178604159, 21.419196852284191 ], [ 74.002620380273726, 21.421414221008067 ], [ 73.959251336222238, 21.395411353065864 ], [ 73.93869875837899, 21.404915968652155 ], [ 73.941938895370555, 21.299159998420119 ], [ 73.879377952535023, 21.265847711175319 ], [ 73.822637445953546, 21.270746281390242 ], [ 73.815637923278345, 21.173960225956154 ], [ 73.784701507063545, 21.183987482235512 ], [ 73.772100387618949, 21.164638771052356 ], [ 73.740089298863424, 21.171115071708243 ], [ 73.732967124710925, 21.142242625410429 ], [ 73.718728404351126, 21.139645832590407 ], [ 73.667496759655663, 21.154629329778651 ], [ 73.634372152511645, 21.140778551262791 ], [ 73.607518761621179, 21.158881433720932 ], [ 73.606452645533537, 21.178754213418781 ], [ 73.577138177988445, 21.170661527745214 ], [ 73.578242797665737, 21.150384829929308 ], [ 73.617361214117068, 21.142596373530733 ], [ 73.618188045962455, 21.118352976843205 ], [ 73.688690296233901, 21.100681085736223 ], [ 73.702856851333678, 21.11828360609784 ], [ 73.729430266096159, 21.099752865316546 ], [ 73.743515748241549, 21.115062231377376 ], [ 73.729685357992466, 21.082315779363608 ], [ 73.780095986535684, 21.064404356284999 ], [ 73.807534363932419, 21.084704841430405 ], [ 73.799898886138351, 21.038636906923578 ], [ 73.868807338246214, 20.985181546663654 ], [ 73.901085861750019, 20.982223283308084 ], [ 73.907767867701523, 20.959657503869771 ], [ 73.892099577381742, 20.955628659397764 ], [ 73.88799291378902, 20.933510983898049 ], [ 73.917332156869705, 20.907699646077795 ], [ 73.923518932384837, 20.851293011568131 ], [ 73.941253344264837, 20.840248295892078 ], [ 73.931866457093946, 20.760622024524039 ], [ 73.942196922961202, 20.742394855989797 ], [ 73.917142437173283, 20.724966882167568 ], [ 73.874234114776527, 20.729643693432031 ], [ 73.855162976516084, 20.692282964120864 ], [ 73.812008354034717, 20.692271399837978 ], [ 73.839033514485607, 20.658855354898627 ], [ 73.838304342986319, 20.620621964130688 ], [ 73.776363199069266, 20.600890758402315 ], [ 73.744598656536766, 20.564846945914958 ], [ 73.695373782609025, 20.578546356281993 ], [ 73.652335074240369, 20.564558715040487 ], [ 73.599519218202019, 20.636901291883504 ], [ 73.550882339238427, 20.648531878936932 ], [ 73.520601011359744, 20.678809814696024 ], [ 73.489237742671392, 20.655734505680677 ], [ 73.474653291301451, 20.720384849285175 ], [ 73.449534267848563, 20.717632125317994 ], [ 73.43364109777211, 20.668104410197678 ], [ 73.391982015728615, 20.646056311108438 ], [ 73.420164039178786, 20.627317789513555 ], [ 73.430948287215202, 20.594218749735411 ], [ 73.473218743776471, 20.584711695509586 ], [ 73.475278007597794, 20.543589834710293 ], [ 73.493795772863436, 20.538257879872887 ], [ 73.469644003206199, 20.519909567626154 ], [ 73.41958456743005, 20.413045285505479 ], [ 73.379783036104072, 20.393485487912887 ], [ 73.382842202990062, 20.372395415896278 ], [ 73.404244232257554, 20.385905987642165 ], [ 73.412675279626825, 20.360866252610748 ], [ 73.427701739845787, 20.280114038727657 ], [ 73.412149647506297, 20.265508252885457 ], [ 73.421423171779949, 20.206538140040546 ], [ 73.389399054757888, 20.192799960252078 ], [ 73.38395481497848, 20.21155446489103 ], [ 73.365388038529261, 20.195548538271915 ], [ 73.356843380327675, 20.212983238895074 ], [ 73.343385467528023, 20.199552158965346 ], [ 73.299428584819239, 20.209547802440547 ], [ 73.283180394254302, 20.198186620282055 ], [ 73.278140153807627, 20.148738424316562 ], [ 73.249085558992718, 20.122763120236563 ], [ 73.224876597194623, 20.123648730402035 ], [ 73.224808232706536, 20.140043461876004 ], [ 73.204317013390465, 20.119236033401073 ], [ 73.187180230007741, 20.129456659669426 ], [ 73.185572034545089, 20.155843430054102 ], [ 73.217909907943053, 20.185933262391547 ], [ 73.178137580846951, 20.192647883197605 ], [ 73.168481566501768, 20.208236940222527 ], [ 73.133183370543463, 20.205773723227608 ], [ 73.14206249308485, 20.177370125151388 ], [ 73.115254742899026, 20.151897834225405 ], [ 73.079476791781758, 20.173246225275406 ], [ 73.073774817262517, 20.155628695846804 ], [ 73.06043165705384, 20.161901847992556 ], [ 73.049001222985822, 20.200866031523464 ], [ 73.063624654950871, 20.227643395066131 ], [ 73.097853256544781, 20.227626982708728 ], [ 73.145560687311431, 20.286568494469464 ], [ 73.167084911712109, 20.288558894479831 ], [ 73.151347390928308, 20.317277122958863 ], [ 73.101363308533124, 20.302879612117717 ], [ 73.111719951307762, 20.337001320401352 ], [ 73.096383533688197, 20.36048008263375 ], [ 73.077545323191075, 20.323035049412038 ], [ 73.04251629662788, 20.325108679112141 ], [ 73.034626154535587, 20.291448498076189 ], [ 73.007684048722581, 20.312510771188659 ], [ 73.010055260611182, 20.291190263033659 ], [ 72.981220775498741, 20.289859128144514 ], [ 72.97321629493878, 20.270359974880634 ], [ 72.936881844689523, 20.294786235277918 ], [ 72.916908673018028, 20.281346318417913 ], [ 72.930370003009045, 20.244963129841448 ], [ 72.965775861155819, 20.22574196839803 ], [ 72.964711458155477, 20.213809794038085 ], [ 72.963053699045304, 20.210210324159423 ], [ 72.962697284371501, 20.20966078103768 ], [ 72.961586751982992, 20.208817733035023 ], [ 72.858664987623868, 20.224592635023331 ], [ 72.861113074639519, 20.207460353453051 ], [ 72.838960071760809, 20.208976400156633 ], [ 72.836880819526115, 20.188306281958102 ], [ 72.815964600960882, 20.184293902832756 ], [ 72.824398045933648, 20.141870296066291 ], [ 72.788552491201372, 20.149172661909812 ], [ 72.794037162355082, 20.123193313003213 ], [ 72.739589088106726, 20.132556555141104 ], [ 72.742425442259545, 20.241190885186732 ], [ 72.778816792697185, 20.334991749294669 ], [ 72.835951788147469, 20.373306772369471 ], [ 72.896595560876705, 20.379863760707305 ], [ 72.882764509467549, 20.397842333015358 ], [ 72.9040521427752, 20.414970497799434 ], [ 72.857257023044781, 20.419777727124941 ], [ 72.874847218490757, 20.445567021528813 ], [ 72.895329098921124, 20.444300916472617 ], [ 72.886553692269189, 20.462328300071778 ], [ 72.85812949649312, 20.465630589079602 ], [ 72.885943317576334, 20.497671179094777 ], [ 72.897916906302839, 20.586394557459865 ], [ 72.851005770950096, 20.710094191311271 ], [ 72.852932968051633, 20.756819905528033 ], [ 72.820215308511095, 20.793790277516436 ], [ 72.839241430396001, 20.805241704033364 ], [ 72.78017805566131, 20.921146273577659 ], [ 72.819981061122661, 20.927498291477757 ], [ 72.820370370305525, 20.952293301389645 ], [ 72.75464783647196, 20.938653056954937 ], [ 72.722160576835464, 21.037725121598037 ], [ 72.726181670507472, 21.061023038784466 ], [ 72.748936877901542, 21.057219727306475 ], [ 72.741389485310961, 21.07841005866279 ], [ 72.710845742469772, 21.079388426325657 ], [ 72.702475200228164, 21.096152570743225 ], [ 72.684790071721295, 21.08296546192955 ], [ 72.669824248682318, 21.115030207151339 ], [ 72.644827816519637, 21.086119340008253 ], [ 72.621262727591272, 21.094422986250798 ], [ 72.638060719449442, 21.211102515083262 ], [ 72.657354754884693, 21.224645859321697 ], [ 72.622255752255811, 21.242586292123619 ], [ 72.597909498211479, 21.312059374191989 ], [ 72.676457832936379, 21.443374943230719 ], [ 72.655787365334788, 21.435623517880117 ], [ 72.598943579430369, 21.507970154485729 ], [ 72.588608345629567, 21.549311089688935 ], [ 72.629949280832776, 21.616490109394142 ], [ 72.859908232900608, 21.66558246994795 ], [ 72.836653956848807, 21.675917703748752 ], [ 72.777226362494204, 21.660414853047548 ], [ 72.746220661091797, 21.675917703748752 ], [ 72.60152738788058, 21.686252937549554 ], [ 72.552435027326766, 21.657831044597348 ], [ 72.513677900573768, 21.714674830501757 ], [ 72.549851218876569, 21.789605275557566 ], [ 72.673874024486182, 21.944633782569589 ], [ 72.710047342788982, 21.936882357218987 ], [ 72.7436368526416, 21.957552824820588 ], [ 72.606695004780974, 21.934298548768787 ], [ 72.526596942824767, 21.856784295262777 ], [ 72.505926475223163, 21.931714740318586 ], [ 72.511094092123557, 21.978223292422193 ], [ 72.57310549492837, 22.179760351537819 ], [ 72.632533089282973, 22.213349861390427 ], [ 72.759139703342797, 22.179760351537819 ], [ 72.7927292131954, 22.215933669840627 ], [ 72.903832976554014, 22.241771754342629 ], [ 72.857324424450411, 22.239187945892429 ], [ 72.831486339948412, 22.270193647294832 ], [ 72.751388277992191, 22.236604137442228 ], [ 72.676457832936379, 22.275361264195233 ], [ 72.593775962529975, 22.288280306446236 ], [ 72.472336965370559, 22.275361264195233 ], [ 72.410325562565745, 22.311534582498037 ], [ 72.405157945665351, 22.365794559952246 ], [ 72.350897968211143, 22.334788858549842 ], [ 72.345730351310735, 22.293447923346637 ], [ 72.368984627362536, 22.226268903641426 ], [ 72.237210396402318, 22.053153737478002 ], [ 72.206204694999926, 21.973055675521792 ], [ 72.252713247103529, 21.890373805115381 ], [ 72.244961821752923, 21.74568053190416 ], [ 72.306973224557737, 21.634576768545546 ], [ 72.27596752315533, 21.600987258692943 ], [ 72.255297055553726, 21.533808238987731 ], [ 72.261264502914884, 21.499992703941217 ] ], [ [ 72.961593412990794, 20.332244772242706 ], [ 72.952595301403491, 20.314578215201642 ], [ 72.97147875914321, 20.297190424045599 ], [ 72.982839377943975, 20.323102703792244 ], [ 72.961593412990794, 20.332244772242706 ] ], [ [ 68.73379813881013, 23.831487105330048 ], [ 68.734603497326987, 23.831530402724702 ], [ 68.733039280685688, 23.831564787703872 ], [ 68.73379813881013, 23.831487105330048 ] ], [ [ 68.548361153311049, 23.691379173084549 ], [ 68.54861578077832, 23.691305740491025 ], [ 68.548322400887997, 23.691634162402249 ], [ 68.548361153311049, 23.691379173084549 ] ], [ [ 71.287081581579685, 24.610678718907817 ], [ 71.287239017621417, 24.611780717699979 ], [ 71.287286364226773, 24.612256047384747 ], [ 71.287081581579685, 24.610678718907817 ] ] ] } },
{ "type": "Feature", "properties": { "Name": "Uttarakhand" }, "geometry": { "type": "Polygon", "coordinates": [ [ [ 79.067933869239752, 31.46152623075545 ], [ 79.143566603813042, 31.425466492582938 ], [ 79.19221186136329, 31.362814225678786 ], [ 79.246475354278601, 31.330039472113452 ], [ 79.239212848905666, 31.314206729891811 ], [ 79.271855603324568, 31.283185725538019 ], [ 79.251865847854589, 31.24301748052012 ], [ 79.292622849774631, 31.221218236969605 ], [ 79.317481357303535, 31.136720735012393 ], [ 79.398803096519998, 31.107786474026121 ], [ 79.407727343234754, 31.076991473821732 ], [ 79.424567854151945, 31.071074483756131 ], [ 79.424760368507236, 31.030491986283899 ], [ 79.51903486999133, 31.026705985818804 ], [ 79.556539843022094, 30.960737738610273 ], [ 79.598604865657663, 30.938189975889141 ], [ 79.6707771127884, 30.979257479998022 ], [ 79.703295091214329, 30.972711988603411 ], [ 79.757290110928935, 30.99797248295398 ], [ 79.864338849789306, 30.969777979597168 ], [ 79.929096482514964, 30.882433360231598 ], [ 79.962152897647456, 30.890020033402962 ], [ 80.042033922404485, 30.835816162758931 ], [ 80.056017551766345, 30.841506236298791 ], [ 80.110908485568274, 30.779295111829313 ], [ 80.177770807224249, 30.804054576165591 ], [ 80.214909140058325, 30.749061571920425 ], [ 80.239663519371092, 30.762058858528249 ], [ 80.250510711461132, 30.737136921798264 ], [ 80.236422141806145, 30.690383765482071 ], [ 80.199711889442597, 30.683047100989658 ], [ 80.197164291551346, 30.661978142050213 ], [ 80.221168545262529, 30.641815643096951 ], [ 80.211670762866405, 30.622419945783101 ], [ 80.226830222256467, 30.578944968737172 ], [ 80.257760069989885, 30.558835944014355 ], [ 80.283067158442464, 30.572193389702871 ], [ 80.385591982430341, 30.515049869561018 ], [ 80.415579346513766, 30.525334522747833 ], [ 80.539078441793762, 30.449196885157569 ], [ 80.5980088416119, 30.478766266927611 ], [ 80.751968890098183, 30.393503887844748 ], [ 80.821570823639092, 30.315557565342029 ], [ 81.033208017917573, 30.246389546459781 ], [ 81.025908701380928, 30.226951150196523 ], [ 81.044094449317555, 30.205832496749505 ], [ 80.960047335615101, 30.178992384855711 ], [ 80.918281138457132, 30.189834428861374 ], [ 80.919718667490528, 30.214195647548582 ], [ 80.902732666328248, 30.215380752614902 ], [ 80.867764003857175, 30.173865811952403 ], [ 80.874146335423191, 30.125582946213505 ], [ 80.761031754047792, 30.049516974934221 ], [ 80.746771429205438, 30.005780338007369 ], [ 80.718964967121025, 30.00057858244692 ], [ 80.674547926899521, 29.957214661778778 ], [ 80.60184825191601, 29.958126859877119 ], [ 80.574109874045305, 29.924037678545197 ], [ 80.553121658205015, 29.851335828222705 ], [ 80.506676995521474, 29.823020288929396 ], [ 80.49385650568783, 29.795804921909589 ], [ 80.435027862533488, 29.805973512156324 ], [ 80.406947461898127, 29.794740756516113 ], [ 80.397373364923666, 29.758908205260564 ], [ 80.365866127736325, 29.748415285546063 ], [ 80.384169818181562, 29.675090416085137 ], [ 80.420257912650655, 29.638333290421958 ], [ 80.407939033986821, 29.595971849201277 ], [ 80.378485564727896, 29.561053270684646 ], [ 80.342470422443, 29.552773478643935 ], [ 80.357881609538609, 29.532767396557976 ], [ 80.349669544486161, 29.519208445564121 ], [ 80.286935311242416, 29.476976717331311 ], [ 80.301784276039314, 29.452776101840424 ], [ 80.24224020830448, 29.442875798734754 ], [ 80.242151475415696, 29.41137605475074 ], [ 80.275116615427109, 29.393009354733937 ], [ 80.280057584848379, 29.347023456561992 ], [ 80.316881033920836, 29.315249076935842 ], [ 80.290574990126231, 29.231667411485276 ], [ 80.297375526084551, 29.204926384293906 ], [ 80.285950035445538, 29.195846100702038 ], [ 80.248797293634283, 29.22122846928589 ], [ 80.240537762500523, 29.202542955590044 ], [ 80.272052330838946, 29.141296249550155 ], [ 80.233043566344477, 29.118487490692274 ], [ 80.18319035950303, 29.137184706032656 ], [ 80.142867904126945, 29.099523068939895 ], [ 80.124504605072744, 29.01306948111435 ], [ 80.135418552768158, 29.00739605832073 ], [ 80.117924283021495, 28.981547486564494 ], [ 80.100547048484998, 28.986903822144203 ], [ 80.05846925090772, 28.916626086002598 ], [ 80.065411829377084, 28.836833314660261 ], [ 80.051802090514627, 28.820412118488665 ], [ 80.06803518219624, 28.801151525167541 ], [ 80.025196116314632, 28.746512672434264 ], [ 79.954177359907632, 28.722872218341397 ], [ 79.924090793969043, 28.773202609417272 ], [ 79.939832076897247, 28.787756398119136 ], [ 79.901371622492647, 28.782015277424538 ], [ 79.873069577832283, 28.797322723190788 ], [ 79.878500962719954, 28.814874066758463 ], [ 79.915534092054486, 28.804313617875152 ], [ 79.888100550288925, 28.836658687231498 ], [ 79.86320099064983, 28.840256725676319 ], [ 79.846315638528608, 28.823216008884511 ], [ 79.849352675417563, 28.799677235908749 ], [ 79.810203030832014, 28.798338039841951 ], [ 79.837183996865903, 28.8323896041944 ], [ 79.823828491110277, 28.839050145174348 ], [ 79.836791308220882, 28.839957436653918 ], [ 79.830117679059413, 28.854311221215223 ], [ 79.849612336145384, 28.859337361111901 ], [ 79.818035690627596, 28.88784650990695 ], [ 79.749081740647227, 28.871808542681858 ], [ 79.706679874034592, 28.841049190087624 ], [ 79.656059284056639, 28.86980990337684 ], [ 79.584371239643843, 28.846312769639262 ], [ 79.573499327713819, 28.854686611782775 ], [ 79.584279188378375, 28.879220504473437 ], [ 79.556488377641145, 28.899300371661074 ], [ 79.521790196105485, 28.864785103724294 ], [ 79.425578364523474, 28.866459407829041 ], [ 79.427953610745973, 28.919825307177351 ], [ 79.408038511564342, 28.95196983667487 ], [ 79.385306425907402, 28.951810336979655 ], [ 79.372367071893692, 28.987512638549564 ], [ 79.36470950901834, 28.968115854555066 ], [ 79.31190971575559, 28.977099251165562 ], [ 79.307273388403374, 28.966508551681674 ], [ 79.211739894455306, 29.027606301925793 ], [ 79.171062294623226, 29.011910634779593 ], [ 79.162356397811322, 29.02925125899214 ], [ 79.175113966947507, 29.046288164968118 ], [ 79.142509231926383, 29.066988943728507 ], [ 79.153506997827733, 29.115226692832845 ], [ 79.039442783111028, 29.168610800646913 ], [ 79.037406058918478, 29.144865408706558 ], [ 79.017826232560409, 29.153882614448051 ], [ 79.01692581072696, 29.130814266647189 ], [ 79.040637580168109, 29.127709028593078 ], [ 79.026704004035636, 29.112459086185378 ], [ 79.008175025100314, 29.111953074201015 ], [ 78.982348261255865, 29.14308824687852 ], [ 78.956449958277176, 29.119930040045503 ], [ 78.906338699590592, 29.125056124679581 ], [ 78.91876857319258, 29.135619561664633 ], [ 78.908754421204847, 29.178604321039312 ], [ 78.875220168816568, 29.205210918089218 ], [ 78.8744694754797, 29.230244953812804 ], [ 78.858342724564764, 29.241884162551518 ], [ 78.807631261910998, 29.23655247693037 ], [ 78.76501866310916, 29.27934915491802 ], [ 78.72269338595936, 29.299362068549211 ], [ 78.718590775565204, 29.306684086547239 ], [ 78.734456367362412, 29.302983139614803 ], [ 78.733671780589901, 29.321947094551057 ], [ 78.750321232422564, 29.317398151722902 ], [ 78.766554615158341, 29.337444795052434 ], [ 78.793450868264273, 29.328210387008351 ], [ 78.789554198445629, 29.315339887579551 ], [ 78.795914115248678, 29.311808690043534 ], [ 78.824736437172149, 29.367174686105376 ], [ 78.849871886319988, 29.344860854022421 ], [ 78.942336835868815, 29.438615320387164 ], [ 78.799676310862537, 29.464619493342383 ], [ 78.617734240739225, 29.558072012063757 ], [ 78.532675291650236, 29.638795726372955 ], [ 78.516543567661884, 29.719448154121189 ], [ 78.500965329856072, 29.732951382568018 ], [ 78.335658281028685, 29.796652652024527 ], [ 78.259750779657807, 29.738383310153615 ], [ 78.203920509004263, 29.737311787487343 ], [ 78.196029017642445, 29.692722452112953 ], [ 78.171620714292899, 29.691616662088894 ], [ 78.130536122839843, 29.652583487513461 ], [ 78.081460657608488, 29.635187946142111 ], [ 78.086686065089722, 29.625078356807204 ], [ 78.057469335145825, 29.630732625477894 ], [ 78.018280991137843, 29.598244576109238 ], [ 78.021596530019409, 29.580897667796552 ], [ 77.995162072054939, 29.595841247227476 ], [ 77.967493941541107, 29.580110455947494 ], [ 77.933298966583251, 29.600560347699922 ], [ 77.948417690070073, 29.616960085794449 ], [ 77.977686724421417, 29.613491062218554 ], [ 77.983784031327531, 29.64368289602681 ], [ 77.939891164362535, 29.696129330890134 ], [ 77.95301515001492, 29.707393424647279 ], [ 77.882642826676246, 29.702473809164992 ], [ 77.830044599193585, 29.668345427959963 ], [ 77.799049163664591, 29.686237515345191 ], [ 77.8104790722182, 29.702417341430095 ], [ 77.769726349872158, 29.717648665555661 ], [ 77.782673432990592, 29.736284323119754 ], [ 77.769524608920605, 29.745384644687455 ], [ 77.774669268637581, 29.791068577987581 ], [ 77.751574461235236, 29.810726553118013 ], [ 77.74188436031659, 29.85189278847611 ], [ 77.714292689009852, 29.869501901007318 ], [ 77.747771386886043, 29.911213676967805 ], [ 77.73046660147719, 29.93174285245896 ], [ 77.748359541750332, 29.951687175395929 ], [ 77.7332923456282, 29.955981894601969 ], [ 77.761953920319755, 30.009352859907612 ], [ 77.781979759318091, 30.018676069783517 ], [ 77.771133876971717, 30.048070618164964 ], [ 77.801190418518544, 30.095526467299869 ], [ 77.828049393336826, 30.085966448042512 ], [ 77.860411447585633, 30.113241800316658 ], [ 77.918931549084263, 30.211328728754946 ], [ 77.961693941061441, 30.24241955439236 ], [ 77.846521404710103, 30.271691411564827 ], [ 77.721843464655777, 30.330257661818845 ], [ 77.656641690480598, 30.400990771891724 ], [ 77.576030187175533, 30.397436873184521 ], [ 77.572356824163492, 30.407958190214092 ], [ 77.815044357204471, 30.50518656684438 ], [ 77.827335096142022, 30.529172202561792 ], [ 77.817849285593695, 30.561076814524455 ], [ 77.774023671002482, 30.55789428714067 ], [ 77.743149519714976, 30.593159895796735 ], [ 77.746093867534583, 30.60394666670102 ], [ 77.771668534465888, 30.596954794510108 ], [ 77.771105700414523, 30.616429040374889 ], [ 77.796253035171901, 30.613699924387404 ], [ 77.781229593292281, 30.646722073164735 ], [ 77.792523221129102, 30.6587400014072 ], [ 77.747402160439648, 30.679904095016923 ], [ 77.755815360979156, 30.706978401269009 ], [ 77.702431223505556, 30.746008563608953 ], [ 77.703772651668189, 30.765214846876603 ], [ 77.76127357764608, 30.826120211085239 ], [ 77.744015377071236, 30.846648439198482 ], [ 77.758219325443008, 30.876852664062504 ], [ 77.805678020792314, 30.853268367435778 ], [ 77.81329443903104, 30.921923582783727 ], [ 77.762791724188034, 30.918236098971541 ], [ 77.748784064892348, 30.952236340621589 ], [ 77.770974135852953, 30.974394118969986 ], [ 77.82435428660331, 30.950553637325687 ], [ 77.838317370596286, 30.954239295458596 ], [ 77.814370601876774, 30.961839441779933 ], [ 77.831813265207018, 30.994049193541375 ], [ 77.807506037598273, 31.016269093814447 ], [ 77.811448462207608, 31.031688651749832 ], [ 77.829817956044025, 31.02881538002887 ], [ 77.81135249428749, 31.059156820970795 ], [ 77.851231144183956, 31.073422884220932 ], [ 77.901307264369905, 31.151881540406769 ], [ 77.967319838157593, 31.173423701892613 ], [ 78.030338849922813, 31.151024698834227 ], [ 78.042637518289354, 31.178561180254754 ], [ 78.103618942581065, 31.18543750739229 ], [ 78.160224325475795, 31.225535055469358 ], [ 78.21244115164501, 31.219626783702175 ], [ 78.220322467789657, 31.234000010885829 ], [ 78.246951455030583, 31.23046479448497 ], [ 78.282865817120353, 31.266268780346568 ], [ 78.306326502948053, 31.259951065297411 ], [ 78.311157267050277, 31.283202222864261 ], [ 78.370315400572721, 31.28639250308952 ], [ 78.396171963331753, 31.27536756207347 ], [ 78.40695164702818, 31.242245683709342 ], [ 78.434251591344719, 31.254640034976486 ], [ 78.455711716458254, 31.241077344127319 ], [ 78.483752944259024, 31.198994680545077 ], [ 78.551624306642722, 31.1999670662988 ], [ 78.578242627287963, 31.225316803950289 ], [ 78.609344452990982, 31.229317841943516 ], [ 78.647041723883035, 31.214775291302342 ], [ 78.658008295786132, 31.185096863846837 ], [ 78.671904182202553, 31.196937793986955 ], [ 78.76517962324175, 31.185813406284108 ], [ 78.809916887709207, 31.198342168058069 ], [ 78.831209328800227, 31.140652929414575 ], [ 78.885438542004337, 31.09877932443419 ], [ 79.008921806274074, 31.109980973912176 ], [ 78.985913300919378, 31.173889423168809 ], [ 78.957535942403908, 31.186651765231918 ], [ 78.947729444078959, 31.216832509832798 ], [ 78.929045186855177, 31.217030191885932 ], [ 78.916104348824632, 31.248651296112012 ], [ 78.886079796285074, 31.268594718512418 ], [ 78.881173729107545, 31.284255186822858 ], [ 78.927033601117543, 31.255414733118272 ], [ 78.93936837008043, 31.326472224882842 ], [ 79.010832362084983, 31.357082979912132 ], [ 79.067933869239752, 31.46152623075545 ] ] ] } },
{ "type": "Feature", "properties": { "Name": "Uttar Pradesh" }, "geometry": { "type": "Polygon", "coordinates": [ [ [ 77.591892808244097, 30.406315765874293 ], [ 77.657240100512183, 30.400725651555167 ], [ 77.721843464655777, 30.330257661818845 ], [ 77.846521404710103, 30.271691411564827 ], [ 77.961693941061441, 30.24241955439236 ], [ 77.918931549084263, 30.211328728754946 ], [ 77.860411447585633, 30.113241800316658 ], [ 77.828049393336826, 30.085966448042512 ], [ 77.801190418518544, 30.095526467299869 ], [ 77.771133876971717, 30.048070618164964 ], [ 77.781979759318091, 30.018676069783517 ], [ 77.761953920319755, 30.009352859907612 ], [ 77.7332923456282, 29.955981894601969 ], [ 77.748359541750332, 29.951687175395929 ], [ 77.73046660147719, 29.93174285245896 ], [ 77.747771386886043, 29.911213676967805 ], [ 77.714292689009852, 29.869501901007318 ], [ 77.74188436031659, 29.85189278847611 ], [ 77.751574461235236, 29.810726553118013 ], [ 77.774669268637581, 29.791068577987581 ], [ 77.769524608920605, 29.745384644687455 ], [ 77.782673432990592, 29.736284323119754 ], [ 77.769726349872158, 29.717648665555661 ], [ 77.8104790722182, 29.702417341430095 ], [ 77.799049163664591, 29.686237515345191 ], [ 77.830044599193585, 29.668345427959963 ], [ 77.882642826676246, 29.702473809164992 ], [ 77.912529748331124, 29.695968115103927 ], [ 77.926440067979243, 29.714265920203839 ], [ 77.947019089529533, 29.712530435155458 ], [ 77.939891164362535, 29.696129330890134 ], [ 77.983784031327531, 29.64368289602681 ], [ 77.977686724421417, 29.613491062218554 ], [ 77.948417690070073, 29.616960085794449 ], [ 77.933298966583251, 29.600560347699922 ], [ 77.96710056748158, 29.580185259910888 ], [ 77.995162072054939, 29.595841247227476 ], [ 78.021596530019409, 29.580897667796552 ], [ 78.018280991137843, 29.598244576109238 ], [ 78.057469335145825, 29.630732625477894 ], [ 78.086686065089722, 29.625078356807204 ], [ 78.081460657608488, 29.635187946142111 ], [ 78.130536122839843, 29.652583487513461 ], [ 78.171620714292899, 29.691616662088894 ], [ 78.196029017642445, 29.692722452112953 ], [ 78.203920509004263, 29.737311787487343 ], [ 78.259750779657807, 29.738383310153615 ], [ 78.335658281028685, 29.796652652024527 ], [ 78.500965329856072, 29.732951382568018 ], [ 78.516543567661884, 29.719448154121189 ], [ 78.532675291650236, 29.638795726372955 ], [ 78.617734240739225, 29.558072012063757 ], [ 78.799676310862537, 29.464619493342383 ], [ 78.942336835868815, 29.438615320387164 ], [ 78.849871886319988, 29.344860854022421 ], [ 78.824736437172149, 29.367174686105376 ], [ 78.795914115248678, 29.311808690043534 ], [ 78.793450868264273, 29.328210387008351 ], [ 78.766554615158341, 29.337444795052434 ], [ 78.750321232422564, 29.317398151722902 ], [ 78.733671780589901, 29.321947094551057 ], [ 78.734456367362412, 29.302983139614803 ], [ 78.718590775565204, 29.306684086547239 ], [ 78.807631261910998, 29.23655247693037 ], [ 78.858342724564764, 29.241884162551518 ], [ 78.8744694754797, 29.230244953812804 ], [ 78.875220168816568, 29.205210918089218 ], [ 78.908754421204847, 29.178604321039312 ], [ 78.91876857319258, 29.135619561664633 ], [ 78.906338699590592, 29.125056124679581 ], [ 78.956449958277176, 29.119930040045503 ], [ 78.982348261255865, 29.14308824687852 ], [ 79.008175025100314, 29.111953074201015 ], [ 79.026704004035636, 29.112459086185378 ], [ 79.040637580168109, 29.127709028593078 ], [ 79.01692581072696, 29.130814266647189 ], [ 79.017826232560409, 29.153882614448051 ], [ 79.037406058918478, 29.144865408706558 ], [ 79.035844972007624, 29.169434514573055 ], [ 79.111905163620648, 29.127966337548642 ], [ 79.126872680882215, 29.132727039314407 ], [ 79.153506997827733, 29.115226692832845 ], [ 79.142509231926383, 29.066988943728507 ], [ 79.175113966947507, 29.046288164968118 ], [ 79.162356397811322, 29.02925125899214 ], [ 79.171062294623226, 29.011910634779593 ], [ 79.211739894455306, 29.027606301925793 ], [ 79.307273388403374, 28.966508551681674 ], [ 79.31190971575559, 28.977099251165562 ], [ 79.36470950901834, 28.968115854555066 ], [ 79.372367071893692, 28.987512638549564 ], [ 79.385306425907402, 28.951810336979655 ], [ 79.408038511564342, 28.95196983667487 ], [ 79.427953610745973, 28.919825307177351 ], [ 79.425578364523474, 28.866459407829041 ], [ 79.521790196105485, 28.864785103724294 ], [ 79.556488377641145, 28.899300371661074 ], [ 79.584279188378375, 28.879220504473437 ], [ 79.573499327713819, 28.854686611782775 ], [ 79.584371239643843, 28.846312769639262 ], [ 79.656059284056639, 28.86980990337684 ], [ 79.706679874034592, 28.841049190087624 ], [ 79.749081740647227, 28.871808542681858 ], [ 79.818035690627596, 28.88784650990695 ], [ 79.849612336145384, 28.859337361111901 ], [ 79.830750704772157, 28.855269809173212 ], [ 79.836791308220882, 28.839957436653918 ], [ 79.823828491110277, 28.839050145174348 ], [ 79.837183996865903, 28.8323896041944 ], [ 79.808768977380453, 28.800054567180474 ], [ 79.849352675417563, 28.799677235908749 ], [ 79.846315638528608, 28.823216008884511 ], [ 79.86320099064983, 28.840256725676319 ], [ 79.888233783920256, 28.836597808518071 ], [ 79.915534092054486, 28.804313617875152 ], [ 79.878500962719954, 28.814874066758463 ], [ 79.873069577832283, 28.797322723190788 ], [ 79.901371622492647, 28.782015277424538 ], [ 79.939832076897247, 28.787756398119136 ], [ 79.924090793969043, 28.773202609417272 ], [ 79.954177359907632, 28.722872218341397 ], [ 80.030144938808135, 28.748673430401141 ], [ 80.061749332386725, 28.783234554567944 ], [ 80.068112546905127, 28.802884292879401 ], [ 80.051802090514627, 28.820412118488665 ], [ 80.064735184169095, 28.836441560099125 ], [ 80.074819093033611, 28.824486808421931 ], [ 80.118051622806277, 28.828979795469195 ], [ 80.215985776316231, 28.755568199767001 ], [ 80.256580724853961, 28.754251754179005 ], [ 80.256519122883375, 28.729248434757274 ], [ 80.317121688093891, 28.700142949458627 ], [ 80.325726982577109, 28.666477572078126 ], [ 80.360995359857867, 28.635262673750589 ], [ 80.45193976526123, 28.628856599983841 ], [ 80.468677203482756, 28.583530202833902 ], [ 80.51762378652198, 28.551960218398076 ], [ 80.530595342443689, 28.572620823168037 ], [ 80.505926427948765, 28.670836277536864 ], [ 80.539529679934034, 28.690756397843749 ], [ 80.590519989533433, 28.680036672687518 ], [ 80.589448366773155, 28.648037153220308 ], [ 80.667625397929001, 28.642189319470031 ], [ 80.677466810175815, 28.6044459774687 ], [ 80.695787150894816, 28.603475742193762 ], [ 80.69044598920101, 28.587595881952769 ], [ 80.714532675017608, 28.568404815298752 ], [ 80.768600671170887, 28.565907156116342 ], [ 80.789133635198255, 28.524473685510241 ], [ 80.865948965910448, 28.489583844961022 ], [ 80.861521619032686, 28.504393560111268 ], [ 80.896093966359956, 28.507019408582806 ], [ 80.915414611690537, 28.457637138291584 ], [ 80.914148180277735, 28.46842769898598 ], [ 80.930517531116621, 28.457774740099484 ], [ 80.94256800844488, 28.468889685328232 ], [ 80.932021265088139, 28.458890642050793 ], [ 80.951726752279711, 28.44764013936302 ], [ 80.980167386327167, 28.45524161477806 ], [ 80.964643460663439, 28.444837669370376 ], [ 80.978834144511708, 28.434151868389137 ], [ 81.016757136881822, 28.451288828722479 ], [ 81.012609329550813, 28.437819736229653 ], [ 81.034203438388971, 28.428179151937847 ], [ 81.017531770321014, 28.415472578816452 ], [ 81.033833593003351, 28.398898343214388 ], [ 81.035673368756377, 28.413577398326943 ], [ 81.07973896558083, 28.385059639177374 ], [ 81.210596877310337, 28.360833482502468 ], [ 81.234482279417833, 28.324738610663104 ], [ 81.232638616654583, 28.289148120675421 ], [ 81.320943817567297, 28.197554298194753 ], [ 81.32134719975744, 28.168885643266972 ], [ 81.302004189969509, 28.164762648628162 ], [ 81.328059463662669, 28.148081641796004 ], [ 81.318030713153235, 28.133671633782861 ], [ 81.371076324105289, 28.143491564543762 ], [ 81.37351487640251, 28.177300688565083 ], [ 81.446683629169499, 28.161015652403716 ], [ 81.449933677273577, 28.140850605668398 ], [ 81.48400523359291, 28.118565954443895 ], [ 81.478276329378033, 28.082713155936478 ], [ 81.623983338855126, 28.001635003900422 ], [ 81.698440705134232, 27.988191072274862 ], [ 81.884958491480916, 27.856950569088404 ], [ 81.925849843638247, 27.859831323789155 ], [ 81.968324251006663, 27.929120749517608 ], [ 82.069960837909576, 27.923645806331937 ], [ 82.121382363998208, 27.865846257100863 ], [ 82.208306751911294, 27.843578789975915 ], [ 82.448670311871268, 27.6793150443252 ], [ 82.707652844890021, 27.722916395192073 ], [ 82.711500686781349, 27.66529009616464 ], [ 82.736601627147593, 27.643452761780544 ], [ 82.735115382476337, 27.609932885534352 ], [ 82.755766952867262, 27.587799175297899 ], [ 82.735546941223646, 27.502352061025547 ], [ 82.92929510020555, 27.50116947602741 ], [ 82.954092377666413, 27.467732540615167 ], [ 83.034574118430371, 27.448722978528121 ], [ 83.187947994634158, 27.454315506741416 ], [ 83.272151582282689, 27.383348635722061 ], [ 83.272427147682606, 27.3526281341268 ], [ 83.317587517750567, 27.330163629557159 ], [ 83.359233880547976, 27.343261565269298 ], [ 83.40934186038379, 27.412806039766359 ], [ 83.383910454079043, 27.436276604086114 ], [ 83.401739278895391, 27.457539052160065 ], [ 83.388175154686436, 27.479755197888064 ], [ 83.614264718343691, 27.469436886514213 ], [ 83.831783274415457, 27.370388454027751 ], [ 83.863781999657732, 27.346786410289265 ], [ 83.836775866422869, 27.322220855340543 ], [ 83.859218121433187, 27.308280589728376 ], [ 83.925780946570057, 27.321488243106451 ], [ 83.934445889188154, 27.299567451073621 ], [ 83.905274480148648, 27.257352351593433 ], [ 83.970245591213384, 27.223968438686271 ], [ 83.994245361432974, 27.175148321447296 ], [ 83.959125538550751, 27.136854380641996 ], [ 83.946532070057387, 27.090798137113833 ], [ 84.030398338520101, 27.097606162455143 ], [ 84.000123317713033, 27.068562960960495 ], [ 84.049563648070077, 27.043246682063554 ], [ 84.037369152835453, 27.009052841069245 ], [ 84.056746841186595, 26.989683593869671 ], [ 84.045806246764897, 26.982259237030739 ], [ 84.05488113017303, 26.960080345003668 ], [ 84.032179906137671, 26.941200237311612 ], [ 84.060020134995284, 26.920200583496765 ], [ 84.060315138141334, 26.888111618107693 ], [ 84.098188418641953, 26.875944211837933 ], [ 84.110468895225694, 26.898608270610637 ], [ 84.146467927124263, 26.885398850070782 ], [ 84.140665805722193, 26.852656071164503 ], [ 84.166156249307377, 26.833769998477127 ], [ 84.219553412352639, 26.871605074766656 ], [ 84.254118210238261, 26.856529950083381 ], [ 84.259946560650008, 26.804373188428158 ], [ 84.232645043383386, 26.753657443973371 ], [ 84.24072772767876, 26.738697136919949 ], [ 84.256054168608742, 26.726730459648778 ], [ 84.306139763325945, 26.749507396817368 ], [ 84.330352476488713, 26.683920106594019 ], [ 84.410640693191013, 26.670131343368283 ], [ 84.41995123703748, 26.626837805130936 ], [ 84.307373857185198, 26.616260351151436 ], [ 84.28150591726309, 26.59950338435619 ], [ 84.160345981084006, 26.624473240327077 ], [ 84.158747757819285, 26.636170701588064 ], [ 84.086556798781231, 26.639116119821477 ], [ 84.089144486686934, 26.602997035298458 ], [ 84.047813384045227, 26.536209244333058 ], [ 84.008628914471089, 26.521656033796269 ], [ 83.976648800524899, 26.533428784127238 ], [ 83.971248802773246, 26.507488233221011 ], [ 83.940240500674449, 26.525232376445128 ], [ 83.908141861213053, 26.519051931739792 ], [ 83.90807573353004, 26.447063544694355 ], [ 83.991542255284585, 26.432244361205612 ], [ 84.017361004360026, 26.447580552045036 ], [ 84.033968093440549, 26.411718990587694 ], [ 84.079285867210899, 26.382605005868545 ], [ 84.176965413016518, 26.370634233548454 ], [ 84.186183218386319, 26.312936895794319 ], [ 84.166310083104861, 26.241034491113979 ], [ 84.151218132108411, 26.257762824468767 ], [ 84.120721708923156, 26.258573102005482 ], [ 84.086534261847376, 26.218639733320892 ], [ 84.019054274771676, 26.238813207833644 ], [ 84.028992760764723, 26.199175377005332 ], [ 84.00947325717631, 26.175413469247008 ], [ 84.033777836551565, 26.160300789762289 ], [ 84.027601459934161, 26.142327970204491 ], [ 84.049764837456053, 26.130557535228132 ], [ 84.05597733622939, 26.100027192010735 ], [ 84.103923327196156, 26.092676573426417 ], [ 84.172551952296388, 26.024571321107949 ], [ 84.170082532987692, 25.987663570755654 ], [ 84.207133931360119, 25.999819162586753 ], [ 84.296970988004347, 25.945160927882633 ], [ 84.354010597642798, 25.958769393293078 ], [ 84.41192397610024, 25.93072997183128 ], [ 84.427613654408646, 25.89122083564158 ], [ 84.534046970942569, 25.876217952177921 ], [ 84.54385168162014, 25.85885957024653 ], [ 84.523234766436232, 25.860063575767327 ], [ 84.53054932828158, 25.83160267514662 ], [ 84.548466363167265, 25.828479729456234 ], [ 84.550810372272437, 25.84059224916356 ], [ 84.624865028301258, 25.791879172777563 ], [ 84.623609969559908, 25.770907945378656 ], [ 84.603025630881476, 25.761923810870929 ], [ 84.63471735597706, 25.727898600064663 ], [ 84.560345829113217, 25.736884698864603 ], [ 84.557476991879753, 25.67950943106257 ], [ 84.535475294040992, 25.690484474699723 ], [ 84.53976997412434, 25.726754205763079 ], [ 84.529162403144781, 25.682655693903257 ], [ 84.499245423860472, 25.674818724245156 ], [ 84.453505772486594, 25.71391527648613 ], [ 84.429683545299781, 25.710998047505541 ], [ 84.426860334397901, 25.693055851679308 ], [ 84.406651398981737, 25.697844044899046 ], [ 84.4000314046326, 25.728786675438247 ], [ 84.384348550825422, 25.732041615658805 ], [ 84.391063355166267, 25.744899838417325 ], [ 84.336665775220069, 25.743521338196366 ], [ 84.323989118239822, 25.670307164617466 ], [ 84.28723706996108, 25.676573614011705 ], [ 84.299835260897865, 25.664535935479027 ], [ 84.276480066030615, 25.659294525402018 ], [ 84.20584395151046, 25.669735232436174 ], [ 84.198938550717457, 25.702169859837642 ], [ 84.154676300100874, 25.729260831817776 ], [ 84.143059242829196, 25.716327673800709 ], [ 84.129870256879514, 25.717774427000489 ], [ 84.13985676770595, 25.731690093913883 ], [ 84.104483445640412, 25.720958285212088 ], [ 84.075014478646224, 25.695287986359777 ], [ 84.081332569889597, 25.636414656826474 ], [ 84.017410391039434, 25.614741980547041 ], [ 83.924639688205545, 25.55428636612994 ], [ 83.90213831596472, 25.523998064661132 ], [ 83.876261927387361, 25.518033843225783 ], [ 83.856795684912143, 25.46854148989954 ], [ 83.816604764453217, 25.462731248848595 ], [ 83.812858450155247, 25.448169184219303 ], [ 83.846402133955721, 25.434322892149545 ], [ 83.801609775811912, 25.429803003724018 ], [ 83.8078839142851, 25.409070870342262 ], [ 83.769021701844395, 25.386327004492152 ], [ 83.740642359848778, 25.410603755027381 ], [ 83.710170980795297, 25.38601685786141 ], [ 83.70173084786525, 25.396131893790002 ], [ 83.682104678320016, 25.378596768312324 ], [ 83.693755193344472, 25.36960074921112 ], [ 83.655993465635802, 25.368336351236689 ], [ 83.648848744667944, 25.339243235095989 ], [ 83.596328358899598, 25.327638100693218 ], [ 83.573770727867483, 25.306097755309263 ], [ 83.572103700838525, 25.314636887704157 ], [ 83.539954839264553, 25.315759424068975 ], [ 83.554141262403434, 25.308463850519203 ], [ 83.505506508853813, 25.281012478460287 ], [ 83.490423245464498, 25.289452967152567 ], [ 83.467969288100988, 25.252317265818316 ], [ 83.45013701195731, 25.261011709595543 ], [ 83.436275317217209, 25.244212401099819 ], [ 83.409958038193352, 25.246599702443103 ], [ 83.402088304027686, 25.209056908204385 ], [ 83.357297851210575, 25.199651995804487 ], [ 83.351352606624161, 25.157001457638007 ], [ 83.367422619945771, 25.125217640326831 ], [ 83.350141307515287, 25.113268037733189 ], [ 83.34340978193373, 25.050868835837147 ], [ 83.320259788328528, 25.017234718503367 ], [ 83.35058793909478, 25.008747738682665 ], [ 83.343259764179621, 24.963307199752606 ], [ 83.361735583511361, 24.953636522409226 ], [ 83.354736001547352, 24.905417120968135 ], [ 83.369577010864106, 24.880059111310452 ], [ 83.357634683509517, 24.870527244304046 ], [ 83.396908402503769, 24.832396146932115 ], [ 83.393575596205835, 24.782247855282819 ], [ 83.428115881762295, 24.768169346814883 ], [ 83.458291878580667, 24.731501680141683 ], [ 83.489395317657937, 24.736423698497941 ], [ 83.485074158833271, 24.70155514056642 ], [ 83.520408149062391, 24.677470590090138 ], [ 83.500520311054629, 24.651220347250227 ], [ 83.547987722757171, 24.622845490539746 ], [ 83.523555496373291, 24.603100414369685 ], [ 83.530124152003935, 24.567290494055285 ], [ 83.497151697011162, 24.539067108309155 ], [ 83.503318771573817, 24.525390844204022 ], [ 83.396983260913032, 24.49687208480708 ], [ 83.385552346246342, 24.451237739748844 ], [ 83.404934268357394, 24.435969310388675 ], [ 83.405110140523732, 24.404755101565637 ], [ 83.434458571573131, 24.400723018035489 ], [ 83.457306011692353, 24.364519678016478 ], [ 83.380407894938472, 24.313750508334618 ], [ 83.409140839881076, 24.266298246123014 ], [ 83.37877060034883, 24.230330834947519 ], [ 83.383030345849107, 24.197887990251122 ], [ 83.354099969173362, 24.124876582502413 ], [ 83.299492645184728, 24.078898841285415 ], [ 83.279146639432625, 24.018244543853019 ], [ 83.242622418282949, 24.011555755404316 ], [ 83.223645485448074, 23.986617732647538 ], [ 83.207952801376749, 23.921364751581866 ], [ 83.091410161740583, 23.871517613480371 ], [ 82.947912624281813, 23.871394692068609 ], [ 82.837020834245479, 23.956777963197165 ], [ 82.812611643360412, 23.959869433054589 ], [ 82.803861457808367, 24.00352814347811 ], [ 82.751276523595294, 24.011890677217998 ], [ 82.774111981985229, 24.075898669798519 ], [ 82.713909109583966, 24.074542881275658 ], [ 82.70713554913533, 24.096891359031293 ], [ 82.665560349078078, 24.124241027168321 ], [ 82.678032451583292, 24.152867345639503 ], [ 82.72813542959959, 24.135554768702921 ], [ 82.74436306221925, 24.165573366152479 ], [ 82.734677568759679, 24.217274486176247 ], [ 82.758853230010175, 24.236710548596307 ], [ 82.77333212304606, 24.343774822982301 ], [ 82.764417981479909, 24.376070876898527 ], [ 82.725424452412668, 24.368126486474274 ], [ 82.713467481620611, 24.380305609136798 ], [ 82.739806019275676, 24.43011120691823 ], [ 82.729974921484981, 24.472433055376321 ], [ 82.743698726625581, 24.496277403090016 ], [ 82.720698577399645, 24.513771233930051 ], [ 82.73105877121462, 24.53478561869559 ], [ 82.719270566914986, 24.552435102530239 ], [ 82.743023716351445, 24.546954946479968 ], [ 82.800951446293837, 24.580190286125326 ], [ 82.802643901035225, 24.598200321704891 ], [ 82.765370775094439, 24.595870274614303 ], [ 82.7794999602784, 24.614015623980421 ], [ 82.773822627445696, 24.641741202917736 ], [ 82.706797249887529, 24.636035867999936 ], [ 82.701615240017659, 24.67504554202532 ], [ 82.671057572391263, 24.696942332350925 ], [ 82.539128068444185, 24.647730827586386 ], [ 82.523536631691883, 24.676216761124962 ], [ 82.449839554553478, 24.67463531552961 ], [ 82.453273574034498, 24.688520311201067 ], [ 82.429532639889317, 24.702625017489961 ], [ 82.40636801362642, 24.681245168265495 ], [ 82.4161269766998, 24.591114984211274 ], [ 82.36379416814593, 24.59755730919008 ], [ 82.338814247018135, 24.620285537645131 ], [ 82.298488099566256, 24.604946671426276 ], [ 82.303013758967055, 24.666906756320213 ], [ 82.268691365172643, 24.683363575943645 ], [ 82.260955704563131, 24.661462331178395 ], [ 82.249210608617346, 24.671332226731316 ], [ 82.238998122089612, 24.661043392488917 ], [ 82.229766603038698, 24.681628026292763 ], [ 82.250136714183114, 24.697101484958534 ], [ 82.250843106203433, 24.769814182361085 ], [ 82.245575710567479, 24.744064854374123 ], [ 82.234166244076476, 24.760564195467715 ], [ 82.229245289119746, 24.745051152731708 ], [ 82.207004125579047, 24.747311854757811 ], [ 82.221215047572372, 24.721944561284921 ], [ 82.213822380806349, 24.734228369320885 ], [ 82.177484435212307, 24.732304082107607 ], [ 82.203174400910342, 24.758078714491493 ], [ 82.196540582387286, 24.778070635814387 ], [ 82.209283789258734, 24.771675996841132 ], [ 82.217876139018713, 24.776674023449363 ], [ 82.21618878580982, 24.794120125373453 ], [ 82.184295659325855, 24.795612301416973 ], [ 82.203630075829764, 24.819183958695735 ], [ 82.166688875589841, 24.800854458654094 ], [ 82.178940136265624, 24.795045633352533 ], [ 82.167059365965855, 24.785421303219557 ], [ 82.138699670125519, 24.79944235105453 ], [ 82.115647132948823, 24.784415969410119 ], [ 82.097692239463825, 24.816128541837109 ], [ 82.016953308339083, 24.845992249294198 ], [ 81.965303930866824, 24.827020432953347 ], [ 81.902874368438219, 24.891656780617161 ], [ 81.919683404184468, 24.928106448107116 ], [ 81.907091644286808, 25.006179828250936 ], [ 81.895733038610572, 25.009794805722247 ], [ 81.891352268481953, 24.988850189634807 ], [ 81.835207303611355, 25.01725597542104 ], [ 81.792723224082252, 25.004424119234034 ], [ 81.731546538387164, 25.04862479579484 ], [ 81.689790964705722, 25.038930872362641 ], [ 81.66658139033926, 25.075094436249977 ], [ 81.611670751093271, 25.056304583317662 ], [ 81.600159630346397, 25.074198156392015 ], [ 81.64086785464481, 25.098931998974894 ], [ 81.624375961024782, 25.119944282531701 ], [ 81.608266357152004, 25.095943192606221 ], [ 81.597720311786247, 25.13122606269658 ], [ 81.623359403194755, 25.141023272296202 ], [ 81.626245690202637, 25.16072096360443 ], [ 81.588502679791276, 25.165753915341849 ], [ 81.595549353239093, 25.18182818839513 ], [ 81.578663239346525, 25.190813385196666 ], [ 81.51454296939977, 25.18365482846426 ], [ 81.536563842676571, 25.160527896319788 ], [ 81.527282626129164, 25.138075554199094 ], [ 81.499563536884224, 25.148661960047193 ], [ 81.496631139352843, 25.129248843059166 ], [ 81.480018725059324, 25.132177528951512 ], [ 81.490320045985513, 25.109656859115788 ], [ 81.518190966683136, 25.101016296098418 ], [ 81.491207281448894, 25.072249493887998 ], [ 81.407303935022853, 25.105109268592162 ], [ 81.447642223205833, 25.10708843329023 ], [ 81.43829841204942, 25.130544062527353 ], [ 81.399556771486132, 25.119366323485508 ], [ 81.334585066634972, 25.169224584361629 ], [ 81.319601599785528, 25.156768422637604 ], [ 81.33121123517634, 25.114686544418682 ], [ 81.321386130046875, 25.112778572049947 ], [ 81.313468380030955, 25.163721668388149 ], [ 81.277564161717365, 25.165981913424158 ], [ 81.252085498638792, 25.102085188892168 ], [ 81.267022491147031, 25.084500226477431 ], [ 81.263996844895871, 25.053066392162666 ], [ 81.208965264564853, 24.992590280456415 ], [ 81.219678302250344, 24.928591632615799 ], [ 81.192950669211456, 24.92532475776915 ], [ 81.207234829951588, 24.93040457015989 ], [ 81.168052813676468, 24.955202017055601 ], [ 81.139644456097159, 24.887504705706718 ], [ 81.096337470360496, 24.921167095359888 ], [ 81.084780074698401, 24.949658534137914 ], [ 81.033515793310357, 24.952576176174979 ], [ 81.025614013543532, 24.940040865873886 ], [ 81.015909260204296, 24.951276569690684 ], [ 81.023104269760083, 24.927608109501787 ], [ 80.974072517448732, 24.934150635665159 ], [ 80.95724710900808, 24.917838240696021 ], [ 80.946664890282477, 24.966277412718402 ], [ 80.899166468736325, 24.948580684459056 ], [ 80.906833907689887, 24.935155253054695 ], [ 80.892644621620192, 24.945280813377536 ], [ 80.812174276883923, 24.922504707372962 ], [ 80.820224268791108, 24.932965820451003 ], [ 80.792294094319061, 24.964899602408707 ], [ 80.852243015684422, 24.988719149982696 ], [ 80.831816870327515, 25.032862418445333 ], [ 80.878076248297205, 25.065457791834454 ], [ 80.868474741926818, 25.115668486766669 ], [ 80.912948523334919, 25.159071838422275 ], [ 80.884692238855109, 25.187927878512308 ], [ 80.869379552928777, 25.174459332113987 ], [ 80.838184210808038, 25.180539459167317 ], [ 80.849140225709917, 25.162590809375427 ], [ 80.829914959902922, 25.100026372101869 ], [ 80.808327097050906, 25.136908866845857 ], [ 80.786406034687005, 25.129431823785591 ], [ 80.778179068380624, 25.142241712566925 ], [ 80.742040727544421, 25.123486925348718 ], [ 80.730426518830484, 25.146598094250638 ], [ 80.704424840423826, 25.128364825986669 ], [ 80.727408469631683, 25.118519263266627 ], [ 80.725486453114414, 25.091420770031849 ], [ 80.783433742075516, 25.075874348364536 ], [ 80.776228786372911, 25.054815930991563 ], [ 80.736940861420763, 25.052946528585732 ], [ 80.729075750883851, 25.067172633156741 ], [ 80.71714460935118, 25.069090386990823 ], [ 80.679594803201212, 25.048532538629598 ], [ 80.684636705531148, 25.077037249795765 ], [ 80.661747094000958, 25.067591866824998 ], [ 80.659103229050601, 25.083484573931042 ], [ 80.607530736586881, 25.098154751561804 ], [ 80.638263534371177, 25.116724887358863 ], [ 80.628878592052843, 25.133481253376907 ], [ 80.61133794049141, 25.127912277929788 ], [ 80.606577736359839, 25.150349483077036 ], [ 80.592370914277481, 25.090179336456757 ], [ 80.613215713184346, 25.065663765120775 ], [ 80.568392312857554, 25.086895248999117 ], [ 80.545379110212238, 25.064434935311592 ], [ 80.518166496514354, 25.094694572710306 ], [ 80.482757046004764, 25.100202608047859 ], [ 80.506751314043228, 25.083992945958013 ], [ 80.500603480495641, 25.041554287592476 ], [ 80.546102967278273, 25.032408774091962 ], [ 80.549509885485492, 25.002457151764105 ], [ 80.499336242395685, 25.006205957082436 ], [ 80.478937057277093, 24.973975453844147 ], [ 80.456178049111088, 24.981626961330143 ], [ 80.462442635797842, 25.002481631138419 ], [ 80.437058980340353, 24.994514148152959 ], [ 80.454906297875141, 25.00572049966317 ], [ 80.433125641291795, 25.023727099369935 ], [ 80.454484171438295, 25.042214523665056 ], [ 80.474387576351603, 25.030520866835754 ], [ 80.501910840949421, 25.03724022473282 ], [ 80.475181347499571, 25.037931920867152 ], [ 80.449680452016025, 25.078484965291768 ], [ 80.416061135458534, 25.073167477055403 ], [ 80.408741192704611, 25.055236244514582 ], [ 80.400657342396045, 25.069564517745974 ], [ 80.388037857793762, 25.050906381896773 ], [ 80.373613721566059, 25.055899208751931 ], [ 80.396474276190119, 25.011938046287209 ], [ 80.387349189534021, 25.004306319151301 ], [ 80.362987746801267, 25.023602824576557 ], [ 80.331025964775066, 24.992191817222185 ], [ 80.273656424594037, 25.025965907678628 ], [ 80.29057143369603, 25.059531660904931 ], [ 80.311431500369451, 25.044226824828669 ], [ 80.355457780628882, 25.055663282495711 ], [ 80.348464379074031, 25.086644532259339 ], [ 80.376116935495773, 25.116351598895502 ], [ 80.35459214066492, 25.138350079353184 ], [ 80.431701143219897, 25.177609410475029 ], [ 80.40337953954085, 25.244027054350518 ], [ 80.383612055119954, 25.237281716535723 ], [ 80.351462033820937, 25.277150766116876 ], [ 80.310835297498542, 25.286400772931735 ], [ 80.315447358659981, 25.388865370785421 ], [ 80.263879489825058, 25.424045696032199 ], [ 80.253549738118451, 25.400833530308081 ], [ 80.220857054437744, 25.396738077445601 ], [ 80.202408090241406, 25.414031330638419 ], [ 80.194897736986647, 25.378030622062695 ], [ 80.168997561918886, 25.37685367922353 ], [ 80.13113217671129, 25.334225127934857 ], [ 80.088977504905287, 25.355795261588376 ], [ 80.07266528332525, 25.336831172069576 ], [ 80.033484736693907, 25.342047921777279 ], [ 80.022321741865724, 25.297595383270352 ], [ 79.998740480567363, 25.285557478957834 ], [ 80.004821422863955, 25.267222796355277 ], [ 79.94833506764266, 25.268649015150057 ], [ 79.917539607875739, 25.226777692340558 ], [ 79.907492777872918, 25.250887598771609 ], [ 79.851372753827903, 25.2356062658206 ], [ 79.868583590729386, 25.216483703089359 ], [ 79.856004073072398, 25.193986523512056 ], [ 79.866459368831528, 25.149816671152461 ], [ 79.88153434077077, 25.142044145847308 ], [ 79.851620958340888, 25.128546568573732 ], [ 79.861535724318841, 25.096206982135424 ], [ 79.748504057444222, 25.139666233041705 ], [ 79.683281306708821, 25.135147653026685 ], [ 79.673115617017487, 25.12045472835641 ], [ 79.622679311928508, 25.140521530890965 ], [ 79.600134932843432, 25.1277999586314 ], [ 79.606487653242709, 25.152400556580361 ], [ 79.595951625889015, 25.143290253131052 ], [ 79.569196210653317, 25.171818184713779 ], [ 79.51802416917694, 25.126811408855449 ], [ 79.524984348337668, 25.097382267155329 ], [ 79.491510385481334, 25.079611270445088 ], [ 79.465121217878533, 25.08802558202316 ], [ 79.477242766318867, 25.127482295741739 ], [ 79.440178540902465, 25.101432500804933 ], [ 79.426258462855401, 25.119047878990752 ], [ 79.405341573248691, 25.106226148153777 ], [ 79.383981062316977, 25.142790120610144 ], [ 79.390279128316067, 25.170116199116091 ], [ 79.411810725190236, 25.182637836969903 ], [ 79.412214887118054, 25.20025041524006 ], [ 79.440424102571896, 25.198860643265643 ], [ 79.448955391147081, 25.214936864132611 ], [ 79.43284683920146, 25.220568072290813 ], [ 79.46248151931448, 25.264652566485896 ], [ 79.494514315858822, 25.266859769299177 ], [ 79.467216184342519, 25.283295417270139 ], [ 79.436724922876891, 25.254663487817016 ], [ 79.408742398183321, 25.256085395442682 ], [ 79.407615613474661, 25.27391450137964 ], [ 79.368612188566232, 25.292437436282459 ], [ 79.362900596683559, 25.261694910604227 ], [ 79.358311311407803, 25.284235460292987 ], [ 79.336148642656639, 25.288095017247215 ], [ 79.352186710988406, 25.329835469943283 ], [ 79.299831880235331, 25.337653874257516 ], [ 79.270522706462188, 25.309715068029526 ], [ 79.264471698725799, 25.268943840136799 ], [ 79.282580088241744, 25.262059442243423 ], [ 79.293793395912317, 25.283582406528886 ], [ 79.316518905901404, 25.25595620034187 ], [ 79.350863486286713, 25.263918637640977 ], [ 79.343871673851552, 25.227271612987821 ], [ 79.332973796118267, 25.227950323766592 ], [ 79.352097285498502, 25.212191005838857 ], [ 79.338461707495199, 25.197976833939336 ], [ 79.32869571600304, 25.221337563266193 ], [ 79.279366951014353, 25.244707069122441 ], [ 79.284672092061896, 25.191065791890519 ], [ 79.308472279083233, 25.198211983998405 ], [ 79.323197496458207, 25.149760458570807 ], [ 79.313646568831587, 25.136087935059862 ], [ 79.27809799353895, 25.117505901388693 ], [ 79.260041826683732, 25.12521436509321 ], [ 79.268867165292434, 25.138426352269612 ], [ 79.260463445572441, 25.153154688002846 ], [ 79.248120665433873, 25.115957558339939 ], [ 79.217146196583627, 25.110703641783381 ], [ 79.192249144142522, 25.146245564822159 ], [ 79.176180310308908, 25.14005815269433 ], [ 79.185995722616425, 25.114931070745268 ], [ 79.130951061916534, 25.109418988245924 ], [ 79.11595782049848, 25.139913424716386 ], [ 79.125947581429614, 25.161292251561289 ], [ 79.090585360744385, 25.191072407104539 ], [ 79.05080498204839, 25.134253238851546 ], [ 79.029379831942094, 25.140555750226977 ], [ 79.030947696641775, 25.184926207912035 ], [ 79.052283951264144, 25.207709594200313 ], [ 79.048541902167187, 25.193719875841154 ], [ 79.059620958415209, 25.19067391582297 ], [ 79.063638441758087, 25.222022910940222 ], [ 79.022234754343089, 25.241313984089903 ], [ 79.013221096511501, 25.274049072021025 ], [ 78.994374042998658, 25.27316243557355 ], [ 78.974843465877768, 25.240492310854947 ], [ 79.001185538403433, 25.23369690792865 ], [ 79.00587274274011, 25.195045951999738 ], [ 78.953847260421313, 25.218956948409023 ], [ 78.880394464853083, 25.15761487523649 ], [ 78.870633604537815, 25.187026040875047 ], [ 78.890583507148506, 25.214423117396027 ], [ 78.869530571285253, 25.231106309152352 ], [ 78.880920270348426, 25.254010095374543 ], [ 78.899753504178932, 25.243128624163212 ], [ 78.917024745596734, 25.27358411012721 ], [ 78.945142851219529, 25.259418661146519 ], [ 78.95551207400139, 25.282757775907157 ], [ 78.979923858322707, 25.279045640147494 ], [ 78.957426734214835, 25.302237356695898 ], [ 78.960614919836857, 25.345083012933472 ], [ 78.927933103076157, 25.324128362161819 ], [ 78.922542347192135, 25.342897736401266 ], [ 78.911840532159488, 25.332560245853653 ], [ 78.882002833690592, 25.343636547804675 ], [ 78.862705303808895, 25.314461162539768 ], [ 78.879884978153157, 25.285755576315957 ], [ 78.849652035332312, 25.228784357330657 ], [ 78.809455647726551, 25.270532843207601 ], [ 78.828564553856495, 25.302736508371023 ], [ 78.787780096726408, 25.296006458529799 ], [ 78.798234996328503, 25.313935724944852 ], [ 78.819297598064225, 25.306940070759673 ], [ 78.842612355268955, 25.33655146911779 ], [ 78.846155767992002, 25.326978912508057 ], [ 78.845741732680935, 25.355554327576272 ], [ 78.880241671304717, 25.385892596903947 ], [ 78.95309801337207, 25.400090092596873 ], [ 78.938294122442869, 25.374825153772711 ], [ 78.896417317520573, 25.37411066829825 ], [ 78.938711627945892, 25.346976349784804 ], [ 78.959197875985211, 25.371528750092143 ], [ 78.989331420219855, 25.374040445603526 ], [ 78.969928548498046, 25.390113505536274 ], [ 78.967231529334001, 25.434358999211508 ], [ 78.950885188841141, 25.440612863337744 ], [ 78.9382644322244, 25.422248926174817 ], [ 78.908871952285054, 25.442420570076578 ], [ 78.943905573730945, 25.482925874199644 ], [ 78.919954778762332, 25.515261785382755 ], [ 78.952846942335015, 25.537530833626569 ], [ 78.939365678727839, 25.557220498391992 ], [ 78.923365274060984, 25.535936820978943 ], [ 78.911202856766835, 25.555163134324019 ], [ 78.882647896828132, 25.553962456578539 ], [ 78.884381192575574, 25.515579959179924 ], [ 78.834958293128267, 25.505821350451548 ], [ 78.86617008340184, 25.465668928283606 ], [ 78.844149122090101, 25.427752573421586 ], [ 78.820723974513385, 25.438691195362878 ], [ 78.854886726902038, 25.447649989933755 ], [ 78.840894070369913, 25.461544574976131 ], [ 78.820606652740636, 25.467789710826072 ], [ 78.809168970166567, 25.453459191676007 ], [ 78.818302818989949, 25.471652384763424 ], [ 78.791559624435379, 25.483419891346866 ], [ 78.767887347629014, 25.469367721761117 ], [ 78.738049819840043, 25.494835116808861 ], [ 78.732133479446233, 25.457594285991146 ], [ 78.762358045477058, 25.4269005073273 ], [ 78.802964296617702, 25.437144523231922 ], [ 78.821417016670225, 25.422528511053365 ], [ 78.748262040466457, 25.409787953972717 ], [ 78.748372724587568, 25.3916164037832 ], [ 78.767983152954102, 25.400031185677562 ], [ 78.756920968863724, 25.385444014359575 ], [ 78.77371258537832, 25.376122474592933 ], [ 78.774630804634199, 25.353049802433311 ], [ 78.726737439671709, 25.343419301566584 ], [ 78.709473178163648, 25.351315462245637 ], [ 78.71471470411602, 25.372990945936372 ], [ 78.66012363334579, 25.383955175510991 ], [ 78.665686013263183, 25.415358569907582 ], [ 78.674504102467552, 25.399807015016279 ], [ 78.711485232821829, 25.42808511959791 ], [ 78.689118138953035, 25.445685798220602 ], [ 78.682098129299447, 25.433502287535706 ], [ 78.658181853892287, 25.441024668404939 ], [ 78.641107406403734, 25.433332173034987 ], [ 78.635180771316769, 25.400677923519961 ], [ 78.610588543302697, 25.416022980831329 ], [ 78.591373332338677, 25.385874022391235 ], [ 78.566498121535346, 25.390759045128597 ], [ 78.561893448118781, 25.378362976609104 ], [ 78.587248503912576, 25.372639306088725 ], [ 78.584981558580708, 25.346825702129291 ], [ 78.529622431835847, 25.353385089692956 ], [ 78.553080677839233, 25.319683183275249 ], [ 78.532991384544189, 25.300949132942716 ], [ 78.510380321718955, 25.29535457028452 ], [ 78.498286091944749, 25.320075283995042 ], [ 78.472941858155195, 25.285506697207445 ], [ 78.453789084595002, 25.301270758104749 ], [ 78.435027110522739, 25.284168557121163 ], [ 78.450487647466773, 25.262112408614311 ], [ 78.503440175887391, 25.28958962502249 ], [ 78.512487728053017, 25.27666531022011 ], [ 78.531738201485197, 25.283990725456832 ], [ 78.534614379751176, 25.268131630190098 ], [ 78.578003750880868, 25.253292884460301 ], [ 78.568073169164023, 25.240843769676395 ], [ 78.555751926134405, 25.209213667466507 ], [ 78.570199692545643, 25.2238778096755 ], [ 78.603121251689359, 25.146864942577732 ], [ 78.602163634121752, 25.094934588999219 ], [ 78.62814207940022, 25.086197613490224 ], [ 78.652613767876232, 25.050590605960739 ], [ 78.631727873740047, 24.957692765403234 ], [ 78.663390301180954, 24.938440953254553 ], [ 78.67655686787613, 24.898629462140359 ], [ 78.770034262767581, 24.859016981720881 ], [ 78.789836600923195, 24.810974714345406 ], [ 78.77039506032169, 24.78839744813304 ], [ 78.780983603186897, 24.70607186411268 ], [ 78.743925030868581, 24.654055700800459 ], [ 78.752027170876346, 24.600175581410063 ], [ 78.783776368387151, 24.588556357953468 ], [ 78.883219494843402, 24.641293537699028 ], [ 78.953201691532271, 24.546898451971728 ], [ 78.947249034048141, 24.502406340097842 ], [ 78.971519640936009, 24.494236478485895 ], [ 78.937745046090058, 24.478820122343826 ], [ 78.920573717094783, 24.49971366456732 ], [ 78.914207150962028, 24.459612218889124 ], [ 78.947433156342058, 24.436586923090871 ], [ 78.98575932069653, 24.441678061427091 ], [ 78.99364581203551, 24.422744299126904 ], [ 78.971451853166357, 24.347599666421591 ], [ 78.909635194188112, 24.297988510490594 ], [ 78.916742715920023, 24.269023580005307 ], [ 78.884576038957334, 24.250466489144227 ], [ 78.882333756871574, 24.217453912265906 ], [ 78.826489052088078, 24.195403512840123 ], [ 78.815144707167008, 24.207001094080578 ], [ 78.812332209573185, 24.180745089790666 ], [ 78.79280383601963, 24.176826515245327 ], [ 78.761927606030568, 24.259462810860562 ], [ 78.748644162228757, 24.233047388198102 ], [ 78.734280721571537, 24.252461809036916 ], [ 78.703054180062679, 24.226921440238375 ], [ 78.66862977897452, 24.240035611391633 ], [ 78.660199623632323, 24.267447636495376 ], [ 78.625700349761829, 24.280643140472687 ], [ 78.628508259659483, 24.303841551949471 ], [ 78.603642082314678, 24.314498272869471 ], [ 78.586098595670208, 24.353714073650398 ], [ 78.529879597942127, 24.368094065924673 ], [ 78.518617279986245, 24.387818029635572 ], [ 78.500674889253347, 24.389271472582774 ], [ 78.474383069382966, 24.356280255875266 ], [ 78.478010526687342, 24.338993068693661 ], [ 78.443885514320442, 24.319339746837159 ], [ 78.411629613988765, 24.271626878787771 ], [ 78.389547745104139, 24.262660975257631 ], [ 78.347897947149093, 24.299494329849612 ], [ 78.329195086714094, 24.32944255227526 ], [ 78.365781073327753, 24.385971015178697 ], [ 78.269683678129752, 24.446934448508181 ], [ 78.274973249576803, 24.473918834313498 ], [ 78.245884457695652, 24.486134668860544 ], [ 78.246010538042398, 24.509534801666803 ], [ 78.225412438970451, 24.521367817524329 ], [ 78.229437262447533, 24.53752990959298 ], [ 78.264463753965003, 24.552198271791212 ], [ 78.277977914776201, 24.614753890865249 ], [ 78.262667884269817, 24.645998261242248 ], [ 78.276691053877173, 24.662989606261615 ], [ 78.226137524033476, 24.746909255171218 ], [ 78.235739037590392, 24.771745538883785 ], [ 78.21667294516692, 24.808591877758317 ], [ 78.168964643932753, 24.862617748090553 ], [ 78.33397165455689, 24.99491592979928 ], [ 78.347368023776468, 25.021529911944466 ], [ 78.338630324806843, 25.08658021831754 ], [ 78.383447772896574, 25.101718725523806 ], [ 78.406817703727725, 25.128933205785589 ], [ 78.446816070305516, 25.121773826418131 ], [ 78.427295780691239, 25.15398728803779 ], [ 78.458257709060092, 25.163722629427422 ], [ 78.39527515182742, 25.18791110593429 ], [ 78.391338280603165, 25.201186237799991 ], [ 78.41094794270677, 25.212665464623573 ], [ 78.359795751303267, 25.242192950343931 ], [ 78.372509974032027, 25.259911235388198 ], [ 78.350106290883389, 25.277331865142912 ], [ 78.354581616780493, 25.2922589913465 ], [ 78.3117297445162, 25.303305313504683 ], [ 78.343788948834955, 25.328460719219546 ], [ 78.300796758824944, 25.359936621702868 ], [ 78.305307607701664, 25.37675632107177 ], [ 78.340526177891491, 25.399525993069776 ], [ 78.354540513466361, 25.451984671066086 ], [ 78.377656789705711, 25.436816041994625 ], [ 78.416481867589212, 25.476483796603311 ], [ 78.43130302773146, 25.473635313823749 ], [ 78.41935692924929, 25.532848134929644 ], [ 78.443600954089575, 25.563209709613012 ], [ 78.46469549812015, 25.54551457796477 ], [ 78.493340512369457, 25.578703938352074 ], [ 78.587744179913344, 25.556601510515936 ], [ 78.618138905723583, 25.583664059274351 ], [ 78.630799528674302, 25.578933969292017 ], [ 78.624195695915446, 25.56737977204223 ], [ 78.658279622934558, 25.559854887213522 ], [ 78.717332461329278, 25.605330676096777 ], [ 78.742152868612038, 25.596994594581989 ], [ 78.811761567365352, 25.620784033883549 ], [ 78.816703192556773, 25.676323257092776 ], [ 78.799910673235331, 25.705070212772934 ], [ 78.763330515789576, 25.71993191709921 ], [ 78.752922916080436, 25.750941095354523 ], [ 78.782947636604973, 25.75816326288157 ], [ 78.808311662975186, 25.800942069750729 ], [ 78.828735525712958, 25.795583653061612 ], [ 78.82801107665712, 25.814388584158124 ], [ 78.805544133247849, 25.813563468273092 ], [ 78.818173499318263, 25.829148295129205 ], [ 78.850574257481085, 25.811218378055738 ], [ 78.852365851195529, 25.856536396291734 ], [ 78.890093353091842, 25.874472910456163 ], [ 78.884638913840689, 25.913937045221886 ], [ 78.938961609326526, 25.9426948017847 ], [ 78.933184379342663, 25.979339812301752 ], [ 78.956819595253634, 25.996545995388715 ], [ 78.948299411652002, 26.027754505651984 ], [ 79.012063965814249, 26.083188510398468 ], [ 78.948907742677562, 26.128685506378726 ], [ 78.966993295222352, 26.150148246463676 ], [ 79.004896210245874, 26.148053906491725 ], [ 79.004469553605048, 26.169219747805514 ], [ 78.983035203851969, 26.184315666185746 ], [ 78.993703759659553, 26.196897373587941 ], [ 79.0265421087568, 26.191323364431632 ], [ 79.025822462992821, 26.220102444404713 ], [ 78.989394000455817, 26.234981770326893 ], [ 79.019443286310079, 26.247613790848884 ], [ 79.034944951721101, 26.225325477766692 ], [ 79.063445983996658, 26.225909022084331 ], [ 79.069696477913268, 26.245701104061943 ], [ 79.045649394325977, 26.260338696242208 ], [ 79.077014090437316, 26.280651959165588 ], [ 79.090653803385862, 26.270059241982977 ], [ 79.101934443380287, 26.306846822231417 ], [ 79.118603974356191, 26.300367847125845 ], [ 79.115533090743952, 26.32050906139342 ], [ 79.138836670211603, 26.337545098762426 ], [ 79.084249801760265, 26.362352307821482 ], [ 79.095208233130236, 26.412637926068154 ], [ 79.12598564753975, 26.411255449063919 ], [ 79.135179899082829, 26.440133109160428 ], [ 79.052617424762261, 26.453739897798044 ], [ 79.068128685977115, 26.496623631190079 ], [ 79.039662504741315, 26.515120308772616 ], [ 79.028339622368961, 26.546693931991701 ], [ 79.007745174050328, 26.543876101743994 ], [ 78.989857283207414, 26.578999792473422 ], [ 78.989127458632908, 26.595618861558883 ], [ 79.016542802327479, 26.600658572320334 ], [ 78.993630953900691, 26.641033197184562 ], [ 79.004790655505033, 26.673349792795904 ], [ 78.945494316176124, 26.654828946015954 ], [ 78.955568606778868, 26.691779050172038 ], [ 78.909671454684556, 26.707014063730323 ], [ 78.871744865460016, 26.698114526137822 ], [ 78.815866485531458, 26.762356985305331 ], [ 78.751652294925137, 26.786901055474793 ], [ 78.729968210828105, 26.775085554621221 ], [ 78.725574890336659, 26.795931394471683 ], [ 78.683512434187818, 26.788290805989504 ], [ 78.672881092887522, 26.764496677425534 ], [ 78.629977720207975, 26.773231884392988 ], [ 78.608281412734897, 26.749707425866962 ], [ 78.576245180134592, 26.748798790413474 ], [ 78.521018648318915, 26.780584065795566 ], [ 78.460668727993848, 26.787642272889649 ], [ 78.433543297590944, 26.825746796561376 ], [ 78.395233724221441, 26.81710750738964 ], [ 78.362921499521448, 26.868827584115198 ], [ 78.283510462541273, 26.854460525912991 ], [ 78.260973841307006, 26.813571309201052 ], [ 78.219094140216242, 26.833485542992154 ], [ 78.196820769377638, 26.879531955085106 ], [ 78.232642107326527, 26.874285311047114 ], [ 78.271795493395231, 26.917580777894976 ], [ 78.224200529905474, 26.946471382585074 ], [ 78.210133394053187, 26.931235452481136 ], [ 78.171988799878861, 26.948182693726885 ], [ 78.118553569825139, 26.94698264929707 ], [ 78.121813914419008, 26.922588633039705 ], [ 78.10163487134227, 26.916993167255232 ], [ 78.111194279963485, 26.89588680582731 ], [ 78.048803027986793, 26.910142574095417 ], [ 78.055970289481763, 26.868401229098552 ], [ 78.026470290186055, 26.849543715568633 ], [ 78.035472413649416, 26.870804756106104 ], [ 78.014582558841155, 26.902921085955786 ], [ 77.948401076627221, 26.89358757855333 ], [ 77.906355696553646, 26.917788953558901 ], [ 77.908897422157864, 26.890627780872467 ], [ 77.896484586003552, 26.884007531298227 ], [ 77.850237682938229, 26.912839123095534 ], [ 77.759847362893666, 26.932469272075 ], [ 77.724912720520734, 26.910392067595634 ], [ 77.722604406871724, 26.874328342326852 ], [ 77.686645451512902, 26.875259600689706 ], [ 77.610332428164867, 26.82858712953395 ], [ 77.608364147512148, 26.839130766133291 ], [ 77.525679350497626, 26.818881615467568 ], [ 77.520705979742374, 26.841530920918508 ], [ 77.501165383711069, 26.844464401411905 ], [ 77.487458924140284, 26.788163926709483 ], [ 77.50276247509855, 26.769321170629912 ], [ 77.485218827655643, 26.748023894604355 ], [ 77.454556093971917, 26.741882867629521 ], [ 77.466900927659253, 26.773743797469841 ], [ 77.43133520173123, 26.771088634609463 ], [ 77.445851983909108, 26.814677172278579 ], [ 77.422111157561773, 26.840978415539649 ], [ 77.427276387800433, 26.864097091707119 ], [ 77.490249432772586, 26.900501948929506 ], [ 77.583190470557369, 26.924171494147306 ], [ 77.660877201231145, 26.971229091485085 ], [ 77.672161517131684, 26.959980555123121 ], [ 77.676241172875407, 26.973230727858382 ], [ 77.74346901812217, 26.983176843569883 ], [ 77.762952130958439, 27.006856271962153 ], [ 77.737681404511932, 27.029762028541644 ], [ 77.730053749247361, 26.993899074015268 ], [ 77.711935504314425, 26.997115533863024 ], [ 77.679760914092398, 27.047094612488571 ], [ 77.66557774914304, 27.017263042166455 ], [ 77.642209075953232, 27.025677065893813 ], [ 77.630022183160889, 27.01021847149314 ], [ 77.579185367795716, 27.038218157539561 ], [ 77.563201502909905, 27.029381867488656 ], [ 77.571683626689577, 27.071879707546763 ], [ 77.519339388870335, 27.066630996355482 ], [ 77.526352442868657, 27.084630761492633 ], [ 77.50543659261271, 27.092309501405985 ], [ 77.517734641141701, 27.102471227990378 ], [ 77.597839074214988, 27.118011506929562 ], [ 77.619951050136365, 27.173562330032908 ], [ 77.658396996749133, 27.170117849516245 ], [ 77.681125086699694, 27.19441581145955 ], [ 77.646708762364227, 27.210230494237035 ], [ 77.652815698311883, 27.23485494775101 ], [ 77.616423804393477, 27.257814888204905 ], [ 77.616823207046906, 27.286462622044322 ], [ 77.598661649842555, 27.297216971392736 ], [ 77.621892819708407, 27.313061109016918 ], [ 77.622704053207187, 27.33619853625547 ], [ 77.57877761081015, 27.322676816110043 ], [ 77.507182218635748, 27.377103363346698 ], [ 77.439522878422025, 27.390729216876302 ], [ 77.421095445046419, 27.422031664368635 ], [ 77.437807559760046, 27.456332236264213 ], [ 77.401542043530768, 27.476518566122323 ], [ 77.387384298208985, 27.512907025520693 ], [ 77.339986073851335, 27.526634039004428 ], [ 77.349156931467761, 27.543166870447806 ], [ 77.337265963492911, 27.569775739336613 ], [ 77.358211338677293, 27.588975533554351 ], [ 77.317052395464842, 27.606766495665294 ], [ 77.352576353325432, 27.651252565265867 ], [ 77.341143999557616, 27.703382752305323 ], [ 77.303829679572871, 27.711102835991639 ], [ 77.319369363483332, 27.733502053129985 ], [ 77.310429604660214, 27.788098489436532 ], [ 77.282931902522137, 27.799805225848608 ], [ 77.29647139312938, 27.825252253992961 ], [ 77.331173043958643, 27.831087920592104 ], [ 77.348327176504441, 27.855583324355983 ], [ 77.421850547314705, 27.854413498898889 ], [ 77.409316443088599, 27.874207372253593 ], [ 77.420129498299517, 27.890478258285658 ], [ 77.45052925557367, 27.871063371376223 ], [ 77.472169714785579, 27.883629106209391 ], [ 77.48473377513146, 27.934983501332155 ], [ 77.536627915670834, 27.934188747907047 ], [ 77.544059741796758, 27.962419848659934 ], [ 77.516912186786698, 27.971169763262552 ], [ 77.542408208909833, 27.989269175186166 ], [ 77.512738063309428, 28.031931508261216 ], [ 77.483635938632844, 28.040488543215567 ], [ 77.501236780911555, 28.058556838383204 ], [ 77.474256461664709, 28.087472924217725 ], [ 77.482614543375021, 28.107223851475013 ], [ 77.499376281923247, 28.09464417528843 ], [ 77.512354653363019, 28.124893440185943 ], [ 77.491352608857241, 28.136574955962903 ], [ 77.502099878643293, 28.161231738360712 ], [ 77.549641077064933, 28.179798961817973 ], [ 77.51748206632486, 28.193183842597517 ], [ 77.501198889972883, 28.181722142397867 ], [ 77.497294323064565, 28.206053173900873 ], [ 77.530373322741625, 28.198748943344224 ], [ 77.52129046049717, 28.224485208226227 ], [ 77.550428748652152, 28.24239235388956 ], [ 77.492690868661853, 28.252011279979037 ], [ 77.507078862072433, 28.305709780703161 ], [ 77.471223934318445, 28.334851496292213 ], [ 77.504830103133472, 28.370016935937898 ], [ 77.473449431383116, 28.397005746562755 ], [ 77.477631534595091, 28.419078433591739 ], [ 77.435525537104468, 28.430976447319583 ], [ 77.433442406842644, 28.454940240962419 ], [ 77.380470480201765, 28.470299227784718 ], [ 77.3717365613429, 28.498462920867929 ], [ 77.351638982886001, 28.500106600677661 ], [ 77.347364823916976, 28.52058323283882 ], [ 77.299964768792805, 28.559794542275696 ], [ 77.298368688010029, 28.580175807400721 ], [ 77.342408513067312, 28.608923034308827 ], [ 77.316257259775952, 28.641253384412195 ], [ 77.331070102416959, 28.713140563360525 ], [ 77.291508518289916, 28.706192014578569 ], [ 77.290759183205765, 28.722423332370397 ], [ 77.221859422298266, 28.777430123709284 ], [ 77.234139107466277, 28.783757757552632 ], [ 77.199273173636143, 28.797734711552383 ], [ 77.224384760835122, 28.825361451914791 ], [ 77.189033186982613, 28.880224909090437 ], [ 77.226658644754224, 28.880134000929353 ], [ 77.234350675987031, 28.911555271656137 ], [ 77.196657407987885, 28.937689000956656 ], [ 77.189121229965295, 29.027712822399931 ], [ 77.166960594999935, 29.033858420650144 ], [ 77.163757069746083, 29.079474883760479 ], [ 77.134074464512707, 29.095193051284152 ], [ 77.149072405018018, 29.117691203127233 ], [ 77.131404244788513, 29.217532486392209 ], [ 77.149988725235403, 29.232802273855619 ], [ 77.138942832092681, 29.267888347626656 ], [ 77.161153681085821, 29.332411038960764 ], [ 77.129523005496964, 29.342628829895204 ], [ 77.123284248069552, 29.370389516654782 ], [ 77.157400384183134, 29.387362211092789 ], [ 77.133250206340591, 29.40089351421085 ], [ 77.148416972627146, 29.434131091069673 ], [ 77.123205390360653, 29.455422262056658 ], [ 77.133303268926113, 29.483110414668854 ], [ 77.096370707784303, 29.51952946335485 ], [ 77.12683691074507, 29.559485003701784 ], [ 77.083954812866409, 29.5890790123246 ], [ 77.109526351863892, 29.597469950321248 ], [ 77.106211589126758, 29.632360595472658 ], [ 77.131522267247206, 29.641870415897884 ], [ 77.156556515788395, 29.692617345948968 ], [ 77.11981081231049, 29.760110045142959 ], [ 77.179405550417229, 29.813108263644654 ], [ 77.178254141988361, 29.845833562857074 ], [ 77.202036932235899, 29.8689387011616 ], [ 77.18797656159596, 29.911395633823428 ], [ 77.21748428550481, 29.923452887401901 ], [ 77.246930410137992, 29.976734880335925 ], [ 77.276008468049781, 29.996091818470372 ], [ 77.277775176634236, 30.041862256584064 ], [ 77.334294894386829, 30.05379034842824 ], [ 77.378788269847931, 30.091430102133899 ], [ 77.422576065365718, 30.103458356980845 ], [ 77.40254318537221, 30.111709642872707 ], [ 77.423500153315317, 30.130928578469604 ], [ 77.428025090470626, 30.162823764544775 ], [ 77.45580501182998, 30.162832977573469 ], [ 77.47724575668957, 30.182433528682321 ], [ 77.538252101145559, 30.278573844255931 ], [ 77.584071990040613, 30.308302645104707 ], [ 77.578279224592222, 30.329869272160675 ], [ 77.604306194167407, 30.367784400947997 ], [ 77.576030187175533, 30.397436873184521 ], [ 77.591892808244097, 30.406315765874293 ] ] ] } },
{ "type": "Feature", "properties": { "Name": "Sikkim" }, "geometry": { "type": "Polygon", "coordinates": [ [ [ 88.616350305799898, 28.127628245533018 ], [ 88.670225478577493, 28.074325231544616 ], [ 88.757172354017086, 28.078492032438611 ], [ 88.838816672862166, 28.01487038517028 ], [ 88.83630384336567, 27.92915162470889 ], [ 88.866969945731711, 27.91962215417454 ], [ 88.887071642964173, 27.856499397197453 ], [ 88.880123086206623, 27.829904982089438 ], [ 88.856367641574622, 27.815923249945168 ], [ 88.853789686016697, 27.755670116833958 ], [ 88.868245732199881, 27.742223190055167 ], [ 88.838633124591738, 27.704684063808898 ], [ 88.851944861731766, 27.671701823886753 ], [ 88.813752095400346, 27.640098772911809 ], [ 88.793072485894442, 27.575057580325915 ], [ 88.766141258679554, 27.566379268439778 ], [ 88.794067829110716, 27.527549423733781 ], [ 88.782263184743087, 27.449898778197003 ], [ 88.823449814930896, 27.390068272330488 ], [ 88.837613559202154, 27.378132198750929 ], [ 88.860452114983204, 27.387135578621621 ], [ 88.884129364862957, 27.341766116093147 ], [ 88.919210664392551, 27.326821954701288 ], [ 88.907737512737796, 27.277040294357278 ], [ 88.803096081870763, 27.247836203667223 ], [ 88.786760368447702, 27.181985995440794 ], [ 88.764608138120124, 27.177017489459189 ], [ 88.738890273444341, 27.136225267909886 ], [ 88.685833293414049, 27.176012784137558 ], [ 88.655196897436156, 27.159489153855933 ], [ 88.595803224747897, 27.189238699041816 ], [ 88.541294719932068, 27.181669840135786 ], [ 88.525099977329901, 27.17504460714758 ], [ 88.529950625640936, 27.14796227690525 ], [ 88.430688040793854, 27.079363653618515 ], [ 88.324449741321558, 27.105394736016049 ], [ 88.302042028330575, 27.128858826063844 ], [ 88.2322414512292, 27.118419361717002 ], [ 88.181731559745415, 27.132428934150965 ], [ 88.153651400756829, 27.10968963271964 ], [ 88.096192221286856, 27.133361497981021 ], [ 88.078874635783521, 27.201167859979734 ], [ 88.012802170417515, 27.21705244479082 ], [ 88.032104482031471, 27.286350862559431 ], [ 88.067062011681202, 27.335734362202384 ], [ 88.041712893751452, 27.372729361369235 ], [ 88.046913102590651, 27.405942738474771 ], [ 88.075192728894805, 27.433216405827515 ], [ 88.044249835826804, 27.495946192679735 ], [ 88.081807236334157, 27.584029429077564 ], [ 88.144659065336796, 27.664946085028927 ], [ 88.156390362261504, 27.736189882497087 ], [ 88.178550819360424, 27.746225919504937 ], [ 88.197267942347182, 27.791350722755986 ], [ 88.173582295016132, 27.820235798736352 ], [ 88.202346163564087, 27.837150217768109 ], [ 88.196557552823862, 27.853745042192269 ], [ 88.133341800129955, 27.882074241426629 ], [ 88.120270945335079, 27.915766797442014 ], [ 88.132596454463993, 27.949150008176105 ], [ 88.145968724579419, 27.96435383689618 ], [ 88.2069371224012, 27.941108570416425 ], [ 88.209777708517308, 27.962264132428238 ], [ 88.237229267792515, 27.970718008449985 ], [ 88.250076383691166, 27.941101908951467 ], [ 88.347381614992628, 27.988835396606184 ], [ 88.396885318798041, 27.977745366926424 ], [ 88.414404620100115, 27.999694579752944 ], [ 88.468199394558084, 28.016525989114029 ], [ 88.494676514413712, 28.054393314620047 ], [ 88.547884295529045, 28.035801193970055 ], [ 88.551201369631414, 28.082369792531882 ], [ 88.6183768889112, 28.09967484137298 ], [ 88.616350305799898, 28.127628245533018 ] ] ] } },
{ "type": "Feature", "properties": { "Name": "Assam" }, "geometry": { "type": "Polygon", "coordinates": [ [ [ 93.249611420493835, 24.973122972502644 ], [ 93.263005576264533, 24.961335798879123 ], [ 93.236814585996569, 24.937163002747823 ], [ 93.248836772681585, 24.914846025051059 ], [ 93.235197520568789, 24.911408228475679 ], [ 93.226444896989065, 24.872834416594049 ], [ 93.194826684626435, 24.853849300590838 ], [ 93.19153488013302, 24.804396433900997 ], [ 93.149462573957095, 24.78737386841178 ], [ 93.13856740194943, 24.809994511330416 ], [ 93.109428680806488, 24.81147501149799 ], [ 93.107760465306413, 24.741441484598113 ], [ 93.073546839526614, 24.707805708843988 ], [ 93.104154299870899, 24.674156677199626 ], [ 93.071151281497208, 24.600642291640433 ], [ 93.104361596004168, 24.582382015069705 ], [ 93.05818063107732, 24.57383722313407 ], [ 93.070809012594182, 24.558047523352915 ], [ 93.04999425424873, 24.544207525293949 ], [ 93.032555195857725, 24.495297435905641 ], [ 93.046366320837208, 24.473565252190646 ], [ 93.041641331563099, 24.413010104823329 ], [ 93.011950473507184, 24.416715176610477 ], [ 92.994288867386018, 24.398944134440821 ], [ 92.973657160542629, 24.408298888061477 ], [ 92.959281181200708, 24.391898579788322 ], [ 92.909344634955417, 24.412909024922541 ], [ 92.902879688027667, 24.391065923295958 ], [ 92.86094137635618, 24.398498889321921 ], [ 92.829595020249684, 24.373592715348387 ], [ 92.829945454838651, 24.400289629882657 ], [ 92.799367386472142, 24.419128662306537 ], [ 92.762997172494835, 24.521131741364112 ], [ 92.684835927433454, 24.346536736399788 ], [ 92.661367769419201, 24.348155821760749 ], [ 92.645764508142847, 24.327781710952131 ], [ 92.624770120876562, 24.334075301818277 ], [ 92.612303215125294, 24.253467628681257 ], [ 92.550896056762568, 24.247222314886159 ], [ 92.534212290184371, 24.180146535687886 ], [ 92.483921677461396, 24.163168059825733 ], [ 92.464979488766744, 24.136135198199284 ], [ 92.436421964137878, 24.153033003304191 ], [ 92.435726065338443, 24.179293005786445 ], [ 92.419166935514326, 24.191938783594775 ], [ 92.422532126976591, 24.254856123247826 ], [ 92.212872404014462, 24.249926838555325 ], [ 92.274089917240943, 24.38831741056428 ], [ 92.259395088075422, 24.439213011366689 ], [ 92.230183956432356, 24.461514607590409 ], [ 92.230439096837685, 24.501710264722323 ], [ 92.212941136811821, 24.504017133128226 ], [ 92.231140389122089, 24.53120507767434 ], [ 92.254415490198596, 24.678029480437548 ], [ 92.296031475566394, 24.736455728624353 ], [ 92.279159626022206, 24.745296622280758 ], [ 92.288918275583555, 24.784485089189065 ], [ 92.273077568916335, 24.827442303757806 ], [ 92.241460769603634, 24.842022279179492 ], [ 92.24810391174104, 24.885493437308565 ], [ 92.23287279194416, 24.900145616312599 ], [ 92.299424945993792, 24.915720464512244 ], [ 92.400095532250887, 24.848650195537218 ], [ 92.437403528994352, 24.855606889074487 ], [ 92.444799831242321, 24.871979357140347 ], [ 92.487922241934228, 24.871309208254399 ], [ 92.487617024045093, 24.946771016587856 ], [ 92.449265427486594, 24.938764341141731 ], [ 92.468174323718515, 24.963024535799441 ], [ 92.420333133806054, 24.965945689464661 ], [ 92.416346497711714, 24.989924490814623 ], [ 92.438277866446882, 25.043869418260147 ], [ 92.464285479124328, 25.037435366011184 ], [ 92.456977798374055, 25.054067752883153 ], [ 92.480629405844027, 25.108308720132474 ], [ 92.5394232806036, 25.099054103459181 ], [ 92.522449969043009, 25.139219110412679 ], [ 92.621432755628547, 25.115026384205613 ], [ 92.663475243126911, 25.17666786797761 ], [ 92.802914665544193, 25.216172576212003 ], [ 92.761887948951653, 25.246528440541134 ], [ 92.792495195496883, 25.282564619552772 ], [ 92.786932096927316, 25.314373403805 ], [ 92.781798062483503, 25.33318288553323 ], [ 92.749902074865346, 25.344095852663667 ], [ 92.738019678614933, 25.379333434768427 ], [ 92.717942315845193, 25.372626808088729 ], [ 92.673529331517216, 25.414024231826325 ], [ 92.661644203490013, 25.406354610163437 ], [ 92.653620092944465, 25.433523478311464 ], [ 92.639561250338858, 25.417565719576277 ], [ 92.625645626138976, 25.434916508300613 ], [ 92.627638465833286, 25.421967145994468 ], [ 92.606631023350943, 25.413232466213689 ], [ 92.598613124655586, 25.46813839768377 ], [ 92.564665513387595, 25.465483571143007 ], [ 92.573654095646376, 25.490478204986655 ], [ 92.642839362710717, 25.53480936652857 ], [ 92.661461476279754, 25.57218637261775 ], [ 92.652991265957397, 25.590928114685173 ], [ 92.594818918474871, 25.551593177761731 ], [ 92.572491497802289, 25.55735061117613 ], [ 92.556725921733886, 25.570961312605032 ], [ 92.554167382362451, 25.614803626247749 ], [ 92.505629700762455, 25.616311350804533 ], [ 92.47033345774156, 25.675151599217781 ], [ 92.440648337225383, 25.69160133109127 ], [ 92.44429108205928, 25.719695294807213 ], [ 92.406620727388088, 25.744599653872463 ], [ 92.381778006851945, 25.742044004344454 ], [ 92.384019420266824, 25.754523028248965 ], [ 92.333510356131399, 25.724115855909371 ], [ 92.225034337116696, 25.716089602901388 ], [ 92.1701956681963, 25.667128950701478 ], [ 92.156147719460137, 25.672183133757027 ], [ 92.144246881695238, 25.716813497077187 ], [ 92.162709061007718, 25.740856933677698 ], [ 92.151099969097658, 25.816638806374453 ], [ 92.177244002629081, 25.872749794036924 ], [ 92.225561897920088, 25.90916865600683 ], [ 92.154739166484504, 25.910992476641518 ], [ 92.152436495153793, 25.944318639668591 ], [ 92.180884450470785, 25.98501046259894 ], [ 92.263465485781794, 26.033129720238744 ], [ 92.268884279882457, 26.068173851820578 ], [ 92.169399705158995, 26.077638206999847 ], [ 92.132615896943378, 26.044238694707747 ], [ 91.989056164625907, 26.038529717795925 ], [ 91.918984395123417, 25.997832473419262 ], [ 91.91469228152684, 26.020498891967346 ], [ 91.867298023231157, 26.04201757093411 ], [ 91.879170651201164, 26.097976153068377 ], [ 91.825399423383416, 26.119405765945427 ], [ 91.791362178216389, 26.085231726736119 ], [ 91.731061162175408, 26.058926739253373 ], [ 91.72010799672961, 25.953595970836378 ], [ 91.670600714934437, 25.904151547930294 ], [ 91.609472063954186, 25.937392045471626 ], [ 91.6407149359366, 25.963758367707641 ], [ 91.626063278006967, 25.986682315490874 ], [ 91.631095432717771, 26.021967073868908 ], [ 91.597534136547836, 26.01807438737233 ], [ 91.579841286122786, 26.033247803879412 ], [ 91.551246582020951, 25.976595668923267 ], [ 91.518075466399736, 25.959732401008129 ], [ 91.50326140743978, 25.913744054790218 ], [ 91.536954689481163, 25.931211916504861 ], [ 91.474808852748509, 25.874021112572791 ], [ 91.513137748879799, 25.865712994690696 ], [ 91.526585908670398, 25.89107365750445 ], [ 91.530433649950467, 25.8712539839883 ], [ 91.445148691922483, 25.839737869571852 ], [ 91.422466724173574, 25.854473959708628 ], [ 91.335354902776473, 25.840544225483058 ], [ 91.274538219626393, 25.750447491177074 ], [ 91.222454066539825, 25.722563261421296 ], [ 91.178262142331903, 25.777351631876087 ], [ 91.203643286099847, 25.843214008219324 ], [ 91.195829730775429, 25.861393548125115 ], [ 91.180227969685589, 25.84397208692592 ], [ 91.147550010290729, 25.850491596232914 ], [ 91.062134394999617, 25.820778056825048 ], [ 91.048884339780287, 25.829272846548321 ], [ 91.078503612887829, 25.852737134507883 ], [ 91.048219595453176, 25.849203241499662 ], [ 91.006014599126658, 25.820383326700814 ], [ 91.030548388138257, 25.885801611392171 ], [ 90.968854959152367, 25.885219257825732 ], [ 90.947434526997952, 25.948091944065592 ], [ 90.917336415911336, 25.944407681527146 ], [ 90.916836389369706, 25.914056372508963 ], [ 90.884525624432044, 25.950307904812576 ], [ 90.835467869486493, 25.936605381783604 ], [ 90.836187872779988, 25.948421182071709 ], [ 90.809054081756727, 25.952437319547219 ], [ 90.766376809644328, 25.907640586024254 ], [ 90.760524533503286, 25.92188435896324 ], [ 90.745305004668523, 25.911769072238755 ], [ 90.738976554951577, 25.916158350010566 ], [ 90.754151689943313, 25.929432567643502 ], [ 90.740397012401331, 25.939394608141853 ], [ 90.748095023718989, 25.956716089405298 ], [ 90.717587515323117, 25.954941027076281 ], [ 90.631643251368757, 25.919826423950035 ], [ 90.621866173767685, 25.897836410779263 ], [ 90.60626618774883, 25.916617030522197 ], [ 90.624124181760791, 25.939175481244497 ], [ 90.587871407235454, 25.95807086525171 ], [ 90.514980027278781, 25.896101307521036 ], [ 90.535004402921459, 25.949588216101766 ], [ 90.476134376178621, 26.009586724484286 ], [ 90.425187677989612, 25.988838895115649 ], [ 90.399746833086198, 26.01251616424792 ], [ 90.372176780635073, 26.01126551942329 ], [ 90.324776248505472, 25.973395658397934 ], [ 90.202870238126735, 25.96086255214783 ], [ 90.186884185843184, 25.944094618681781 ], [ 90.151093484937078, 25.966690062005256 ], [ 90.116268555606439, 25.956877487485595 ], [ 90.042485244692344, 25.887667017208798 ], [ 90.019367557199686, 25.892076000362287 ], [ 90.005625118305119, 25.878472896901936 ], [ 90.022331405647492, 25.86013602095101 ], [ 90.003585711743142, 25.83923547788914 ], [ 89.948259210012736, 25.825470736944574 ], [ 89.95935140591844, 25.77993020551272 ], [ 89.937577476818262, 25.745425770650531 ], [ 89.894739284099103, 25.744968623066875 ], [ 89.950452522237427, 25.655603596102171 ], [ 90.020250328934466, 25.607487024343182 ], [ 90.00299943435779, 25.585424170826901 ], [ 89.983504452980014, 25.591248583839622 ], [ 89.972157271179242, 25.573491701530678 ], [ 89.878362206850468, 25.550334112323817 ], [ 89.867935118191269, 25.524241699445732 ], [ 89.885935705381542, 25.507920638568962 ], [ 89.85207400000418, 25.466722739876161 ], [ 89.849309847942322, 25.492797227399834 ], [ 89.869639171081275, 25.510906473055517 ], [ 89.851273062096851, 25.538627935135068 ], [ 89.866037260066904, 25.546190513322049 ], [ 89.881790773557725, 25.625857900278053 ], [ 89.850532971575305, 25.712957597359182 ], [ 89.828366034928209, 25.728250412214202 ], [ 89.84032863725875, 25.766729176437337 ], [ 89.816544369282582, 25.814302106370608 ], [ 89.835281265985358, 25.84073440719618 ], [ 89.832572313601091, 25.870605527260075 ], [ 89.88707666191209, 25.945201563096067 ], [ 89.825386986985762, 25.945504490274423 ], [ 89.849336012273298, 25.949109344980474 ], [ 89.838558416261549, 25.9678511888613 ], [ 89.866839454717336, 25.972031732115912 ], [ 89.871031866995509, 25.980702058140182 ], [ 89.835840902034306, 26.01259673661794 ], [ 89.835941128867205, 25.982424204170854 ], [ 89.82027175068761, 25.987641287392002 ], [ 89.807416666732379, 26.044002790762509 ], [ 89.797720754612143, 26.024515894160075 ], [ 89.791590757114534, 26.018153530278855 ], [ 89.788038033353558, 26.019206607719596 ], [ 89.801833126100192, 26.040253243565125 ], [ 89.773653689797996, 26.037637099290436 ], [ 89.798809471414003, 26.059579371236708 ], [ 89.79485103523308, 26.08751255322527 ], [ 89.781323582948929, 26.083442415611106 ], [ 89.783160761672463, 26.105983948803267 ], [ 89.756169570115716, 26.109362731016947 ], [ 89.766570341730372, 26.130477204474097 ], [ 89.747658706535177, 26.15737105724061 ], [ 89.720487222202578, 26.156296259977651 ], [ 89.73311775338793, 26.176721641478871 ], [ 89.709873946022626, 26.171767415735161 ], [ 89.698657787099307, 26.190671451080306 ], [ 89.713221344554057, 26.187067849093111 ], [ 89.711760232947825, 26.202229665186291 ], [ 89.734075352090883, 26.20986041779134 ], [ 89.725689820560461, 26.217478694470035 ], [ 89.709415551004525, 26.211393163593318 ], [ 89.700546943243509, 26.217859870788214 ], [ 89.732160927236094, 26.236608159412626 ], [ 89.702327914379723, 26.259262392238249 ], [ 89.738399108843367, 26.269724683340289 ], [ 89.717746127199135, 26.295472504653674 ], [ 89.720454989751886, 26.30779181997088 ], [ 89.757207599477667, 26.288690647946627 ], [ 89.75059826184274, 26.321317628508762 ], [ 89.782664113694608, 26.332619923339458 ], [ 89.781060331654928, 26.352740796558017 ], [ 89.820461660826894, 26.372910854430053 ], [ 89.811186617502088, 26.360328350735415 ], [ 89.820385010278628, 26.352641714702308 ], [ 89.824941247433372, 26.381512094902597 ], [ 89.856413239220558, 26.384161780801357 ], [ 89.846301445751337, 26.40466302951884 ], [ 89.828073709660032, 26.3945126513992 ], [ 89.834593356802031, 26.413813255873521 ], [ 89.85638325974459, 26.412919309966853 ], [ 89.847864418225996, 26.422791139236725 ], [ 89.869089307804273, 26.453585413678354 ], [ 89.849833492091122, 26.490763146180946 ], [ 89.857604766410049, 26.575875310250272 ], [ 89.87425124571746, 26.583919081724673 ], [ 89.869583066800217, 26.613895254322703 ], [ 89.849835864541788, 26.623025137135944 ], [ 89.866474392860582, 26.64554637436764 ], [ 89.851882895105561, 26.697063091155322 ], [ 89.865519401966893, 26.705513411084929 ], [ 89.85894780435369, 26.734917822419973 ], [ 89.967064200810682, 26.723470916392845 ], [ 90.139879735295366, 26.753618510774441 ], [ 90.194522937098142, 26.773271324158873 ], [ 90.187669044805219, 26.806811851179113 ], [ 90.230500012374563, 26.858906708326696 ], [ 90.300298402976495, 26.848220344544568 ], [ 90.347786299860786, 26.87529480539434 ], [ 90.356562656031997, 26.900655036482256 ], [ 90.41664758502634, 26.904531885105737 ], [ 90.546612919011423, 26.816639769929349 ], [ 90.634443208481215, 26.793810311884428 ], [ 90.646574208096595, 26.776580411755617 ], [ 90.675978766783274, 26.784094673826896 ], [ 90.717277572295572, 26.768268435803332 ], [ 90.991874474259191, 26.790642246578276 ], [ 91.05406044592209, 26.780985422352799 ], [ 91.097562745164481, 26.821992866570838 ], [ 91.23688719220857, 26.81200260941257 ], [ 91.337247927066258, 26.780860894268777 ], [ 91.376005842407565, 26.795227675535141 ], [ 91.407647187287068, 26.839602548310303 ], [ 91.49510696841449, 26.79120585169661 ], [ 91.625524308599438, 26.820865820841366 ], [ 91.689796701951366, 26.806451479858818 ], [ 91.824146740686032, 26.864043439981454 ], [ 91.859111853015094, 26.913338816941089 ], [ 91.891736352769087, 26.919062669667195 ], [ 91.983501448236211, 26.85819159008398 ], [ 92.056724718859485, 26.84738502456181 ], [ 92.102651835158412, 26.867168376172881 ], [ 92.114477344695146, 26.893694253067871 ], [ 92.276090156358194, 26.901996421898463 ], [ 92.302964896609708, 26.907139617132668 ], [ 92.302661885881236, 26.922642851276301 ], [ 92.363189389663248, 26.93454324937116 ], [ 92.398329624963679, 26.924690655124824 ], [ 92.447468245352766, 26.958811821119507 ], [ 92.583342399036169, 26.959540601039457 ], [ 92.644799101283411, 26.986663262637588 ], [ 92.672477524693761, 27.031649103430428 ], [ 92.886608916511449, 26.999745395717383 ], [ 92.918410522634247, 26.982305667820203 ], [ 92.917145402761747, 26.962930373290494 ], [ 93.021856142246236, 26.913416558377307 ], [ 93.322715570917154, 26.960009784287287 ], [ 93.448770629200339, 26.950781806469632 ], [ 93.470647777421604, 26.936597234408257 ], [ 93.586669464261547, 26.950470127441381 ], [ 93.670769306376229, 26.971487192469809 ], [ 93.723380221663959, 27.020814210417704 ], [ 93.767424570637004, 27.039439081186018 ], [ 93.770870905122251, 27.062035818115643 ], [ 93.778281345954497, 27.048936728113603 ], [ 93.781185750185017, 27.065517691501057 ], [ 93.783792930634121, 27.051453851770496 ], [ 93.800223846612681, 27.057853227714944 ], [ 93.793044150637556, 27.068277712887429 ], [ 93.793782225339626, 27.072339355239667 ], [ 93.803358633679295, 27.058057924028688 ], [ 93.829226555635103, 27.06681381779989 ], [ 93.837774414533996, 27.085371752748014 ], [ 93.825066419825077, 27.116422826964619 ], [ 93.794474035007894, 27.13452187931799 ], [ 93.805995033629614, 27.148760240909528 ], [ 93.991254707861316, 27.328346488704234 ], [ 94.059814172566149, 27.361537146575447 ], [ 94.089597461874902, 27.407048514332136 ], [ 94.159424342546089, 27.46161755557965 ], [ 94.156666086127473, 27.474857511871242 ], [ 94.268255060452418, 27.520841041271019 ], [ 94.258699716707866, 27.555458089670037 ], [ 94.224951734452219, 27.574094621302503 ], [ 94.226641419687553, 27.597741108730524 ], [ 94.209507302504605, 27.605083278583855 ], [ 94.237564470910058, 27.632679887265176 ], [ 94.261705792262262, 27.635872596436204 ], [ 94.254257997683837, 27.614230771767087 ], [ 94.277399300088689, 27.589437350359429 ], [ 94.298260062058176, 27.601932335735796 ], [ 94.364011897139704, 27.574350132381824 ], [ 94.431682105171703, 27.600332897153034 ], [ 94.461731803352706, 27.555242437400757 ], [ 94.47780439843244, 27.576141589285971 ], [ 94.498958970585221, 27.572168372920846 ], [ 94.682677570573986, 27.645893772389524 ], [ 94.68791032986752, 27.665141729695176 ], [ 94.754307048423527, 27.660548343238734 ], [ 94.793727467693586, 27.695180255577629 ], [ 94.840970383220068, 27.700609712378313 ], [ 94.852345734391534, 27.727603387718705 ], [ 95.249036504222701, 27.850061691876011 ], [ 95.308760580865723, 27.868010778711337 ], [ 95.379577120214094, 27.839178931122898 ], [ 95.514595198296334, 27.876389726888942 ], [ 95.605278478717949, 27.954615430465076 ], [ 95.82388119174324, 27.971475095719736 ], [ 95.971744451651276, 27.962448597431433 ], [ 95.937746709898875, 27.898200117779769 ], [ 95.915504255479121, 27.88938761508258 ], [ 95.925088171039619, 27.881678010176074 ], [ 95.870406977686827, 27.832668842889611 ], [ 95.837758998666246, 27.824118217413307 ], [ 95.77600229414837, 27.753623442277902 ], [ 95.779379388288149, 27.733709435694372 ], [ 95.752262713764324, 27.72091808068739 ], [ 95.767865855564764, 27.68698910371597 ], [ 95.790462622600572, 27.680141660687166 ], [ 95.770433033135959, 27.657702789822153 ], [ 95.795784899910487, 27.641732989951898 ], [ 95.778526558300129, 27.623978866571829 ], [ 95.790643531620688, 27.59964805570516 ], [ 95.815799490204796, 27.598669996434786 ], [ 95.814337080532951, 27.574249252071212 ], [ 95.876648963659349, 27.544283134571728 ], [ 95.886854164850106, 27.497081836390922 ], [ 95.844506645413873, 27.421584482894307 ], [ 95.860143445291399, 27.408014047087637 ], [ 95.883216099340544, 27.435318300213737 ], [ 95.885725770360509, 27.398154909446383 ], [ 95.907975962868136, 27.434348953525436 ], [ 95.941309678047332, 27.437292474425043 ], [ 95.95474940175913, 27.419619782323466 ], [ 95.969354665297587, 27.427886139270043 ], [ 96.017753932681984, 27.364919120860918 ], [ 95.989205056134381, 27.35649552574321 ], [ 95.960040740192355, 27.310950814645199 ], [ 95.897213453163275, 27.282163721980254 ], [ 95.892431476564155, 27.255284081217464 ], [ 95.85642912449228, 27.271059440139474 ], [ 95.859305339589213, 27.287220901754587 ], [ 95.805157563157195, 27.272952189542202 ], [ 95.800888024223667, 27.284267140351776 ], [ 95.720206468496144, 27.249477521787213 ], [ 95.587573073438492, 27.222940948520119 ], [ 95.545121636890187, 27.259986768420848 ], [ 95.508810363175243, 27.261874703549267 ], [ 95.457578525342001, 27.208783188984377 ], [ 95.466600395571973, 27.18163973934487 ], [ 95.453273158900032, 27.129434230322833 ], [ 95.420645908504639, 27.12578462596159 ], [ 95.374671660297693, 27.09267512340227 ], [ 95.36885781498286, 27.107593312213012 ], [ 95.354764908261657, 27.103909886861704 ], [ 95.246436192292279, 27.023805003105561 ], [ 95.232229393566101, 27.042753414948166 ], [ 95.210690572440399, 27.028536024813878 ], [ 95.193059762363831, 27.035928141174473 ], [ 95.101812562725954, 26.96178784561581 ], [ 95.016764050263887, 26.921062925888762 ], [ 94.982618216745323, 26.91299824565089 ], [ 94.961238303101808, 26.937123844577489 ], [ 94.930850928205516, 26.932559006387141 ], [ 94.923491232305338, 26.946365754931854 ], [ 94.873587311972855, 26.917516234854652 ], [ 94.817493936450731, 26.847513801206865 ], [ 94.814459987071402, 26.819543104761348 ], [ 94.795250446273457, 26.814420810088091 ], [ 94.802717244711673, 26.801315410229218 ], [ 94.770217273913957, 26.789038763927984 ], [ 94.758328685576288, 26.766005745344636 ], [ 94.740184640130082, 26.775983262028788 ], [ 94.692345224390294, 26.731930631527337 ], [ 94.620301748060626, 26.712122407676542 ], [ 94.609635816231958, 26.73693721989882 ], [ 94.597071463035306, 26.734552653081312 ], [ 94.59387920804501, 26.697195116148816 ], [ 94.577322874676383, 26.700660988963133 ], [ 94.566494025286119, 26.683558139170543 ], [ 94.562352950828156, 26.705068635569258 ], [ 94.539264239393304, 26.706184924184878 ], [ 94.492674426027818, 26.665889405268551 ], [ 94.460283899676057, 26.661630130343035 ], [ 94.46549491973974, 26.633060969899212 ], [ 94.402921767901148, 26.610568038310976 ], [ 94.413383134474998, 26.577188666070416 ], [ 94.400875980605733, 26.534152575680174 ], [ 94.37217357658615, 26.506044357724218 ], [ 94.347791798690338, 26.504457891341037 ], [ 94.352847614127398, 26.490058784846028 ], [ 94.325522808935389, 26.48194945338566 ], [ 94.31662226786267, 26.458323706324752 ], [ 94.28974763361235, 26.479714931163532 ], [ 94.284785050725361, 26.561069051532623 ], [ 94.256336790879473, 26.541223414843646 ], [ 94.171733813153963, 26.429784953325385 ], [ 94.177581267138507, 26.382012116408269 ], [ 94.160155096876878, 26.354293701914404 ], [ 94.174555880500478, 26.34046046214711 ], [ 94.105054156724478, 26.319948597371681 ], [ 94.074623368945453, 26.264379828375709 ], [ 94.047687034808163, 26.249364694140819 ], [ 94.032032897445646, 26.197536694021654 ], [ 94.001078494263936, 26.172267427556516 ], [ 93.987387840550554, 26.066786361549141 ], [ 93.953000757275888, 26.002965938580942 ], [ 93.978695374450453, 25.916729294231008 ], [ 93.915995808990161, 25.883701268713065 ], [ 93.881801753907141, 25.843349384046611 ], [ 93.839702509950797, 25.85660998992471 ], [ 93.795474290212169, 25.808927800182861 ], [ 93.777535757743408, 25.849811861432663 ], [ 93.795673991089714, 25.90650940063917 ], [ 93.777189349403542, 25.968239159784197 ], [ 93.765449748452383, 25.969751731663724 ], [ 93.751313259965158, 25.932808774191422 ], [ 93.681529238814491, 25.904386427551259 ], [ 93.714321856477284, 25.844513277001159 ], [ 93.646136225677949, 25.82237958280983 ], [ 93.617420889511564, 25.775988302972607 ], [ 93.567935343352985, 25.758434228974014 ], [ 93.542450855598133, 25.730939823260393 ], [ 93.54116770024963, 25.698844519524691 ], [ 93.522492944506638, 25.697573479798876 ], [ 93.496552645288403, 25.654533567658792 ], [ 93.4608957673085, 25.632310814746447 ], [ 93.427378526316716, 25.632534439042356 ], [ 93.358716080544355, 25.554632197129521 ], [ 93.327019815363343, 25.546487548511244 ], [ 93.385513631258462, 25.490391110985573 ], [ 93.390343364993058, 25.460384810550753 ], [ 93.458193143555405, 25.430984137125758 ], [ 93.473612538557731, 25.379279885769254 ], [ 93.448434105023551, 25.340635900851332 ], [ 93.470503295984528, 25.305060405012174 ], [ 93.381118590493216, 25.239628609965798 ], [ 93.345870054302154, 25.169808383909491 ], [ 93.332370642929618, 25.093518723313331 ], [ 93.2999572472674, 25.046039355269112 ], [ 93.264204948441375, 25.049361865891758 ], [ 93.243882793858404, 25.018286081257333 ], [ 93.244388075544464, 24.998088318659992 ], [ 93.250500067210524, 25.004319197740237 ], [ 93.259869571980715, 25.001126383338764 ], [ 93.249611420493835, 24.973122972502644 ] ], [ [ 93.24961134144209, 24.973122765663312 ], [ 93.249611420493835, 24.973122972502644 ], [ 93.249610983912575, 24.973122793350456 ], [ 93.24961134144209, 24.973122765663312 ] ], [ [ 89.8001061284412, 26.350509263656882 ], [ 89.789819418613135, 26.341736780980337 ], [ 89.817511908742503, 26.320838850182078 ], [ 89.818657797922285, 26.338736319706676 ], [ 89.8001061284412, 26.350509263656882 ] ] ] } },
{ "type": "Feature", "properties": { "Name": "Arunachal Pradesh" }, "geometry": { "type": "Polygon", "coordinates": [ [ [ 96.085377328606256, 29.459277478032316 ], [ 96.149703585840896, 29.399218226388712 ], [ 96.182195837415392, 29.349004226607541 ], [ 96.185806834888865, 29.304696960762623 ], [ 96.227186591184676, 29.245905461211951 ], [ 96.30125532561064, 29.242158960341772 ], [ 96.372950076845342, 29.283488221354379 ], [ 96.395382321928437, 29.246639713324843 ], [ 96.351445079985041, 29.172159222545808 ], [ 96.244239579717672, 29.15244772461033 ], [ 96.184873830261736, 29.089266719970389 ], [ 96.121697332149097, 29.070851224147891 ], [ 96.177257325784751, 28.992115727011591 ], [ 96.177575572838762, 28.96354196315589 ], [ 96.15154308221787, 28.952746962732018 ], [ 96.143289575186415, 28.928935218894686 ], [ 96.166466082567254, 28.892107474766416 ], [ 96.235991819209133, 28.926714962742157 ], [ 96.282658840976652, 28.981640968201212 ], [ 96.34582008839071, 29.021426963350802 ], [ 96.442267325289563, 29.029918977914253 ], [ 96.522180827737387, 29.06677097983567 ], [ 96.473106069480139, 28.977283469537145 ], [ 96.488448068332531, 28.952191720007001 ], [ 96.518737083095104, 28.958024976773942 ], [ 96.533272319363903, 28.875119225048998 ], [ 96.613606823557816, 28.766450710914114 ], [ 96.586277578891696, 28.708808723238761 ], [ 96.466974576287569, 28.67090672207673 ], [ 96.481801070625949, 28.619070475229211 ], [ 96.398506818793464, 28.569499973078013 ], [ 96.39398658881025, 28.546990208859654 ], [ 96.340915584281746, 28.540358716704613 ], [ 96.318496576772688, 28.51859996488551 ], [ 96.356855829672341, 28.468697226471399 ], [ 96.251966334429468, 28.39394896636826 ], [ 96.289417832547997, 28.388747480435072 ], [ 96.301567072455256, 28.368869708128646 ], [ 96.361790825296978, 28.374362455499551 ], [ 96.391453567881129, 28.326555723422651 ], [ 96.415725335392338, 28.333428232646732 ], [ 96.422480844195348, 28.370536726204229 ], [ 96.456674574088225, 28.40575122866024 ], [ 96.500305327026368, 28.401898480674493 ], [ 96.569847836112885, 28.445785972518607 ], [ 96.650429323111041, 28.44999871158284 ], [ 96.739143837789726, 28.409514969775277 ], [ 96.769962074340654, 28.360959712404586 ], [ 96.836903327367395, 28.356720972705403 ], [ 96.887818813591863, 28.378242728960391 ], [ 96.918053563823079, 28.342773713737795 ], [ 96.990010563831959, 28.304459221543205 ], [ 97.079070584941931, 28.351628973108131 ], [ 97.113468564781002, 28.344515973398952 ], [ 97.172775070343974, 28.286247467740861 ], [ 97.216891579187148, 28.289487971398263 ], [ 97.247856072246165, 28.265565975280342 ], [ 97.289985588529248, 28.265598971566366 ], [ 97.375149068279683, 28.220472462040853 ], [ 97.395384067415463, 28.1915652271366 ], [ 97.35801133897094, 28.189134960672281 ], [ 97.326125822115756, 28.150017473726287 ], [ 97.342986085189409, 28.114539968335848 ], [ 97.306987335361825, 28.074370467805025 ], [ 97.323266562719837, 28.056791980259234 ], [ 97.374293811942067, 28.062764219684862 ], [ 97.375213826930164, 28.035292484516976 ], [ 97.407419577912805, 28.018673714659343 ], [ 97.364058043777121, 27.968118940359126 ], [ 97.382180136194378, 27.893137101012158 ], [ 97.361794226379047, 27.873611420079698 ], [ 97.322067869669297, 27.888537083434478 ], [ 97.301936861307425, 27.916235765877861 ], [ 97.248526966439698, 27.899133891642322 ], [ 97.169325004257047, 27.815219489894247 ], [ 97.116417428431561, 27.784783565619794 ], [ 97.089297474158627, 27.733932227197542 ], [ 97.031966906487838, 27.748529056911192 ], [ 96.984526156782948, 27.665809715356666 ], [ 96.93419478659726, 27.660233518416455 ], [ 96.889727447906381, 27.60666703188128 ], [ 96.92992221405305, 27.515485698947359 ], [ 96.902999769666664, 27.452738140677926 ], [ 96.960519841438199, 27.404054702590962 ], [ 96.962235133150713, 27.372954259334556 ], [ 96.998473644225939, 27.318752737906756 ], [ 97.028570006292696, 27.307264487470317 ], [ 97.086408837157975, 27.237535402076809 ], [ 97.088951890472174, 27.211988439239768 ], [ 97.162274494104622, 27.140445782119226 ], [ 97.136751957307581, 27.089609999902741 ], [ 97.099337789578982, 27.106902399267419 ], [ 97.062013999554509, 27.089978167560261 ], [ 96.984813049938623, 27.154429749780402 ], [ 96.874327635278931, 27.180541753346635 ], [ 96.854626785190845, 27.210002860178562 ], [ 96.885355759745281, 27.22599390325313 ], [ 96.885035536397652, 27.259303785916924 ], [ 96.847081057178499, 27.271200069155633 ], [ 96.848192515730062, 27.290136600103274 ], [ 96.796740525075194, 27.345654903613728 ], [ 96.704408579189035, 27.372091416591381 ], [ 96.697548094160254, 27.357678057065225 ], [ 96.605571710446682, 27.365479405738082 ], [ 96.596255028411861, 27.333400142261421 ], [ 96.551119511134559, 27.318029218193217 ], [ 96.524093033753459, 27.286141624282443 ], [ 96.440721743300529, 27.306315655708037 ], [ 96.386697465457104, 27.284345260980096 ], [ 96.307504851143321, 27.294115545236647 ], [ 96.271273592167404, 27.271429824953199 ], [ 96.228303621985972, 27.278643866045364 ], [ 96.023147361053972, 27.180092413664621 ], [ 95.946180932812652, 27.051856561482339 ], [ 95.870082082201407, 27.012640231723562 ], [ 95.802057073768111, 27.014647288843257 ], [ 95.754917292022768, 26.954043279272422 ], [ 95.744880196164374, 26.897640765960524 ], [ 95.722954269423184, 26.881454279639854 ], [ 95.667339394113554, 26.902923394710466 ], [ 95.632047118052952, 26.873595399654189 ], [ 95.608324227468557, 26.812991646693597 ], [ 95.543158563771144, 26.835586315344507 ], [ 95.507461758371818, 26.808920532743961 ], [ 95.482676770762382, 26.746379522784366 ], [ 95.459015618692504, 26.742504766478188 ], [ 95.43049291366242, 26.700185660725854 ], [ 95.360623430388841, 26.670571047886529 ], [ 95.33557124069479, 26.674101101163384 ], [ 95.303907668800207, 26.650692106440207 ], [ 95.259524060280313, 26.655056638857229 ], [ 95.212524212700032, 26.72943293033395 ], [ 95.241350397379222, 26.781451253854371 ], [ 95.211620363793784, 26.79259038060016 ], [ 95.195619264729217, 26.834236800318607 ], [ 95.205188049965386, 26.845018320465414 ], [ 95.181143034299879, 26.859202886195693 ], [ 95.230480546184481, 26.885154034166206 ], [ 95.211842881879548, 26.964837909732715 ], [ 95.192043279093966, 26.984534191100291 ], [ 95.192893417729408, 27.035779336586991 ], [ 95.210690572440399, 27.028536024813878 ], [ 95.232229393566101, 27.042753414948166 ], [ 95.246436192292279, 27.023805003105561 ], [ 95.354764908261657, 27.103909886861704 ], [ 95.374671660297693, 27.09267512340227 ], [ 95.420645908504639, 27.12578462596159 ], [ 95.453273158900032, 27.129434230322833 ], [ 95.466600395571973, 27.18163973934487 ], [ 95.457578525342001, 27.208783188984377 ], [ 95.509173744284084, 27.262037485861555 ], [ 95.545121636890187, 27.259986768420848 ], [ 95.587573073438492, 27.222940948520119 ], [ 95.720206468496144, 27.249477521787213 ], [ 95.800888024223667, 27.284267140351776 ], [ 95.805157563157195, 27.272952189542202 ], [ 95.859305339589213, 27.287220901754587 ], [ 95.85642912449228, 27.271059440139474 ], [ 95.892431476564155, 27.255284081217464 ], [ 95.897213453163275, 27.282163721980254 ], [ 95.960040740192355, 27.310950814645199 ], [ 95.989205056134381, 27.35649552574321 ], [ 96.017753932681984, 27.364919120860918 ], [ 95.969354665297587, 27.427886139270043 ], [ 95.95474940175913, 27.419619782323466 ], [ 95.941309678047332, 27.437292474425043 ], [ 95.907975962868136, 27.434348953525436 ], [ 95.885725770360509, 27.398154909446383 ], [ 95.883216099340544, 27.435318300213737 ], [ 95.860143445291399, 27.408014047087637 ], [ 95.844506645413873, 27.421584482894307 ], [ 95.886854164850106, 27.497081836390922 ], [ 95.876648963659349, 27.544283134571728 ], [ 95.814337080532951, 27.574249252071212 ], [ 95.815799490204796, 27.598669996434786 ], [ 95.790643531620688, 27.59964805570516 ], [ 95.778526558300129, 27.623978866571829 ], [ 95.795784899910487, 27.641732989951898 ], [ 95.770433033135959, 27.657702789822153 ], [ 95.790462622600572, 27.680141660687166 ], [ 95.767865855564764, 27.68698910371597 ], [ 95.752262713764324, 27.72091808068739 ], [ 95.779379388288149, 27.733709435694372 ], [ 95.77600229414837, 27.753623442277902 ], [ 95.837758998666246, 27.824118217413307 ], [ 95.870406977686827, 27.832668842889611 ], [ 95.925088171039619, 27.881678010176074 ], [ 95.915504255479121, 27.88938761508258 ], [ 95.937746709898875, 27.898200117779769 ], [ 95.971287273850379, 27.962719624029422 ], [ 95.82388119174324, 27.971475095719736 ], [ 95.605278478717949, 27.954615430465076 ], [ 95.52013232657103, 27.88123805379449 ], [ 95.379577120214094, 27.839178931122898 ], [ 95.308760580865723, 27.868010778711337 ], [ 94.922325462510017, 27.749922613903259 ], [ 94.852345734391534, 27.727603387718705 ], [ 94.840970383220068, 27.700609712378313 ], [ 94.793727467693586, 27.695180255577629 ], [ 94.754307048423527, 27.660548343238734 ], [ 94.68791032986752, 27.665141729695176 ], [ 94.682677570573986, 27.645893772389524 ], [ 94.498958970585221, 27.572168372920846 ], [ 94.47780439843244, 27.576141589285971 ], [ 94.461731803352706, 27.555242437400757 ], [ 94.431682105171703, 27.600332897153034 ], [ 94.364011897139704, 27.574350132381824 ], [ 94.298260062058176, 27.601932335735796 ], [ 94.277399300088689, 27.589437350359429 ], [ 94.254257997683837, 27.614230771767087 ], [ 94.261705792262262, 27.635872596436204 ], [ 94.237564470910058, 27.632679887265176 ], [ 94.209507302504605, 27.605083278583855 ], [ 94.226641419687553, 27.597741108730524 ], [ 94.224951734452219, 27.574094621302503 ], [ 94.258699716707866, 27.555458089670037 ], [ 94.268255060452418, 27.520841041271019 ], [ 94.156666086127473, 27.474857511871242 ], [ 94.159424342546089, 27.46161755557965 ], [ 94.089597461874902, 27.407048514332136 ], [ 94.059814172566149, 27.361537146575447 ], [ 93.991254707861316, 27.328346488704234 ], [ 93.805995033629614, 27.148760240909528 ], [ 93.794474035007894, 27.13452187931799 ], [ 93.825066419825077, 27.116422826964619 ], [ 93.837774414533996, 27.085371752748014 ], [ 93.829226555635103, 27.06681381779989 ], [ 93.803358633679295, 27.058057924028688 ], [ 93.793782225339626, 27.072339355239667 ], [ 93.800223846612681, 27.057853227714944 ], [ 93.783792930634121, 27.051453851770496 ], [ 93.781185750185017, 27.065517691501057 ], [ 93.778281345954497, 27.048936728113603 ], [ 93.770870905122251, 27.062035818115643 ], [ 93.767424570637004, 27.039439081186018 ], [ 93.66505698326489, 26.96850615533965 ], [ 93.489102165645619, 26.936176834896678 ], [ 93.324101886097907, 26.96007920722499 ], [ 93.021856142246236, 26.913416558377307 ], [ 92.917145402761747, 26.962930373290494 ], [ 92.918410522634247, 26.982305667820203 ], [ 92.886608916511449, 26.999745395717383 ], [ 92.672477524693761, 27.031649103430428 ], [ 92.644799101283411, 26.986663262637588 ], [ 92.583342399036169, 26.959540601039457 ], [ 92.447468245352766, 26.958811821119507 ], [ 92.398329624963679, 26.924690655124824 ], [ 92.363189389663248, 26.93454324937116 ], [ 92.302661885881236, 26.922642851276301 ], [ 92.302964896609708, 26.907139617132668 ], [ 92.276090156358194, 26.901996421898463 ], [ 92.120018545931401, 26.888983722980495 ], [ 92.118113915408117, 26.974372912869448 ], [ 92.078415455879536, 27.017361367154294 ], [ 92.081745684910928, 27.040815557037025 ], [ 92.04412406923376, 27.05136236656362 ], [ 92.023133619283385, 27.109551907245972 ], [ 92.035804480333383, 27.134911404246775 ], [ 92.026721870515516, 27.168278947682666 ], [ 92.058378358295755, 27.190309441479922 ], [ 92.072571269965948, 27.233105964451788 ], [ 92.038002459305957, 27.258421967432895 ], [ 92.067073222897662, 27.277170259260096 ], [ 92.103473050736653, 27.268664902091206 ], [ 92.124975372414056, 27.282018232681743 ], [ 92.064583827751974, 27.326979343476808 ], [ 92.048241209877631, 27.363132394240814 ], [ 92.058469869673758, 27.399707441690875 ], [ 92.022166464302387, 27.448020464640113 ], [ 92.019371019427624, 27.478050502316769 ], [ 91.943644381262743, 27.459736294640077 ], [ 91.848604746023611, 27.486456276893552 ], [ 91.825253921460217, 27.46785276261798 ], [ 91.766971759425815, 27.464755424863782 ], [ 91.714623180048818, 27.474539334136864 ], [ 91.695059156853233, 27.50532765232056 ], [ 91.652452144674157, 27.483041258696989 ], [ 91.566314856121437, 27.583060337551988 ], [ 91.584374253318416, 27.608222526292469 ], [ 91.564069379626545, 27.641402858863103 ], [ 91.628547685706209, 27.699426984490731 ], [ 91.645404612436877, 27.763376721781853 ], [ 91.614644585818013, 27.821849996694354 ], [ 91.565976939555952, 27.818614682934708 ], [ 91.553592368892055, 27.851360357061484 ], [ 91.56988803182648, 27.848014158223016 ], [ 91.575537298594767, 27.864293329743159 ], [ 91.667962845340256, 27.852746971920268 ], [ 91.698760845542807, 27.814650730337345 ], [ 91.733718845011467, 27.800103479404601 ], [ 91.825265832222556, 27.807629724531804 ], [ 91.873726848901299, 27.724276977415819 ], [ 91.923726832375323, 27.717254724684764 ], [ 91.98975708680446, 27.768995470625004 ], [ 92.049187090956053, 27.758238976611047 ], [ 92.151328591235782, 27.831577470879456 ], [ 92.245791580826051, 27.867970716988882 ], [ 92.277511091711688, 27.852756464754894 ], [ 92.310365324819827, 27.778405223807557 ], [ 92.382457336225997, 27.794640716954355 ], [ 92.388603843860253, 27.81529848435056 ], [ 92.456014584302224, 27.808906463710461 ], [ 92.499851589531289, 27.845538975691525 ], [ 92.555663334228683, 27.817423724632338 ], [ 92.616464598695217, 27.887669211496728 ], [ 92.66838707928521, 27.902107472142514 ], [ 92.738245835775928, 27.987617984097316 ], [ 92.708580331770591, 28.040384465086969 ], [ 92.663017086162327, 28.068079477975015 ], [ 92.687258832875074, 28.129134970379273 ], [ 92.813740095048146, 28.210445714718329 ], [ 92.833507830099038, 28.175788217748881 ], [ 92.9636998494545, 28.261253718074027 ], [ 92.999578589750016, 28.235596970829885 ], [ 93.029825576832025, 28.269061478757489 ], [ 93.028795071758921, 28.309778207848954 ], [ 93.094889338338561, 28.307946228351042 ], [ 93.131332587145124, 28.330181227392469 ], [ 93.221535085633434, 28.327503719452217 ], [ 93.228962598049321, 28.406227225613147 ], [ 93.184717588798037, 28.441517965960017 ], [ 93.279663335716933, 28.506574973348243 ], [ 93.307921584812249, 28.569596467590809 ], [ 93.302722339865326, 28.59346673341074 ], [ 93.331017096493795, 28.608405218482918 ], [ 93.338970848291353, 28.638023710319551 ], [ 93.419710572628503, 28.652751207583531 ], [ 93.451309581705303, 28.674000717895098 ], [ 93.475637587346512, 28.652114213908852 ], [ 93.494851581991668, 28.683416963553068 ], [ 93.530171329431937, 28.658667217502099 ], [ 93.575640583413701, 28.654556974475149 ], [ 93.734443838567188, 28.685772707404034 ], [ 93.777101346845058, 28.666101463902031 ], [ 93.843735093973606, 28.707443211577409 ], [ 93.930067584640909, 28.670103474017125 ], [ 93.96305407491171, 28.712415464154287 ], [ 93.969742351103903, 28.749935219139559 ], [ 93.996150821705513, 28.7723802136016 ], [ 93.98604559581932, 28.804879718577993 ], [ 93.996219084683958, 28.842929232932519 ], [ 94.028182587882213, 28.853943218055448 ], [ 94.151089842510302, 28.959189961216204 ], [ 94.218129333499888, 29.081566716783602 ], [ 94.296443578722148, 29.147409969019133 ], [ 94.365913581188835, 29.155855476206987 ], [ 94.378853596362575, 29.188747724180374 ], [ 94.433459084194808, 29.225482216743355 ], [ 94.547569588199792, 29.221961977999388 ], [ 94.633968337704147, 29.345850722228235 ], [ 94.688340331834439, 29.324241953927441 ], [ 94.750495085244594, 29.270457969295482 ], [ 94.798952332592393, 29.216204208325923 ], [ 94.804958079611509, 29.166778961115682 ], [ 94.908265093666728, 29.177885479576517 ], [ 94.918912835509161, 29.158547718952896 ], [ 94.964416324286404, 29.159537726946954 ], [ 95.023887334734113, 29.130581710794427 ], [ 94.99010407923052, 29.171886970549416 ], [ 95.094637073561316, 29.141527728221405 ], [ 95.124476088062096, 29.114624723057858 ], [ 95.248432333295241, 29.10854771829041 ], [ 95.24720082658402, 29.069634710007222 ], [ 95.262306824536566, 29.053345977659536 ], [ 95.299059077631199, 29.060055460142685 ], [ 95.447326081750447, 29.031328217473249 ], [ 95.487853823728528, 29.080504477271884 ], [ 95.494307577647803, 29.139859479728308 ], [ 95.541701811688966, 29.129358206789476 ], [ 95.533513834960871, 29.211859474935888 ], [ 95.584596828239739, 29.215247213544902 ], [ 95.592519078815215, 29.257438731958786 ], [ 95.631694328081309, 29.24722596593632 ], [ 95.697627845632439, 29.300940218776706 ], [ 95.730156580485556, 29.307971460050272 ], [ 95.779239075034042, 29.358294213640704 ], [ 95.798430337810913, 29.339099472966083 ], [ 95.842628827805228, 29.354690709925297 ], [ 95.872838079357095, 29.393088966409842 ], [ 95.954639836938881, 29.38397971361492 ], [ 96.047964074464318, 29.454353726589613 ], [ 96.085377328606256, 29.459277478032316 ] ] ] } },
{ "type": "Feature", "properties": { "Name": "Nagaland" }, "geometry": { "type": "Polygon", "coordinates": [ [ [ 95.192723721480647, 27.027102693828763 ], [ 95.192043279093966, 26.984534191100291 ], [ 95.211842881879548, 26.964837909732715 ], [ 95.230480546184481, 26.885154034166206 ], [ 95.181143034299879, 26.859202886195693 ], [ 95.205188049965386, 26.845018320465414 ], [ 95.195619264729217, 26.834236800318607 ], [ 95.211620363793784, 26.79259038060016 ], [ 95.241350397379222, 26.781451253854371 ], [ 95.212524212700032, 26.72943293033395 ], [ 95.233102508411562, 26.680922222626613 ], [ 95.20942077593854, 26.648747394377075 ], [ 95.149410213076692, 26.615893217911342 ], [ 95.154501506577574, 26.583179191907007 ], [ 95.107678612735228, 26.541618963221275 ], [ 95.114455845496735, 26.517840839257044 ], [ 95.061785842622854, 26.449970563002196 ], [ 95.084331126311412, 26.44712743450145 ], [ 95.103804755633206, 26.420594642592967 ], [ 95.099670958427367, 26.393592851396537 ], [ 95.132176079266614, 26.377989192851565 ], [ 95.127360147248069, 26.253704155939282 ], [ 95.114709677955005, 26.232787458151765 ], [ 95.142537254041841, 26.211545190756183 ], [ 95.122080671966472, 26.185420676589416 ], [ 95.117838381630477, 26.101559727699055 ], [ 95.185708496254264, 26.073345681460303 ], [ 95.125961898847095, 25.985683933868682 ], [ 95.089398654881478, 25.950328909324849 ], [ 95.031235979559668, 25.930810932282295 ], [ 95.011575249130473, 25.897878423151219 ], [ 95.009057969380052, 25.866731000494305 ], [ 95.049905994892896, 25.800332452850693 ], [ 95.049016943934305, 25.759510133427355 ], [ 94.936078735086866, 25.667881839655749 ], [ 94.915073350644889, 25.607626173999144 ], [ 94.881644331400537, 25.590962636935291 ], [ 94.898610270487595, 25.565089879509703 ], [ 94.84590514079116, 25.562019444130787 ], [ 94.806185584328119, 25.491831762265043 ], [ 94.783921870378848, 25.480487085354916 ], [ 94.75159734414936, 25.494009465378682 ], [ 94.664872640944182, 25.449358796538078 ], [ 94.628133055891666, 25.459760322999397 ], [ 94.552740402366297, 25.507093937153737 ], [ 94.551139225440934, 25.580197492800753 ], [ 94.590639654958395, 25.638194827323453 ], [ 94.571564952182911, 25.639093276216297 ], [ 94.591131920056, 25.685660540299846 ], [ 94.568569076100246, 25.692090243182655 ], [ 94.500910916272815, 25.611522538378768 ], [ 94.469623838195318, 25.616248728997704 ], [ 94.425603277509325, 25.587413204887895 ], [ 94.415817083804697, 25.53733281788066 ], [ 94.309139788432844, 25.489351781503121 ], [ 94.282410485425814, 25.506673607712735 ], [ 94.210591553781185, 25.495364302112531 ], [ 94.186532214478461, 25.525978562107845 ], [ 94.190707906414247, 25.54763322307085 ], [ 94.156007493463449, 25.550537833340588 ], [ 94.134600485732634, 25.519015997128939 ], [ 94.088049091515217, 25.528153624315959 ], [ 94.081923793104835, 25.555186340272918 ], [ 94.010856320161636, 25.59176569328277 ], [ 94.006503677182891, 25.566934784903619 ], [ 93.961351224865851, 25.552294937151444 ], [ 93.832795423918327, 25.559053889162715 ], [ 93.816016238290658, 25.540402504628538 ], [ 93.766989053912539, 25.536387992704757 ], [ 93.762102119952246, 25.496001519731163 ], [ 93.800305205231325, 25.495054375316759 ], [ 93.8052089296026, 25.461589357951599 ], [ 93.714240143024114, 25.357737277010528 ], [ 93.688994853273186, 25.357783507767568 ], [ 93.60871583352278, 25.202485297164639 ], [ 93.589180739672599, 25.200248180802532 ], [ 93.550977514256331, 25.246957054584101 ], [ 93.501467025475577, 25.240654907580403 ], [ 93.507143891184327, 25.272133776589548 ], [ 93.473140877219507, 25.275630256334544 ], [ 93.448513423568173, 25.340252133303174 ], [ 93.473612538557731, 25.379279885769254 ], [ 93.458193143555405, 25.430984137125758 ], [ 93.390343364993058, 25.460384810550753 ], [ 93.385513631258462, 25.490391110985573 ], [ 93.326686699394742, 25.545923302029543 ], [ 93.358716080544355, 25.554632197129521 ], [ 93.427378526316716, 25.632534439042356 ], [ 93.4608957673085, 25.632310814746447 ], [ 93.496552645288403, 25.654533567658792 ], [ 93.522492944506638, 25.697573479798876 ], [ 93.54116770024963, 25.698844519524691 ], [ 93.542450855598133, 25.730939823260393 ], [ 93.567935343352985, 25.758434228974014 ], [ 93.617420889511564, 25.775988302972607 ], [ 93.646136225677949, 25.82237958280983 ], [ 93.714321856477284, 25.844513277001159 ], [ 93.681529238814491, 25.904386427551259 ], [ 93.751313259965158, 25.932808774191422 ], [ 93.765449748452383, 25.969751731663724 ], [ 93.795673991089714, 25.90650940063917 ], [ 93.777535757743408, 25.849811861432663 ], [ 93.795474290212169, 25.808927800182861 ], [ 93.839702509950797, 25.85660998992471 ], [ 93.881801753907141, 25.843349384046611 ], [ 93.915995808990161, 25.883701268713065 ], [ 93.978695374450453, 25.916729294231008 ], [ 93.953000757275888, 26.002965938580942 ], [ 93.987387840550554, 26.066786361549141 ], [ 94.001078494263936, 26.172267427556516 ], [ 94.032032897445646, 26.197536694021654 ], [ 94.047687034808163, 26.249364694140819 ], [ 94.074623368945453, 26.264379828375709 ], [ 94.105054156724478, 26.319948597371681 ], [ 94.174555880500478, 26.34046046214711 ], [ 94.160155096876878, 26.354293701914404 ], [ 94.177581267138507, 26.382012116408269 ], [ 94.171733813153963, 26.429784953325385 ], [ 94.256336790879473, 26.541223414843646 ], [ 94.284785050725361, 26.561069051532623 ], [ 94.28974763361235, 26.479714931163532 ], [ 94.31662226786267, 26.458323706324752 ], [ 94.325522808935389, 26.48194945338566 ], [ 94.352847614127398, 26.490058784846028 ], [ 94.347791798690338, 26.504457891341037 ], [ 94.37217357658615, 26.506044357724218 ], [ 94.400875980605733, 26.534152575680174 ], [ 94.413383134474998, 26.577188666070416 ], [ 94.402921767901148, 26.610568038310976 ], [ 94.46549491973974, 26.633060969899212 ], [ 94.460283899676057, 26.661630130343035 ], [ 94.492674426027818, 26.665889405268551 ], [ 94.539264239393304, 26.706184924184878 ], [ 94.562352950828156, 26.705068635569258 ], [ 94.566494025286119, 26.683558139170543 ], [ 94.577322874676383, 26.700660988963133 ], [ 94.59387920804501, 26.697195116148816 ], [ 94.597071463035306, 26.734552653081312 ], [ 94.609635816231958, 26.73693721989882 ], [ 94.620301748060626, 26.712122407676542 ], [ 94.692345224390294, 26.731930631527337 ], [ 94.740184640130082, 26.775983262028788 ], [ 94.758328685576288, 26.766005745344636 ], [ 94.770217273913957, 26.789038763927984 ], [ 94.802717244711673, 26.801315410229218 ], [ 94.795250446273457, 26.814420810088091 ], [ 94.814459987071402, 26.819543104761348 ], [ 94.817493936450731, 26.847513801206865 ], [ 94.873587311972855, 26.917516234854652 ], [ 94.923491232305338, 26.946365754931854 ], [ 94.930850928205516, 26.932559006387141 ], [ 94.961238303101808, 26.937123844577489 ], [ 94.982618216745323, 26.91299824565089 ], [ 95.016764050263887, 26.921062925888762 ], [ 95.192723721480647, 27.027102693828763 ] ] ] } },
{ "type": "Feature", "properties": { "Name": "Manipur" }, "geometry": { "type": "Polygon", "coordinates": [ [ [ 94.574147530471336, 25.690427747856248 ], [ 94.592452526168657, 25.681285010158348 ], [ 94.571564952182911, 25.639093276216297 ], [ 94.590639654958395, 25.638194827323453 ], [ 94.551139225440934, 25.580197492800753 ], [ 94.552740402366297, 25.507093937153737 ], [ 94.628133055891666, 25.459760322999397 ], [ 94.680848829725903, 25.454755364237919 ], [ 94.666926805927957, 25.41433253847244 ], [ 94.634879983987062, 25.395553174265039 ], [ 94.634577221193638, 25.357352526286192 ], [ 94.585117676770935, 25.266643258680197 ], [ 94.575466197121287, 25.213875831302222 ], [ 94.605983704664581, 25.181336768490816 ], [ 94.737006636911801, 25.13461500083412 ], [ 94.744147724194292, 25.036870301096634 ], [ 94.696841437914401, 24.968218350645621 ], [ 94.712332905650285, 24.931320914160398 ], [ 94.632538923152708, 24.839206222085256 ], [ 94.618524575001402, 24.784931134712135 ], [ 94.629723941717131, 24.757877739022241 ], [ 94.605508448268594, 24.712325420912649 ], [ 94.585272269644818, 24.705401016760042 ], [ 94.577769910497736, 24.724226042572599 ], [ 94.56546013086944, 24.705529582915627 ], [ 94.540191504684088, 24.706891482069096 ], [ 94.539138028790831, 24.643107081951321 ], [ 94.506640588547242, 24.593974190781775 ], [ 94.453611064625306, 24.565401774233106 ], [ 94.423610071302406, 24.483432718205197 ], [ 94.396034028884969, 24.482891380609178 ], [ 94.396955491059032, 24.408602528792809 ], [ 94.358362794763124, 24.393346827346488 ], [ 94.379836159247319, 24.377363665933476 ], [ 94.349445183005059, 24.336358572566414 ], [ 94.317596586009714, 24.330221436533588 ], [ 94.322606822725902, 24.279497977687708 ], [ 94.288620191336932, 24.234412517391927 ], [ 94.276729131733916, 24.169434286179609 ], [ 94.261808526293095, 24.164030812345523 ], [ 94.256017741629904, 24.086472777158463 ], [ 94.241787388178665, 24.057366195509228 ], [ 94.227455057078032, 24.059603702692328 ], [ 94.239876168512779, 24.039059050435114 ], [ 94.192573184439851, 23.936306553344735 ], [ 94.170177680451872, 23.929247558918625 ], [ 94.155769655508792, 23.847569433399016 ], [ 94.119504686353523, 23.836251429713837 ], [ 94.097920725783112, 23.886241077750384 ], [ 94.050913207488591, 23.886923892939613 ], [ 94.015716640633357, 23.924913837393785 ], [ 93.961107182247574, 23.928124426341459 ], [ 93.930859860093946, 23.94997044713805 ], [ 93.893741572267146, 23.953287688790478 ], [ 93.859112010341121, 23.932140070790716 ], [ 93.807497999541582, 23.927040447971134 ], [ 93.754384993383695, 24.005243741393578 ], [ 93.623237285143503, 24.010820160798445 ], [ 93.591667586297802, 23.960800556406358 ], [ 93.559951345279813, 23.982223510511709 ], [ 93.550173925420609, 23.959334380814656 ], [ 93.505056978116855, 23.942213726647839 ], [ 93.463509598883974, 23.97360296351135 ], [ 93.416946405295278, 24.071407435569942 ], [ 93.348823956603141, 24.104740315000168 ], [ 93.353806798296446, 24.090533509990991 ], [ 93.328547529861382, 24.081152664254752 ], [ 93.332119836895572, 24.053132695644376 ], [ 93.283530450064404, 24.048397032698769 ], [ 93.250638484121083, 24.020712363437767 ], [ 93.261986167181774, 24.057152314061241 ], [ 93.243449276783736, 24.082273217614009 ], [ 93.219292136997751, 24.080995743093411 ], [ 93.21216921365027, 24.047062755226513 ], [ 93.165335772688138, 24.052055542666402 ], [ 93.165394510829657, 24.072170226096976 ], [ 93.137772255480741, 24.083954486091816 ], [ 93.096506872686916, 24.042336723645107 ], [ 93.097948221356901, 24.071263315596831 ], [ 93.075164649657779, 24.100270903302722 ], [ 93.049387146728563, 24.088047082922532 ], [ 92.972195228774524, 24.112345822435103 ], [ 93.001265103932425, 24.158057339482678 ], [ 92.998894856834468, 24.194967330203081 ], [ 93.01811642966733, 24.207459891480898 ], [ 93.004149488308528, 24.277906571174803 ], [ 93.03931716085269, 24.340741842951903 ], [ 93.017545704814495, 24.344219187815543 ], [ 93.020354625316827, 24.387850224224902 ], [ 92.998308017103724, 24.399756235407356 ], [ 93.011950473507184, 24.416715176610477 ], [ 93.042561959202231, 24.414911053642705 ], [ 93.032923859958771, 24.428750438620821 ], [ 93.046366320837208, 24.473565252190646 ], [ 93.032555195857725, 24.495297435905641 ], [ 93.04999425424873, 24.544207525293949 ], [ 93.070809012594182, 24.558047523352915 ], [ 93.058511041320273, 24.574455751007594 ], [ 93.104361596004168, 24.582382015069705 ], [ 93.071151281497208, 24.600642291640433 ], [ 93.104154299870899, 24.674156677199626 ], [ 93.073546839526614, 24.707805708843988 ], [ 93.107760465306413, 24.741441484598113 ], [ 93.109428680806488, 24.81147501149799 ], [ 93.13856740194943, 24.809994511330416 ], [ 93.149462573957095, 24.78737386841178 ], [ 93.196953980559186, 24.811358871485975 ], [ 93.194826684626435, 24.853849300590838 ], [ 93.226444896989065, 24.872834416594049 ], [ 93.235197520568789, 24.911408228475679 ], [ 93.248836772681585, 24.914846025051059 ], [ 93.236814585996569, 24.937163002747823 ], [ 93.263005576264533, 24.961335798879123 ], [ 93.243882793858404, 25.018286081257333 ], [ 93.264204948441375, 25.049361865891758 ], [ 93.2999572472674, 25.046039355269112 ], [ 93.332370642929618, 25.093518723313331 ], [ 93.345870054302154, 25.169808383909491 ], [ 93.393661666194077, 25.254740937472913 ], [ 93.470555550086303, 25.305050461448012 ], [ 93.473140877219507, 25.275630256334544 ], [ 93.507143891184327, 25.272133776589548 ], [ 93.501467025475577, 25.240654907580403 ], [ 93.550977514256331, 25.246957054584101 ], [ 93.604154478665833, 25.19835594213377 ], [ 93.688994853273186, 25.357783507767568 ], [ 93.714240143024114, 25.357737277010528 ], [ 93.8052089296026, 25.461589357951599 ], [ 93.800305205231325, 25.495054375316759 ], [ 93.762102119952246, 25.496001519731163 ], [ 93.76817734177709, 25.536915737681049 ], [ 93.888188874391901, 25.564299373499395 ], [ 93.961351224865851, 25.552294937151444 ], [ 94.006503677182891, 25.566934784903619 ], [ 94.010856320161636, 25.59176569328277 ], [ 94.081923793104835, 25.555186340272918 ], [ 94.088049091515217, 25.528153624315959 ], [ 94.134600485732634, 25.519015997128939 ], [ 94.156007493463449, 25.550537833340588 ], [ 94.190707906414247, 25.54763322307085 ], [ 94.186532214478461, 25.525978562107845 ], [ 94.210591553781185, 25.495364302112531 ], [ 94.282410485425814, 25.506673607712735 ], [ 94.309139788432844, 25.489351781503121 ], [ 94.415817083804697, 25.53733281788066 ], [ 94.425603277509325, 25.587413204887895 ], [ 94.469623838195318, 25.616248728997704 ], [ 94.500910916272815, 25.611522538378768 ], [ 94.574147530471336, 25.690427747856248 ] ] ] } },
{ "type": "Feature", "properties": { "Name": "Mizoram" }, "geometry": { "type": "Polygon", "coordinates": [ [ [ 92.76384134182517, 24.520977758050517 ], [ 92.799367386472142, 24.419128662306537 ], [ 92.829945454838651, 24.400289629882657 ], [ 92.829373211833001, 24.373687452529616 ], [ 92.86094137635618, 24.398498889321921 ], [ 92.902879688027667, 24.391065923295958 ], [ 92.909344634955417, 24.412909024922541 ], [ 92.933724342234527, 24.39231250394479 ], [ 92.951169808308435, 24.402994204220668 ], [ 92.960168391511274, 24.391934214406682 ], [ 92.974835543582884, 24.408456013009904 ], [ 93.020354625316827, 24.387850224224902 ], [ 93.017545704814495, 24.344219187815543 ], [ 93.03931716085269, 24.340741842951903 ], [ 93.002612211244283, 24.251391846462749 ], [ 93.022453032328357, 24.230017394737853 ], [ 92.972195228774524, 24.112345822435103 ], [ 93.049387146728563, 24.088047082922532 ], [ 93.075164649657779, 24.100270903302722 ], [ 93.097948221356901, 24.071263315596831 ], [ 93.096506872686916, 24.042336723645107 ], [ 93.143468681106484, 24.085238624843562 ], [ 93.165394510829657, 24.072170226096976 ], [ 93.165335772688138, 24.052055542666402 ], [ 93.21216921365027, 24.047062755226513 ], [ 93.219292136997751, 24.080995743093411 ], [ 93.243449276783736, 24.082273217614009 ], [ 93.261986167181774, 24.057152314061241 ], [ 93.250638484121083, 24.020712363437767 ], [ 93.283530450064404, 24.048397032698769 ], [ 93.337507537609298, 24.0411686482893 ], [ 93.328377591067508, 23.985361049882087 ], [ 93.350763138128883, 23.941651641218435 ], [ 93.39440049548098, 23.924125243933123 ], [ 93.385140373173073, 23.848018159287353 ], [ 93.40341010191068, 23.804605792849159 ], [ 93.391752463246007, 23.756219793564991 ], [ 93.411189924597835, 23.729319419444931 ], [ 93.407525750452834, 23.706945003657005 ], [ 93.437063192427914, 23.686642581762634 ], [ 93.416501133765152, 23.647629579462503 ], [ 93.428553007075379, 23.588798930278056 ], [ 93.409814885070546, 23.563649523448539 ], [ 93.41853587986742, 23.540007955897583 ], [ 93.394722153438138, 23.503760427840056 ], [ 93.388312072913024, 23.420816859656124 ], [ 93.401647170741981, 23.383748737679678 ], [ 93.387630593870483, 23.35939714383963 ], [ 93.355853987862034, 23.35249357696782 ], [ 93.372878727074323, 23.329600919709041 ], [ 93.362614618858785, 23.279137743756888 ], [ 93.388612506374955, 23.21691927953135 ], [ 93.368233789370109, 23.14409977670886 ], [ 93.385612448634646, 23.133836492719414 ], [ 93.355504068906058, 23.116163824494265 ], [ 93.3389783510206, 23.074361396405383 ], [ 93.351838399964407, 23.070437320926146 ], [ 93.293438161572411, 23.006795664147905 ], [ 93.229250828796452, 23.011426174458116 ], [ 93.20957255696473, 23.048275669300949 ], [ 93.184464982540135, 23.059381433346392 ], [ 93.155454950451542, 23.04319557582112 ], [ 93.13615803591577, 23.060499617431443 ], [ 93.125812224128538, 23.040723460275053 ], [ 93.120161381715249, 23.00223820943237 ], [ 93.140375638751138, 22.990360550111031 ], [ 93.137791674362262, 22.951028611711234 ], [ 93.164378644702381, 22.910703508102333 ], [ 93.130948077660776, 22.905926299153851 ], [ 93.110479105122721, 22.818237319297292 ], [ 93.094308050196304, 22.806062011936362 ], [ 93.10712963058468, 22.749924903222755 ], [ 93.095349923449319, 22.673057013417832 ], [ 93.1407636184274, 22.592303266927601 ], [ 93.106588280641631, 22.526649977607025 ], [ 93.128632454420313, 22.523399843835872 ], [ 93.138703706920751, 22.454517296420679 ], [ 93.185482471923081, 22.42725026718751 ], [ 93.20170339951747, 22.262279568441439 ], [ 93.142125860555169, 22.245459721850359 ], [ 93.161453160605376, 22.196510531804673 ], [ 93.150934699807053, 22.176254529885252 ], [ 93.123718386846861, 22.173676548816243 ], [ 93.111080947616969, 22.204252479384834 ], [ 93.03814172338825, 22.195173239357352 ], [ 93.049045472510272, 22.169194623151053 ], [ 93.037141184316354, 22.14441511354574 ], [ 93.059507636788055, 22.101097018226554 ], [ 93.004348037545881, 22.103444698373661 ], [ 93.011770696364295, 22.08836475609057 ], [ 92.99254719395023, 22.038714156143357 ], [ 93.00751716630748, 21.982351116554504 ], [ 92.980932121056995, 21.980078682634151 ], [ 92.951889748719864, 22.029788720342996 ], [ 92.92675055449557, 22.015117660979964 ], [ 92.935441682105889, 22.005742326866503 ], [ 92.905490025156681, 21.940388374566094 ], [ 92.890782293488755, 22.011765051163383 ], [ 92.863786603169075, 22.026943851872151 ], [ 92.863539946453272, 22.062802302294124 ], [ 92.840867184639393, 22.059787946515371 ], [ 92.810323419340335, 22.095963998481039 ], [ 92.69976310315225, 22.155074267999161 ], [ 92.690380668930203, 22.072114698324736 ], [ 92.688134220458181, 22.103526403869726 ], [ 92.681717109717638, 22.10379352921731 ], [ 92.68003636721096, 22.011633867206239 ], [ 92.652216868775128, 22.016020937153336 ], [ 92.634729440597653, 21.983230214489232 ], [ 92.60321967734771, 21.977625124851805 ], [ 92.612760466588057, 21.990114945519501 ], [ 92.592616105667787, 22.03743823451363 ], [ 92.602658828573141, 22.061100573262056 ], [ 92.562619842873161, 22.128023703776154 ], [ 92.578497838607802, 22.143407388581146 ], [ 92.605746154948307, 22.123392362436384 ], [ 92.609226240037103, 22.164018663736897 ], [ 92.595225506752286, 22.175390170314262 ], [ 92.581165591558218, 22.321763882304044 ], [ 92.55207641340148, 22.408973593482042 ], [ 92.551281264237858, 22.513296377917229 ], [ 92.521671049741641, 22.559884328159985 ], [ 92.539374442794866, 22.589148445107845 ], [ 92.528724249450008, 22.665152173628098 ], [ 92.51319567410637, 22.732785232150743 ], [ 92.473843949006081, 22.74620853852494 ], [ 92.449235818116534, 22.895009008486195 ], [ 92.433730549562924, 22.885791081224699 ], [ 92.420264953472611, 22.918345120865371 ], [ 92.401098979169305, 22.911952713785531 ], [ 92.397585995978218, 22.92969882631094 ], [ 92.371778360859452, 22.936171165714214 ], [ 92.392384277969327, 23.056450763155325 ], [ 92.358011631519602, 23.103270200008726 ], [ 92.368199426953439, 23.12726435581596 ], [ 92.346784464640777, 23.235673445522767 ], [ 92.404190216809269, 23.240657267412708 ], [ 92.381164331748764, 23.28510288985326 ], [ 92.385682783966018, 23.306203385513413 ], [ 92.36436388209998, 23.322918354192936 ], [ 92.379057583879813, 23.361827792552265 ], [ 92.356425130371036, 23.372346984567606 ], [ 92.357400812160691, 23.410698288600521 ], [ 92.317133529512731, 23.471654466059121 ], [ 92.313397937505997, 23.556355659810453 ], [ 92.301847535228418, 23.59243189272707 ], [ 92.28725894082838, 23.596038811193097 ], [ 92.296038847141602, 23.621081381834379 ], [ 92.273030095648494, 23.641664718094958 ], [ 92.290942124223136, 23.690831193246407 ], [ 92.265446639292549, 23.724769128085651 ], [ 92.25706478905812, 23.812471791661011 ], [ 92.28233697077539, 23.814632602776449 ], [ 92.268677847030148, 23.842175072016747 ], [ 92.285111731940717, 23.867149052430072 ], [ 92.315034385882683, 23.860498451562904 ], [ 92.325188743326692, 23.914089488356062 ], [ 92.307965318333103, 23.960559023934767 ], [ 92.326197611577882, 23.997776361706237 ], [ 92.312154249639548, 24.052117096969575 ], [ 92.332057446143693, 24.179561222762111 ], [ 92.28959251600152, 24.25235339346996 ], [ 92.422530616010263, 24.254856106048422 ], [ 92.418896580343045, 24.192697234576386 ], [ 92.436421964137878, 24.153033003304191 ], [ 92.4786792325325, 24.142022212880427 ], [ 92.483921677461396, 24.163168059825733 ], [ 92.533010485369715, 24.176502414219552 ], [ 92.550896056762568, 24.247222314886159 ], [ 92.612303215125294, 24.253467628681257 ], [ 92.624770120876562, 24.334075301818277 ], [ 92.645764508142847, 24.327781710952131 ], [ 92.661367769419201, 24.348155821760749 ], [ 92.684835927433454, 24.346536736399788 ], [ 92.76384134182517, 24.520977758050517 ] ] ] } },
{ "type": "Feature", "properties": { "Name": "Tripura" }, "geometry": { "type": "Polygon", "coordinates": [ [ [ 92.169486799520755, 24.531752133733093 ], [ 92.230439096837685, 24.501710264722323 ], [ 92.230183956432356, 24.461514607590409 ], [ 92.259395088075422, 24.439213011366689 ], [ 92.274089917240943, 24.38831741056428 ], [ 92.212872404014462, 24.249926838555325 ], [ 92.28959251600152, 24.25235339346996 ], [ 92.332057446143693, 24.179561222762111 ], [ 92.312154249639548, 24.052117096969575 ], [ 92.326197611577882, 23.997776361706237 ], [ 92.307965318333103, 23.960559023934767 ], [ 92.325188743326692, 23.914089488356062 ], [ 92.316731414845464, 23.864347401634316 ], [ 92.287595224256677, 23.868477208844997 ], [ 92.269175484053179, 23.846912926980259 ], [ 92.28251170387793, 23.815386925966092 ], [ 92.257098313286221, 23.812770007853093 ], [ 92.265446639292549, 23.724769128085651 ], [ 92.239169148449236, 23.718427882649607 ], [ 92.222623733204571, 23.652825877118442 ], [ 92.2066033553957, 23.661004258874669 ], [ 92.207029924001645, 23.700615229914735 ], [ 92.177706782324094, 23.707560467467964 ], [ 92.169733704171549, 23.739681608778994 ], [ 92.144487755057213, 23.733395296860103 ], [ 92.099693877862236, 23.676708619918124 ], [ 92.083029209466972, 23.680053351210166 ], [ 92.079180741449846, 23.648452437229828 ], [ 92.063335386001029, 23.645015409150474 ], [ 92.000407890105379, 23.670696836107421 ], [ 91.978268126597342, 23.733083550327045 ], [ 91.950667816192521, 23.726233853448317 ], [ 91.957894034119548, 23.694406469594391 ], [ 91.934018155950696, 23.684555175811049 ], [ 91.97038506951769, 23.478282880363718 ], [ 91.936661996646535, 23.466602398774384 ], [ 91.942607827832816, 23.434976558738381 ], [ 91.8997111017881, 23.440600269481507 ], [ 91.844989222837768, 23.404685405837427 ], [ 91.825141860221805, 23.352343271757132 ], [ 91.76240911907972, 23.302936047930206 ], [ 91.810090526550937, 23.165072915446871 ], [ 91.81345549253605, 23.099200692037041 ], [ 91.835800146489063, 23.092985524491962 ], [ 91.80602734411292, 23.063028410330023 ], [ 91.774517182010996, 23.069616006632138 ], [ 91.780607933012163, 23.029092493507495 ], [ 91.76854204957678, 23.04093474953806 ], [ 91.720624475017388, 22.987423880473575 ], [ 91.645459255158983, 22.985021579700188 ], [ 91.617946837718222, 22.938528540376943 ], [ 91.600165934429, 22.954695618680041 ], [ 91.613796160269828, 22.958371476103057 ], [ 91.606104280852335, 22.971908651559676 ], [ 91.576762316774676, 22.965219018600465 ], [ 91.542486287727016, 22.999457095475687 ], [ 91.55035628330242, 23.038408602820375 ], [ 91.530489443414453, 23.038308439543012 ], [ 91.529831847880388, 23.091662000477761 ], [ 91.503145530158037, 23.130490986426526 ], [ 91.51531782442872, 23.144988381834924 ], [ 91.490881565507536, 23.157603654575372 ], [ 91.491741004401092, 23.177559661717641 ], [ 91.507540254716261, 23.183684364976688 ], [ 91.470757565801506, 23.196418787733645 ], [ 91.484432877188127, 23.209182338325668 ], [ 91.450614203807845, 23.219412401348368 ], [ 91.470273740375987, 23.227629597034298 ], [ 91.445091479120379, 23.247002616626709 ], [ 91.454211282784286, 23.260369856986472 ], [ 91.418313871005594, 23.255386876488224 ], [ 91.408939518027836, 23.285192586578596 ], [ 91.41132529879367, 23.255663505641508 ], [ 91.397562036052534, 23.265123680090156 ], [ 91.408745707403597, 23.247615250603772 ], [ 91.392554135854397, 23.245891572551269 ], [ 91.400912105275282, 23.229113428015271 ], [ 91.386471851474766, 23.227554635600949 ], [ 91.379897197792971, 23.184511939970097 ], [ 91.417371973955454, 23.064756136241545 ], [ 91.395855926918841, 23.056039637032114 ], [ 91.346959442922966, 23.102301643300152 ], [ 91.323335448766542, 23.158012832864763 ], [ 91.326607706817683, 23.252285613556726 ], [ 91.300224611826224, 23.292451117499365 ], [ 91.313165804691323, 23.306302214136895 ], [ 91.289852827049174, 23.318524481454567 ], [ 91.320085967499381, 23.360088293740908 ], [ 91.291070613791035, 23.350657039795227 ], [ 91.294329484249545, 23.374678286779432 ], [ 91.279751138728571, 23.376598219938007 ], [ 91.249342415369554, 23.490170942625976 ], [ 91.200763621472262, 23.520023531841641 ], [ 91.212945673243567, 23.55041411084747 ], [ 91.194450764712002, 23.547177635820091 ], [ 91.177129962341667, 23.593198337508674 ], [ 91.162498681795967, 23.595043774277794 ], [ 91.156303813358406, 23.670717376589288 ], [ 91.199421694744629, 23.646578879049233 ], [ 91.208528570753288, 23.686401202316581 ], [ 91.154242715177261, 23.688392920461101 ], [ 91.157077025662787, 23.742018330777949 ], [ 91.196628559438466, 23.751093160101458 ], [ 91.219028253168929, 23.736426447080852 ], [ 91.226636742876934, 23.791563857754131 ], [ 91.254087851197866, 23.837185658932615 ], [ 91.22959158930729, 23.88071861714565 ], [ 91.246186033701832, 23.913080122715051 ], [ 91.233018993594541, 23.926957180988648 ], [ 91.276213318018193, 23.922524528255476 ], [ 91.264230154149104, 23.944218911044711 ], [ 91.284687833067409, 23.982099391880684 ], [ 91.287679235539926, 23.968006058803383 ], [ 91.299793715137255, 23.972119190493938 ], [ 91.304010709813184, 23.998009461832108 ], [ 91.379526208851971, 23.975325723684421 ], [ 91.373335531055247, 24.002644823223658 ], [ 91.396598096141958, 24.04961968319931 ], [ 91.374610191934394, 24.107769927700339 ], [ 91.473159360833918, 24.10172093968723 ], [ 91.586072583940037, 24.07260050575664 ], [ 91.594539637582528, 24.096533233809069 ], [ 91.637932327088919, 24.102921988342509 ], [ 91.634472847556111, 24.138105887471337 ], [ 91.660127759195106, 24.189534665737359 ], [ 91.647749524348896, 24.2184885177717 ], [ 91.665158895216393, 24.233528829915151 ], [ 91.68828021549605, 24.162084930158869 ], [ 91.759545200122446, 24.141711353416063 ], [ 91.745028104432507, 24.246974343547009 ], [ 91.816355539039108, 24.209937617151557 ], [ 91.844706757478136, 24.225770095202414 ], [ 91.855178953242728, 24.212385796048117 ], [ 91.845433718223489, 24.19136720428353 ], [ 91.873987987357765, 24.174469580934225 ], [ 91.88462619807504, 24.138601253916743 ], [ 91.90575220470015, 24.138599769321267 ], [ 91.940809454532953, 24.268095160448745 ], [ 91.919988390014211, 24.337460469361211 ], [ 91.956750104165408, 24.356659884536327 ], [ 91.995950233171612, 24.322054010218061 ], [ 91.966914755404261, 24.379773307708795 ], [ 91.985786670690857, 24.376890241830424 ], [ 91.996439365843798, 24.393666765839217 ], [ 92.044032017069981, 24.374871730857677 ], [ 92.121900835353529, 24.382242457606306 ], [ 92.136799252406846, 24.424959373307772 ], [ 92.169127855191107, 24.427765850642217 ], [ 92.150495956273673, 24.495222857127406 ], [ 92.169486799520755, 24.531752133733093 ] ], [ [ 91.971342797578075, 24.382251456125861 ], [ 91.971844708785184, 24.382958777197114 ], [ 91.971617714394355, 24.383322683657511 ], [ 91.971006137755666, 24.381757285250494 ], [ 91.971342797578075, 24.382251456125861 ] ] ] } },
{ "type": "Feature", "properties": { "Name": "Meghalaya" }, "geometry": { "type": "Polygon", "coordinates": [ [ [ 91.82616952931356, 26.119252003847759 ], [ 91.879170651201164, 26.097976153068377 ], [ 91.867298023231157, 26.04201757093411 ], [ 91.91469228152684, 26.020498891967346 ], [ 91.918984395123417, 25.997832473419262 ], [ 91.989056164625907, 26.038529717795925 ], [ 92.132615896943378, 26.044238694707747 ], [ 92.169399705158995, 26.077638206999847 ], [ 92.274892958104346, 26.065650736879935 ], [ 92.263465485781794, 26.033129720238744 ], [ 92.180884450470785, 25.98501046259894 ], [ 92.152436495153793, 25.944318639668591 ], [ 92.154739166484504, 25.910992476641518 ], [ 92.225561897920088, 25.90916865600683 ], [ 92.177244002629081, 25.872749794036924 ], [ 92.151099969097658, 25.816638806374453 ], [ 92.162709061007718, 25.740856933677698 ], [ 92.144246881695238, 25.716813497077187 ], [ 92.156147719460137, 25.672183133757027 ], [ 92.1701956681963, 25.667128950701478 ], [ 92.225034337116696, 25.716089602901388 ], [ 92.333510356131399, 25.724115855909371 ], [ 92.384019420266824, 25.754523028248965 ], [ 92.381778006851945, 25.742044004344454 ], [ 92.406620727388088, 25.744599653872463 ], [ 92.44429108205928, 25.719695294807213 ], [ 92.440648337225383, 25.69160133109127 ], [ 92.47033345774156, 25.675151599217781 ], [ 92.505629700762455, 25.616311350804533 ], [ 92.554167382362451, 25.614803626247749 ], [ 92.556725921733886, 25.570961312605032 ], [ 92.572491497802289, 25.55735061117613 ], [ 92.594818918474871, 25.551593177761731 ], [ 92.652991265957397, 25.590928114685173 ], [ 92.661461476279754, 25.57218637261775 ], [ 92.642839362710717, 25.53480936652857 ], [ 92.573654095646376, 25.490478204986655 ], [ 92.564665513387595, 25.465483571143007 ], [ 92.598613124655586, 25.46813839768377 ], [ 92.606631023350943, 25.413232466213689 ], [ 92.627638465833286, 25.421967145994468 ], [ 92.625645626138976, 25.434916508300613 ], [ 92.639561250338858, 25.417565719576277 ], [ 92.653620092944465, 25.433523478311464 ], [ 92.661644203490013, 25.406354610163437 ], [ 92.673529331517216, 25.414024231826325 ], [ 92.717942315845193, 25.372626808088729 ], [ 92.738019678614933, 25.379333434768427 ], [ 92.749902074865346, 25.344095852663667 ], [ 92.781798062483503, 25.33318288553323 ], [ 92.792495195496883, 25.282564619552772 ], [ 92.761887948951653, 25.246528440541134 ], [ 92.802086743144059, 25.215124972960858 ], [ 92.663475243126911, 25.17666786797761 ], [ 92.621432755628547, 25.115026384205613 ], [ 92.521617540693427, 25.139028801728116 ], [ 92.5394232806036, 25.099054103459181 ], [ 92.480965916546083, 25.108575653739223 ], [ 92.456977798374055, 25.054067752883153 ], [ 92.464285479124328, 25.037435366011184 ], [ 92.442530533222751, 25.045241340393762 ], [ 92.421484846763818, 25.027794887155231 ], [ 92.341481277428969, 25.048529914033431 ], [ 92.348553164790218, 25.073490952269424 ], [ 92.334914141747774, 25.078444881022719 ], [ 92.310631647453775, 25.069020072611824 ], [ 92.227550008882744, 25.093704827782958 ], [ 92.196167850420593, 25.108030909532506 ], [ 92.219382820068617, 25.11700489301683 ], [ 92.189325017287132, 25.136286985017154 ], [ 92.183927739634157, 25.117920598104327 ], [ 92.159591849479639, 25.126602804151045 ], [ 92.165712835078338, 25.135946625332878 ], [ 92.135836490187629, 25.138737516649179 ], [ 92.132881677893266, 25.160146646666497 ], [ 92.073850683831267, 25.184947767376514 ], [ 92.003761272314918, 25.186163349677049 ], [ 91.97166864258277, 25.167580471893611 ], [ 91.916254727588708, 25.181347809902725 ], [ 91.774606736858303, 25.163129054522781 ], [ 91.756030295434925, 25.177497038543731 ], [ 91.747640764604839, 25.140150940210638 ], [ 91.703782415404646, 25.160016402444992 ], [ 91.691797986707613, 25.137118324927876 ], [ 91.637913861319916, 25.122544059942069 ], [ 91.621507949947301, 25.143406124866459 ], [ 91.602089994613536, 25.1427206983936 ], [ 91.60973412677707, 25.177047961959897 ], [ 91.57705780051937, 25.171962253711836 ], [ 91.557213979960594, 25.149755606474589 ], [ 91.471016048837981, 25.13358648637227 ], [ 91.468630666025803, 25.151793563417343 ], [ 91.286567985397511, 25.185349803012997 ], [ 91.268013044252143, 25.207243576234983 ], [ 91.2516305762135, 25.195168117247388 ], [ 91.069642624637069, 25.198409502804285 ], [ 90.862015059730908, 25.157626374947377 ], [ 90.805907633659416, 25.165942348928578 ], [ 90.780357099968228, 25.186114521276149 ], [ 90.733276086907054, 25.15491094462735 ], [ 90.709979826912317, 25.168120838173113 ], [ 90.698067834766576, 25.156833181820758 ], [ 90.675650443326731, 25.176382896912507 ], [ 90.666006203199927, 25.165803927567168 ], [ 90.66341973071475, 25.197851603059789 ], [ 90.640934746439655, 25.17452943788108 ], [ 90.508639161047952, 25.175354630427531 ], [ 90.441076122927669, 25.144508458532769 ], [ 90.37045875085758, 25.16284027348625 ], [ 90.330238568676606, 25.193815960955757 ], [ 90.118113286466553, 25.223456697213994 ], [ 90.054517471847305, 25.261363763046177 ], [ 89.980761564939272, 25.280852196341073 ], [ 89.966651159934628, 25.303695697613016 ], [ 89.949240861107455, 25.292714015870864 ], [ 89.907000756823024, 25.307735285099305 ], [ 89.876603567832234, 25.285328337106108 ], [ 89.831182692620089, 25.296028900628247 ], [ 89.841394992298262, 25.314789113453578 ], [ 89.821434939623131, 25.355517286926826 ], [ 89.825434190759012, 25.413346608572994 ], [ 89.843008866011843, 25.456463540338099 ], [ 89.87168965656565, 25.477348474188453 ], [ 89.872869935051142, 25.507415626955872 ], [ 89.885935705381542, 25.507920638568962 ], [ 89.867935118191269, 25.524241699445732 ], [ 89.877168019749448, 25.54898919788312 ], [ 89.972157271179242, 25.573491701530678 ], [ 89.983504452980014, 25.591248583839622 ], [ 90.00299943435779, 25.585424170826901 ], [ 90.020250328934466, 25.607487024343182 ], [ 89.950452522237427, 25.655603596102171 ], [ 89.894739284099103, 25.744968623066875 ], [ 89.937283322580171, 25.745118967016449 ], [ 89.95935140591844, 25.77993020551272 ], [ 89.948259210012736, 25.825470736944574 ], [ 90.003585711743142, 25.83923547788914 ], [ 90.02382063991206, 25.867217709724677 ], [ 90.008093237751609, 25.881608306447763 ], [ 90.025234296216794, 25.895694995585856 ], [ 90.042485244692344, 25.887667017208798 ], [ 90.116850301889471, 25.957218028026102 ], [ 90.15141300041229, 25.966669861581135 ], [ 90.186884185843184, 25.944094618681781 ], [ 90.202870238126735, 25.96086255214783 ], [ 90.270582413652207, 25.960309742450224 ], [ 90.327422734739812, 25.974374789184271 ], [ 90.352740997336227, 26.005610164846594 ], [ 90.399746833086198, 26.01251616424792 ], [ 90.424099045629418, 25.988879907679099 ], [ 90.476085930035353, 26.009563785686105 ], [ 90.502535076353041, 25.991461010554982 ], [ 90.535004402921459, 25.949588216101766 ], [ 90.514980027278781, 25.896101307521036 ], [ 90.587870478377454, 25.958070743290772 ], [ 90.624124181760791, 25.939175481244497 ], [ 90.60626618774883, 25.916617030522197 ], [ 90.621866173767685, 25.897836410779263 ], [ 90.631643251368757, 25.919826423950035 ], [ 90.717587515323117, 25.954941027076281 ], [ 90.748095023718989, 25.956716089405298 ], [ 90.740397012401331, 25.939394608141853 ], [ 90.754151689943313, 25.929432567643502 ], [ 90.738976554951577, 25.916158350010566 ], [ 90.760524533503286, 25.92188435896324 ], [ 90.766376809644328, 25.907640586024254 ], [ 90.809054081756727, 25.952437319547219 ], [ 90.836187872779988, 25.948421182071709 ], [ 90.835467869486493, 25.936605381783604 ], [ 90.884525624432044, 25.950307904812576 ], [ 90.916836389369706, 25.914056372508963 ], [ 90.917336415911336, 25.944407681527146 ], [ 90.947434526997952, 25.948091944065592 ], [ 90.968854959152367, 25.885219257825732 ], [ 91.030548388138257, 25.885801611392171 ], [ 91.006014599126658, 25.820383326700814 ], [ 91.048219595453176, 25.849203241499662 ], [ 91.078503612887829, 25.852737134507883 ], [ 91.048884339780287, 25.829272846548321 ], [ 91.062134394999617, 25.820778056825048 ], [ 91.147550010290729, 25.850491596232914 ], [ 91.180227969685589, 25.84397208692592 ], [ 91.195829730775429, 25.861393548125115 ], [ 91.203643286099847, 25.843214008219324 ], [ 91.178262142331903, 25.777351631876087 ], [ 91.222454066539825, 25.722563261421296 ], [ 91.274538219626393, 25.750447491177074 ], [ 91.335354902776473, 25.840544225483058 ], [ 91.422466724173574, 25.854473959708628 ], [ 91.445148691922483, 25.839737869571852 ], [ 91.530433649950467, 25.8712539839883 ], [ 91.526585908670398, 25.89107365750445 ], [ 91.513137748879799, 25.865712994690696 ], [ 91.474808852748509, 25.874021112572791 ], [ 91.536954689481163, 25.931211916504861 ], [ 91.50326140743978, 25.913744054790218 ], [ 91.518075466399736, 25.959732401008129 ], [ 91.551246582020951, 25.976595668923267 ], [ 91.579841286122786, 26.033247803879412 ], [ 91.597534136547836, 26.01807438737233 ], [ 91.631095432717771, 26.021967073868908 ], [ 91.626063278006967, 25.986682315490874 ], [ 91.6407149359366, 25.963758367707641 ], [ 91.609472063954186, 25.937392045471626 ], [ 91.670600714934437, 25.904151547930294 ], [ 91.72010799672961, 25.953595970836378 ], [ 91.731061162175408, 26.058926739253373 ], [ 91.791362178216389, 26.085231726736119 ], [ 91.82616952931356, 26.119252003847759 ] ] ] } },
{ "type": "Feature", "properties": { "Name": "Bihar" }, "geometry": { "type": "Polygon", "coordinates": [ [ [ 84.108804905400717, 27.521729986947967 ], [ 84.151372552505762, 27.516672936536079 ], [ 84.14912963081953, 27.485908316271054 ], [ 84.205424970075427, 27.470427069251034 ], [ 84.208927425909735, 27.442600133292213 ], [ 84.254260956130167, 27.454049739582203 ], [ 84.292382475279766, 27.384811537642189 ], [ 84.621893219881699, 27.336927321474768 ], [ 84.691144380168751, 27.214821957968585 ], [ 84.674490352318031, 27.095905722186547 ], [ 84.646159934369436, 27.075647074794141 ], [ 84.643394210255835, 27.046144456574712 ], [ 84.756740217411334, 27.002845982429211 ], [ 84.773420891988337, 27.017736106988231 ], [ 84.79356053316009, 26.99583820950172 ], [ 84.825401562747444, 27.020913233322069 ], [ 84.891575726386804, 26.969675133813567 ], [ 84.962579760304621, 26.960526490282245 ], [ 84.978508166798051, 26.940086018090145 ], [ 84.968063839468542, 26.916144624643856 ], [ 85.061197308065289, 26.886585235106804 ], [ 85.030858232886857, 26.874363931944085 ], [ 85.023970204613136, 26.854377241232957 ], [ 85.190842256107672, 26.869824423716477 ], [ 85.176735929454466, 26.809622457381241 ], [ 85.211031567826439, 26.758427859921547 ], [ 85.334510942391006, 26.741667864728043 ], [ 85.407737964378896, 26.791345850418566 ], [ 85.454562311695412, 26.781784137488284 ], [ 85.565983336994861, 26.841102213137567 ], [ 85.575557458223813, 26.86099253180215 ], [ 85.585664850846442, 26.847358759789149 ], [ 85.634554179761068, 26.872211649828174 ], [ 85.64242295093274, 26.853269060036563 ], [ 85.721130585485909, 26.820357618893073 ], [ 85.734479049347982, 26.795872483975835 ], [ 85.723319049502962, 26.699822721736112 ], [ 85.734179798068965, 26.650760440821724 ], [ 85.801768176765123, 26.624270403116753 ], [ 85.817739423016164, 26.602799653161355 ], [ 85.851265063255866, 26.608656611003273 ], [ 85.849209073793745, 26.568998374866926 ], [ 85.929103519381115, 26.616814981652198 ], [ 85.948179380983319, 26.613961942605197 ], [ 85.960122088325292, 26.6510108197593 ], [ 86.027580341560991, 26.666787167575869 ], [ 86.138764083166365, 26.628848747542129 ], [ 86.136330112277051, 26.606335758758668 ], [ 86.19224047941627, 26.614841246881976 ], [ 86.196299740708042, 26.593943272840672 ], [ 86.217676849811269, 26.588479744301655 ], [ 86.252687578590425, 26.617108072232348 ], [ 86.33289028645747, 26.619137362345079 ], [ 86.498634008141053, 26.542096226638069 ], [ 86.541549442499928, 26.538722615903325 ], [ 86.570250700269185, 26.496563167992552 ], [ 86.693225330340226, 26.451198194577465 ], [ 86.731397989680616, 26.42261630146108 ], [ 86.766496487456351, 26.459440809832905 ], [ 86.833769352671908, 26.439098156582968 ], [ 86.894230194273277, 26.461926945098032 ], [ 86.891676274039085, 26.486188943535389 ], [ 86.929994531422437, 26.489684053025876 ], [ 86.932159131693965, 26.51695402460664 ], [ 87.015359726971568, 26.532043791444934 ], [ 87.044674040006456, 26.587234063726893 ], [ 87.071822494230105, 26.585813881203961 ], [ 87.091650944614415, 26.450292234695205 ], [ 87.162561521403333, 26.403895243144419 ], [ 87.261051846160214, 26.409269902775566 ], [ 87.266015234836033, 26.373874991348071 ], [ 87.312533704001652, 26.371568713784836 ], [ 87.341092513221355, 26.347519142244721 ], [ 87.358405488570654, 26.361053974569014 ], [ 87.368892865863515, 26.40793764327605 ], [ 87.463771654157796, 26.439509226639274 ], [ 87.54770419133898, 26.418374845114641 ], [ 87.604771948788581, 26.380869866951411 ], [ 87.651867688830492, 26.393451302324337 ], [ 87.650202614738987, 26.405957266507112 ], [ 87.678127853866883, 26.415834709395824 ], [ 87.677557946480988, 26.435456082968091 ], [ 87.733939973161782, 26.407610607520436 ], [ 87.764759879680867, 26.409882129116362 ], [ 87.789514609336564, 26.469431262345818 ], [ 87.848828406524717, 26.436463471687606 ], [ 87.888293705626396, 26.486759747806001 ], [ 87.909808316256857, 26.457563202530437 ], [ 87.898739385818715, 26.44870958206311 ], [ 87.925142724345108, 26.44483864360426 ], [ 87.926941960925987, 26.417801190105401 ], [ 87.991919614420951, 26.392562866062171 ], [ 87.995352495736469, 26.366007730144347 ], [ 88.030707849699695, 26.364905649992842 ], [ 88.034637576622444, 26.391936007137552 ], [ 88.096146435953429, 26.440153665167838 ], [ 88.092188949291767, 26.463263183784569 ], [ 88.107079555493684, 26.47569508458924 ], [ 88.090279801140909, 26.507235201002938 ], [ 88.098021773313633, 26.537838400104992 ], [ 88.110296919294456, 26.549354836822776 ], [ 88.146002841695591, 26.522151565726524 ], [ 88.168591496944373, 26.55339630357803 ], [ 88.218409663201527, 26.553336692317956 ], [ 88.215820204716351, 26.573193103770187 ], [ 88.230986026873566, 26.572396233176619 ], [ 88.235454276741166, 26.544717782007666 ], [ 88.182626006883893, 26.504147939261472 ], [ 88.198387466871694, 26.484704248683812 ], [ 88.227621555860139, 26.491869215137829 ], [ 88.215228381132434, 26.477136099212323 ], [ 88.273408808960909, 26.418954518144023 ], [ 88.237340566361269, 26.396093832849594 ], [ 88.238347116060709, 26.380783862501399 ], [ 88.283348551697046, 26.377885239537886 ], [ 88.299786004715912, 26.348697446699784 ], [ 88.278265149895887, 26.325477442703079 ], [ 88.253290704898106, 26.334328251558865 ], [ 88.227724113821196, 26.284785068584661 ], [ 88.146006196004862, 26.250130942197341 ], [ 88.141978529359918, 26.226319193061723 ], [ 88.116467829663392, 26.223713692554906 ], [ 88.073293525992483, 26.175088056234934 ], [ 88.03485339597114, 26.179077015378507 ], [ 88.010499526036256, 26.145333261028853 ], [ 87.975192399027378, 26.143015519209328 ], [ 87.981957679704024, 26.127276397865764 ], [ 87.968966018587963, 26.119219584204579 ], [ 87.988808202416337, 26.105121344496634 ], [ 87.964246835125522, 26.094943141570706 ], [ 87.982355260574082, 26.072645823258867 ], [ 87.95363435754787, 26.075243076391768 ], [ 87.948858085250791, 26.060048526330554 ], [ 87.926690407493581, 26.0838647802289 ], [ 87.886283302071675, 26.043279791975412 ], [ 87.855477396694596, 26.035028279744111 ], [ 87.83966978665741, 25.933839493742301 ], [ 87.810842115266425, 25.927881707790782 ], [ 87.829672184332168, 25.871505272521876 ], [ 87.915748382953964, 25.853316332107216 ], [ 87.889204641341948, 25.829699022948478 ], [ 87.917720133798639, 25.816095440496465 ], [ 87.900173531796781, 25.807026068887804 ], [ 87.904433951931836, 25.772445503875719 ], [ 87.942034905459138, 25.774246090065802 ], [ 87.96794413554494, 25.725973896874301 ], [ 88.000652145382702, 25.722820069136301 ], [ 88.021079369616245, 25.696292081395512 ], [ 88.049743117332525, 25.702167123132771 ], [ 88.050752187704646, 25.654230062694687 ], [ 88.036052987336944, 25.648759601701531 ], [ 88.055250692831024, 25.644684582226525 ], [ 88.034479036551232, 25.630514008983454 ], [ 88.043774181477133, 25.610337833272805 ], [ 88.021659490846957, 25.59606974367621 ], [ 88.035270308586092, 25.580994893679115 ], [ 88.02090820282541, 25.570438598971901 ], [ 88.040216536745035, 25.573628330157554 ], [ 88.031489110909021, 25.554065768382458 ], [ 88.069408662731604, 25.526046747481075 ], [ 88.073258209625394, 25.483600022867645 ], [ 88.030633734197167, 25.490572651081148 ], [ 88.013563552807909, 25.514013126656934 ], [ 88.002001815588073, 25.514294287577613 ], [ 88.004323411726872, 25.496207942266217 ], [ 87.966238432449771, 25.536224222110164 ], [ 87.927138200594754, 25.538958372089937 ], [ 87.902791958254909, 25.504710643364373 ], [ 87.884033792141139, 25.520489331676909 ], [ 87.865130510379757, 25.493768441799926 ], [ 87.868438415378009, 25.468062075708836 ], [ 87.830621469127166, 25.461838095992714 ], [ 87.824094250085636, 25.436436612710992 ], [ 87.787095213612787, 25.449202494772273 ], [ 87.76490719260768, 25.383818577095948 ], [ 87.789563928642309, 25.376789522667138 ], [ 87.792826806485294, 25.329526233079537 ], [ 87.85347010759898, 25.289949510640287 ], [ 87.818541903451703, 25.241878140992348 ], [ 87.762834827756237, 25.265517799528261 ], [ 87.711088918221876, 25.257546421441006 ], [ 87.69204554958182, 25.311534300133765 ], [ 87.610489860319262, 25.313191425420936 ], [ 87.583988966549654, 25.331829370901414 ], [ 87.58407247304018, 25.34937208373654 ], [ 87.551905350513081, 25.332577571688034 ], [ 87.543020666501761, 25.280980563227409 ], [ 87.487446167769193, 25.297244188633563 ], [ 87.500615090745342, 25.259797337358975 ], [ 87.482892519559087, 25.251759558868478 ], [ 87.473307152321098, 25.238203752701143 ], [ 87.478153383615876, 25.194327636527991 ], [ 87.401369709534265, 25.227121421172413 ], [ 87.371929308067763, 25.20619572462164 ], [ 87.327567401048512, 25.223564012608055 ], [ 87.2955516608165, 25.088484438034026 ], [ 87.241352338155167, 25.116847972085761 ], [ 87.237158387961244, 25.089132396021469 ], [ 87.21269754125241, 25.09108674169601 ], [ 87.145813349212489, 25.019256632719337 ], [ 87.156762071590904, 24.880936074972926 ], [ 87.074521221091501, 24.817666761039305 ], [ 87.095759138038062, 24.802674709430285 ], [ 87.06985872042516, 24.744912825181927 ], [ 87.081181729459942, 24.729111078491144 ], [ 87.054090249984895, 24.669293665428452 ], [ 87.051120149262701, 24.608481805058382 ], [ 87.020042849363591, 24.629659212930143 ], [ 86.996243279484816, 24.619870778463081 ], [ 86.978408596754505, 24.640041548206838 ], [ 86.953025471303022, 24.631270727200839 ], [ 86.958258942062272, 24.648886507819839 ], [ 86.939848695254668, 24.652479135819512 ], [ 86.945515087505512, 24.635713800873564 ], [ 86.908783037521644, 24.595576193294786 ], [ 86.916488345854304, 24.545074250254221 ], [ 86.881334520840269, 24.574092724412839 ], [ 86.856835479562193, 24.554586999869564 ], [ 86.843599696776067, 24.574826066150202 ], [ 86.802140648885072, 24.570208890256254 ], [ 86.810975180852409, 24.599158353492978 ], [ 86.787061505169632, 24.616377715911216 ], [ 86.753432891048945, 24.617962833714838 ], [ 86.735040479393007, 24.579485851269549 ], [ 86.669427694534292, 24.566111038320539 ], [ 86.603459558607071, 24.608086175334019 ], [ 86.580507666878191, 24.566627745916676 ], [ 86.559053582036626, 24.564763567276103 ], [ 86.552471127384905, 24.536048084981896 ], [ 86.527733357921733, 24.544167470501105 ], [ 86.49975626893395, 24.509811607020161 ], [ 86.483580891314361, 24.467608931435933 ], [ 86.491287953158505, 24.427955454701404 ], [ 86.467861868638906, 24.425147609118483 ], [ 86.472077049616274, 24.393470522746817 ], [ 86.445324869213877, 24.367776977455122 ], [ 86.413067451627725, 24.38021235869088 ], [ 86.377423234503439, 24.430682633066496 ], [ 86.276175916359222, 24.465840275516953 ], [ 86.309206265975405, 24.511115465370761 ], [ 86.300689101611454, 24.560842783607445 ], [ 86.322849821018423, 24.58683340208659 ], [ 86.259248960562218, 24.578128798571203 ], [ 86.215006050673708, 24.613787407327226 ], [ 86.213671418266216, 24.594274674817832 ], [ 86.16691463863215, 24.583679866817398 ], [ 86.124646473673138, 24.611212073328176 ], [ 86.115447379312371, 24.643663231737587 ], [ 86.128581881541777, 24.698677129283489 ], [ 86.094246498108362, 24.744845687877806 ], [ 86.036946044660851, 24.740598882952021 ], [ 86.055333506599581, 24.779668470691337 ], [ 85.945388302819183, 24.732891009185302 ], [ 85.867292100275932, 24.804613707274434 ], [ 85.778154174569593, 24.796469298448635 ], [ 85.736725672991511, 24.820714289927505 ], [ 85.707496774468765, 24.779545593356971 ], [ 85.707204327029686, 24.724467772038988 ], [ 85.681416781833946, 24.691520993482776 ], [ 85.649048631617632, 24.68451963056755 ], [ 85.676183185310549, 24.616405571017019 ], [ 85.668036631696864, 24.578915162464497 ], [ 85.615258642342653, 24.580694650206176 ], [ 85.580667368410673, 24.600690247846746 ], [ 85.56617826961488, 24.586935574086272 ], [ 85.571757361789807, 24.561595801822481 ], [ 85.540933972502373, 24.562281597112531 ], [ 85.541743623169623, 24.531803095907797 ], [ 85.523859941832129, 24.520899769221607 ], [ 85.497807195998206, 24.546538073968684 ], [ 85.434526071104429, 24.52796963412149 ], [ 85.384617822688895, 24.555386151576236 ], [ 85.370854549167959, 24.555194246633555 ], [ 85.397578272738741, 24.544752655061174 ], [ 85.391745902366097, 24.529871981142566 ], [ 85.288241991075353, 24.523005037059807 ], [ 85.282663829555048, 24.491575224685217 ], [ 85.24966758268198, 24.490775044722234 ], [ 85.226153523451671, 24.463193181762342 ], [ 85.152681083524797, 24.455110879839282 ], [ 85.173979605311985, 24.420523368811789 ], [ 85.123205765441512, 24.401917574044347 ], [ 85.103984092895672, 24.377219877897243 ], [ 85.088795165171064, 24.37220324626545 ], [ 85.072712379602763, 24.380776642746032 ], [ 85.079561713843944, 24.433419286311466 ], [ 85.061874598263628, 24.407351871492601 ], [ 85.028211142984631, 24.415337100940672 ], [ 84.974693098143206, 24.374618025953595 ], [ 84.903945666189671, 24.372157860593155 ], [ 84.882068877294515, 24.424584813144808 ], [ 84.887413921506976, 24.463127133531401 ], [ 84.85363051867968, 24.466468532355826 ], [ 84.839879740724342, 24.452298986858047 ], [ 84.83882286201279, 24.512652652343515 ], [ 84.802220245786614, 24.530572965712995 ], [ 84.786124677191822, 24.503490111959071 ], [ 84.686446763459656, 24.456675649890023 ], [ 84.665325723619773, 24.390922361926066 ], [ 84.567580068097456, 24.409151313795643 ], [ 84.572380361345239, 24.382763924767566 ], [ 84.527810435048892, 24.376421669717153 ], [ 84.531716968369352, 24.338618184977683 ], [ 84.496249317809102, 24.286269470615309 ], [ 84.485351790418747, 24.306568424050376 ], [ 84.507369144096288, 24.324512159089657 ], [ 84.505058351097091, 24.331307846183144 ], [ 84.483713173508974, 24.312875107061775 ], [ 84.460059762221931, 24.337309704219333 ], [ 84.424426799191522, 24.329767638088633 ], [ 84.430809730832124, 24.35654791217096 ], [ 84.400598958432468, 24.364498524683199 ], [ 84.406634171989523, 24.374749928674504 ], [ 84.387975554480605, 24.388610040332825 ], [ 84.341999718950561, 24.393202956862446 ], [ 84.334355694584858, 24.420411146286479 ], [ 84.320524642277434, 24.421055694837531 ], [ 84.335613357542201, 24.431296803856398 ], [ 84.297440509555585, 24.448989946413924 ], [ 84.291353525190402, 24.466175791241749 ], [ 84.327558557851603, 24.500273988971042 ], [ 84.297252094212936, 24.560422307544655 ], [ 84.270523306838911, 24.560075143188527 ], [ 84.279687231257981, 24.547173490054394 ], [ 84.256902655242371, 24.526869789557022 ], [ 84.235624125461811, 24.550108637815299 ], [ 84.214832104374523, 24.532551503625051 ], [ 84.188342105372683, 24.553254185227534 ], [ 84.172811238426732, 24.545046832793041 ], [ 84.178254248412529, 24.505104896356578 ], [ 84.156417263867624, 24.510840685042087 ], [ 84.163188785140548, 24.533429829363218 ], [ 84.145668802915509, 24.537479326467075 ], [ 84.140744430767427, 24.500455634121977 ], [ 84.108369500965679, 24.477440706164582 ], [ 84.08554139169307, 24.506165023141275 ], [ 84.093157630268706, 24.534324408960401 ], [ 84.05064919741227, 24.586813001658296 ], [ 84.052133484654519, 24.610343974762795 ], [ 84.008381277693346, 24.642747246189945 ], [ 83.936814974764474, 24.549618932154448 ], [ 83.872715889787059, 24.532148920625517 ], [ 83.801494065616822, 24.529898143373043 ], [ 83.718659660479929, 24.503300133604199 ], [ 83.503318771573817, 24.525390844204022 ], [ 83.497151697011162, 24.539067108309155 ], [ 83.530124152003935, 24.567290494055285 ], [ 83.523555496373291, 24.603100414369685 ], [ 83.548007230571869, 24.623247245654859 ], [ 83.500520311054629, 24.651220347250227 ], [ 83.520408149062391, 24.677470590090138 ], [ 83.485074158833271, 24.70155514056642 ], [ 83.489395317657937, 24.736423698497941 ], [ 83.458291878580667, 24.731501680141683 ], [ 83.428115881762295, 24.768169346814883 ], [ 83.393147093527105, 24.782920317250138 ], [ 83.396908402503769, 24.832396146932115 ], [ 83.357634683509517, 24.870527244304046 ], [ 83.369577010864106, 24.880059111310452 ], [ 83.354736001547352, 24.905417120968135 ], [ 83.361735583511361, 24.953636522409226 ], [ 83.343259764179621, 24.963307199752606 ], [ 83.35058793909478, 25.008747738682665 ], [ 83.320259788328528, 25.017234718503367 ], [ 83.34340978193373, 25.050868835837147 ], [ 83.350141307515287, 25.113268037733189 ], [ 83.367422619945771, 25.125217640326831 ], [ 83.351352606624161, 25.157001457638007 ], [ 83.357297851210575, 25.199651995804487 ], [ 83.402088304027686, 25.209056908204385 ], [ 83.409958038193352, 25.246599702443103 ], [ 83.436275317217209, 25.244212401099819 ], [ 83.45013701195731, 25.261011709595543 ], [ 83.467969288100988, 25.252317265818316 ], [ 83.490423245464498, 25.289452967152567 ], [ 83.505506508853813, 25.281012478460287 ], [ 83.554141262403434, 25.308463850519203 ], [ 83.539954839264553, 25.315759424068975 ], [ 83.573770727867483, 25.306097755309263 ], [ 83.596328358899598, 25.327638100693218 ], [ 83.648848744667944, 25.339243235095989 ], [ 83.655993465635802, 25.368336351236689 ], [ 83.693755193344472, 25.36960074921112 ], [ 83.682104678320016, 25.378596768312324 ], [ 83.70173084786525, 25.396131893790002 ], [ 83.710170980795297, 25.38601685786141 ], [ 83.740642359848778, 25.410603755027381 ], [ 83.769021701844395, 25.386327004492152 ], [ 83.8078839142851, 25.409070870342262 ], [ 83.801609775811912, 25.429803003724018 ], [ 83.846402133955721, 25.434322892149545 ], [ 83.812858450155247, 25.448169184219303 ], [ 83.816604764453217, 25.462731248848595 ], [ 83.856795684912143, 25.46854148989954 ], [ 83.876261927387361, 25.518033843225783 ], [ 83.90213831596472, 25.523998064661132 ], [ 83.924639688205545, 25.55428636612994 ], [ 84.017410391039434, 25.614741980547041 ], [ 84.081332569889597, 25.636414656826474 ], [ 84.075014478646224, 25.695287986359777 ], [ 84.104483445640412, 25.720958285212088 ], [ 84.13985676770595, 25.731690093913883 ], [ 84.129870256879514, 25.717774427000489 ], [ 84.143059242829196, 25.716327673800709 ], [ 84.154676300100874, 25.729260831817776 ], [ 84.198938550717457, 25.702169859837642 ], [ 84.20584395151046, 25.669735232436174 ], [ 84.276480066030615, 25.659294525402018 ], [ 84.299835260897865, 25.664535935479027 ], [ 84.28723706996108, 25.676573614011705 ], [ 84.323989118239822, 25.670307164617466 ], [ 84.336665775220069, 25.743521338196366 ], [ 84.391063355166267, 25.744899838417325 ], [ 84.384348550825422, 25.732041615658805 ], [ 84.4000314046326, 25.728786675438247 ], [ 84.406651398981737, 25.697844044899046 ], [ 84.426860334397901, 25.693055851679308 ], [ 84.429683545299781, 25.710998047505541 ], [ 84.453505772486594, 25.71391527648613 ], [ 84.499245423860472, 25.674818724245156 ], [ 84.529162403144781, 25.682655693903257 ], [ 84.53976997412434, 25.726754205763079 ], [ 84.535475294040992, 25.690484474699723 ], [ 84.557476991879753, 25.67950943106257 ], [ 84.560345829113217, 25.736884698864603 ], [ 84.63471735597706, 25.727898600064663 ], [ 84.603025630881476, 25.761923810870929 ], [ 84.623609969559908, 25.770907945378656 ], [ 84.624865028301258, 25.791879172777563 ], [ 84.550810372272437, 25.84059224916356 ], [ 84.548466363167265, 25.828479729456234 ], [ 84.53054932828158, 25.83160267514662 ], [ 84.523234766436232, 25.860063575767327 ], [ 84.54385168162014, 25.85885957024653 ], [ 84.534046970942569, 25.876217952177921 ], [ 84.427613654408646, 25.89122083564158 ], [ 84.41192397610024, 25.93072997183128 ], [ 84.354010597642798, 25.958769393293078 ], [ 84.296970988004347, 25.945160927882633 ], [ 84.207133931360119, 25.999819162586753 ], [ 84.170082532987692, 25.987663570755654 ], [ 84.172551952296388, 26.024571321107949 ], [ 84.117823817478424, 26.080032167086443 ], [ 84.088759325924059, 26.100264661075368 ], [ 84.05597733622939, 26.100027192010735 ], [ 84.049764837456053, 26.130557535228132 ], [ 84.027601459934161, 26.142327970204491 ], [ 84.033777836551565, 26.160300789762289 ], [ 84.00947325717631, 26.175413469247008 ], [ 84.031237098195845, 26.217102644860706 ], [ 84.01228721543076, 26.232273197790338 ], [ 84.026935323218339, 26.239782244720995 ], [ 84.086534261847376, 26.218639733320892 ], [ 84.121902952199264, 26.258848451229916 ], [ 84.166310083104861, 26.241034491113979 ], [ 84.186183218386319, 26.312936895794319 ], [ 84.176965413016518, 26.370634233548454 ], [ 84.079285867210899, 26.382605005868545 ], [ 84.033968093440549, 26.411718990587694 ], [ 84.017361004360026, 26.447580552045036 ], [ 83.991542255284585, 26.432244361205612 ], [ 83.90807573353004, 26.447063544694355 ], [ 83.908141861213053, 26.519051931739792 ], [ 83.940240500674449, 26.525232376445128 ], [ 83.971248802773246, 26.507488233221011 ], [ 83.976648800524899, 26.533428784127238 ], [ 84.008628914471089, 26.521656033796269 ], [ 84.047813384045227, 26.536209244333058 ], [ 84.089144486686934, 26.602997035298458 ], [ 84.086556798781231, 26.639116119821477 ], [ 84.158747757819285, 26.636170701588064 ], [ 84.160345981084006, 26.624473240327077 ], [ 84.28150591726309, 26.59950338435619 ], [ 84.307373857185198, 26.616260351151436 ], [ 84.419935925253498, 26.626372923665102 ], [ 84.410640693191013, 26.670131343368283 ], [ 84.330352476488713, 26.683920106594019 ], [ 84.306139763325945, 26.749507396817368 ], [ 84.256054168608742, 26.726730459648778 ], [ 84.24072772767876, 26.738697136919949 ], [ 84.232645043383386, 26.753657443973371 ], [ 84.259946560650008, 26.804373188428158 ], [ 84.254118210238261, 26.856529950083381 ], [ 84.219553412352639, 26.871605074766656 ], [ 84.166156249307377, 26.833769998477127 ], [ 84.140665805722193, 26.852656071164503 ], [ 84.146467927124263, 26.885398850070782 ], [ 84.110468895225694, 26.898608270610637 ], [ 84.098188418641953, 26.875944211837933 ], [ 84.060315138141334, 26.888111618107693 ], [ 84.060020134995284, 26.920200583496765 ], [ 84.032179906137671, 26.941200237311612 ], [ 84.05488113017303, 26.960080345003668 ], [ 84.045806246764897, 26.982259237030739 ], [ 84.056746841186595, 26.989683593869671 ], [ 84.037369152835453, 27.009052841069245 ], [ 84.049563648070077, 27.043246682063554 ], [ 84.000123317713033, 27.068562960960495 ], [ 84.030398338520101, 27.097606162455143 ], [ 83.946532070057387, 27.090798137113833 ], [ 83.959125538550751, 27.136854380641996 ], [ 83.994245361432974, 27.175148321447296 ], [ 83.970245591213384, 27.223968438686271 ], [ 83.905274480148648, 27.257352351593433 ], [ 83.933080373599509, 27.311042198997338 ], [ 83.916897556132753, 27.326535396949907 ], [ 83.871502135582489, 27.307219550048757 ], [ 83.836775866422869, 27.322220855340543 ], [ 83.882914614124616, 27.370613775569044 ], [ 83.832583208006298, 27.425551065034469 ], [ 83.846983474200286, 27.445856260966057 ], [ 83.8783035231437, 27.435450701757478 ], [ 83.996686811695298, 27.446050363960694 ], [ 84.026927144956005, 27.433540743122698 ], [ 84.06115633045485, 27.452713337126614 ], [ 84.108804905400717, 27.521729986947967 ] ], [ [ 88.274523493362693, 26.331906204977425 ], [ 88.274216162636009, 26.330744096704073 ], [ 88.275750082696035, 26.332339194035523 ], [ 88.275640886185059, 26.332527494518295 ], [ 88.274523493362693, 26.331906204977425 ] ], [ [ 88.234201636264572, 26.303780839538945 ], [ 88.234112548541233, 26.303810032508949 ], [ 88.234066411966566, 26.303504536342693 ], [ 88.234201636264572, 26.303780839538945 ] ] ] } },
{ "type": "Feature", "properties": { "Name": "Ladakh" }, "geometry": { "type": "Polygon", "coordinates": [ [ [ 76.809331352211515, 33.243492713822839 ], [ 76.773163296840934, 33.280269622802891 ], [ 76.768806912563647, 33.324680328369254 ], [ 76.713402249477596, 33.357028961181697 ], [ 76.705566861294187, 33.409671783447301 ], [ 76.633400418423037, 33.439540863037266 ], [ 76.532776333950252, 33.534778594970923 ], [ 76.489227749966005, 33.525772094726655 ], [ 76.420296170376105, 33.591979980468849 ], [ 76.399162747524585, 33.594921112060646 ], [ 76.36617324557146, 33.569568634033303 ], [ 76.305656888149542, 33.561801910400568 ], [ 76.332260586880068, 33.671878814697436 ], [ 76.325203396938662, 33.729209899902564 ], [ 76.227127530239443, 33.864471435547117 ], [ 76.130379178188605, 33.964019775390845 ], [ 76.095436551235409, 33.986431121826392 ], [ 75.997910000942568, 33.961978912353665 ], [ 75.937057950161304, 33.9806518554688 ], [ 75.833588101528449, 34.071609497070533 ], [ 75.768280484341048, 34.176959991455298 ], [ 75.737236477993235, 34.203220367431811 ], [ 75.632889248989315, 34.231460571289126 ], [ 75.476318814419017, 34.373760223388835 ], [ 75.481308438442511, 34.392169952392621 ], [ 75.440079190395565, 34.487251281738331 ], [ 75.463982083462042, 34.54987716674826 ], [ 75.394836880825423, 34.59054183959973 ], [ 75.352684476040281, 34.643795013427841 ], [ 75.34316299166511, 34.679668426513793 ], [ 75.357841946743235, 34.782356262207138 ], [ 75.257256009243349, 34.906845092773501 ], [ 75.207497098110537, 34.859066009521548 ], [ 75.188789822719912, 34.85466766357434 ], [ 75.177200772427, 34.870960235595817 ], [ 75.064285733364486, 34.797199249267742 ], [ 75.009758450649485, 34.862075805664176 ], [ 74.902939297817468, 34.88882827758794 ], [ 74.841240384243349, 34.933944702148501 ], [ 74.808624722622255, 34.941112518310653 ], [ 74.790222623012752, 34.914779663086122 ], [ 74.792732693813605, 35.001361846923871 ], [ 74.81394241061048, 35.046710968017791 ], [ 74.704880215786318, 35.097061157226683 ], [ 74.637405850552, 35.154968261718977 ], [ 74.487755276821403, 35.078937530517734 ], [ 74.460045315884031, 35.080249786377124 ], [ 74.419868924282355, 35.115001678467017 ], [ 74.293220975063605, 35.140007019043068 ], [ 74.114189482041752, 35.12243550867634 ], [ 74.085170865678535, 35.148886692134347 ], [ 74.031661987304844, 35.143325805664283 ], [ 73.994705200195369, 35.17638397216809 ], [ 73.956842352870922, 35.16805064254082 ], [ 73.915206492277548, 35.208029736527799 ], [ 73.849716186523665, 35.207771301269709 ], [ 73.79727028027429, 35.238386772973449 ], [ 73.729391116617819, 35.209704171801413 ], [ 73.70798172475827, 35.222489243107418 ], [ 73.718676070269112, 35.241731305203473 ], [ 73.693901759167147, 35.359399895622616 ], [ 73.709426879882926, 35.413604736328345 ], [ 73.784908888774737, 35.479686689696166 ], [ 73.778656452470386, 35.522491455078288 ], [ 73.556795902041472, 35.546845587883851 ], [ 73.478866577148608, 35.570274353027465 ], [ 73.398121156279217, 35.557088445556815 ], [ 73.36360168457044, 35.594154357910327 ], [ 73.281097412109531, 35.613883972168203 ], [ 73.128105819469795, 35.716394797178602 ], [ 73.111648559570412, 35.759994506836151 ], [ 73.124145507812656, 35.838600158691456 ], [ 73.081665039062543, 35.863609313964972 ], [ 72.976379394531307, 35.833877563476683 ], [ 72.811096191406364, 35.85721588134782 ], [ 72.67692565917973, 35.817497253418075 ], [ 72.570266723633026, 35.848602294922046 ], [ 72.549148559570369, 35.881103515625234 ], [ 72.512771606445426, 35.900268554687614 ], [ 72.513074881831585, 35.938678637758748 ], [ 72.566940307617301, 36.007507324218899 ], [ 72.55940246582054, 36.033340454101598 ], [ 72.516678023537779, 36.067340475667436 ], [ 72.552764892578182, 36.231353759765732 ], [ 72.611680205317839, 36.26949247607596 ], [ 72.674703911955703, 36.263566390904607 ], [ 72.709136962890838, 36.303260803222763 ], [ 72.850799560547046, 36.375709533691449 ], [ 72.875244140625156, 36.452896118164247 ], [ 72.959701538086108, 36.471191406250171 ], [ 72.977910773832704, 36.511530627220509 ], [ 73.035522460937557, 36.537528991699382 ], [ 73.073028564453281, 36.605278015136882 ], [ 73.047470092773608, 36.671081542968906 ], [ 73.067643219865431, 36.700628174366095 ], [ 73.105804443359546, 36.696624755859546 ], [ 73.170668983981614, 36.724036431631291 ], [ 73.247741699218921, 36.711296081543146 ], [ 73.407211303711165, 36.751533508300959 ], [ 73.483032226562614, 36.726531982421982 ], [ 73.563018798828281, 36.729034423828296 ], [ 73.586090087890796, 36.707374572754134 ], [ 73.660247802734474, 36.702659606933707 ], [ 73.706924438476676, 36.720726013183807 ], [ 73.854705810546932, 36.713798522949382 ], [ 73.863037109375171, 36.74825286865245 ], [ 73.840270996093864, 36.791313171386776 ], [ 73.806395433102864, 36.790836192721159 ], [ 73.78797728608896, 36.818945326682069 ], [ 73.705507193137223, 36.837817178124332 ], [ 73.641891479492287, 36.904060363769638 ], [ 73.662551879882983, 36.911159515381073 ], [ 73.842346191406364, 36.90851974487309 ], [ 74.027740478515739, 36.846595764160384 ], [ 74.119667053222713, 36.841716766357642 ], [ 74.152038574218977, 36.909847259521527 ], [ 74.252319335937671, 36.900398254394752 ], [ 74.420547485351733, 36.996116638183807 ], [ 74.517356872558707, 36.998908996582145 ], [ 74.540331467285057, 36.963321948306152 ], [ 74.558425903320469, 36.960281372070554 ], [ 74.57939442393257, 37.036783712600773 ], [ 74.5681193683792, 37.051765632044479 ], [ 74.615808037229655, 37.060823012943104 ], [ 74.612213134765796, 37.082843780517642 ], [ 74.644042968750099, 37.093818664550838 ], [ 74.707388183655937, 37.087293974577655 ], [ 74.74455040531268, 37.021852342478532 ], [ 74.831748962402514, 37.062385559082138 ], [ 74.851287841797102, 36.987968444824283 ], [ 74.922416687011946, 36.934558868408374 ], [ 75.025276184082088, 37.011421203613345 ], [ 75.146865844726733, 37.019889831543075 ], [ 75.17370178543473, 37.001227619795934 ], [ 75.220356782353917, 37.051627868028611 ], [ 75.342788288309279, 37.067954363955891 ], [ 75.360237791412032, 37.039293626489389 ], [ 75.352321293647663, 36.991236620898228 ], [ 75.367406543212027, 36.975007363941742 ], [ 75.414043797505983, 36.976713616924599 ], [ 75.40570679476383, 36.908405621326445 ], [ 75.440807536531167, 36.897750372452592 ], [ 75.463262300581846, 36.828050120892904 ], [ 75.617117296404672, 36.769548528781783 ], [ 75.729705810546989, 36.746459960937713 ], [ 75.918869018554744, 36.62047958374044 ], [ 75.932800292968864, 36.549148559570433 ], [ 75.97556266242691, 36.507454806895169 ], [ 76.08348982954368, 36.484318388748704 ], [ 76.177575342559919, 36.397598135850892 ], [ 76.25077359779749, 36.357364396519301 ], [ 76.355270092679959, 36.367643137325828 ], [ 76.407035845998891, 36.326548407546625 ], [ 76.436372587271578, 36.321753149299234 ], [ 76.454069852017867, 36.275549414937359 ], [ 76.438247619204503, 36.26172764679405 ], [ 76.479038852326809, 36.222732411032311 ], [ 76.554780115064432, 36.197583642686311 ], [ 76.567865097663912, 36.177925649968408 ], [ 76.616319120957982, 36.172799150668986 ], [ 76.647430882028175, 36.190956404377758 ], [ 76.71108836419512, 36.135117901433155 ], [ 76.728278132908088, 36.08715540945758 ], [ 76.810355640942859, 36.053222153867054 ], [ 76.813592636525925, 36.026597913634689 ], [ 76.730989887137795, 35.960380670279676 ], [ 76.81345137105744, 35.849170668564732 ], [ 76.854622596036563, 35.840113641817126 ], [ 76.921140551223388, 35.792624007653735 ], [ 77.001902891546138, 35.776220998439904 ], [ 77.093819571429208, 35.800052194167037 ], [ 77.135387796966597, 35.794346943196373 ], [ 77.149267930526094, 35.769605309683413 ], [ 77.17284413969945, 35.765412678091828 ], [ 77.176502913173024, 35.735006170122908 ], [ 77.22695263729571, 35.728419410097331 ], [ 77.235778390926043, 35.709956174491531 ], [ 77.284197156243692, 35.719741916170889 ], [ 77.319066419230225, 35.696934913247688 ], [ 77.33458766881273, 35.720146929772397 ], [ 77.368068675359154, 35.716863429564668 ], [ 77.403412407817541, 35.661958688624622 ], [ 77.437656916778508, 35.654874925827123 ], [ 77.434142415434678, 35.609055936546376 ], [ 77.465294430012591, 35.593752668752309 ], [ 77.461777177128781, 35.54763842218356 ], [ 77.484158679076515, 35.533920685018757 ], [ 77.434584182636669, 35.516210175920705 ], [ 77.38836542109425, 35.549712185182933 ], [ 77.32103116411399, 35.533955916686303 ], [ 77.39057092615235, 35.471610181940612 ], [ 77.536117553711051, 35.495948791504077 ], [ 77.605545043945412, 35.476810455322443 ], [ 77.695678710937671, 35.480388641357585 ], [ 77.727012103071729, 35.49287427217871 ], [ 77.736660428767252, 35.524122673647987 ], [ 77.755717056990633, 35.506005388441842 ], [ 77.826232910156364, 35.514888763427834 ], [ 77.907196948155999, 35.466785940662866 ], [ 77.92439668727053, 35.495138683440757 ], [ 77.952917726101973, 35.474643973816946 ], [ 77.964762692073293, 35.495145174408535 ], [ 77.934814444230597, 35.521505438251225 ], [ 77.971065678145166, 35.565982179475384 ], [ 77.960504675829839, 35.60443643391941 ], [ 77.999055455836341, 35.585658673803891 ], [ 78.046450963688585, 35.587504178839069 ], [ 78.084668201924998, 35.55318669582801 ], [ 78.146951206909932, 35.539622187531336 ], [ 78.173201460833752, 35.599466695020219 ], [ 78.167467935685067, 35.627672695142103 ], [ 78.196716197393812, 35.624744190991791 ], [ 78.20946870182847, 35.662848946103914 ], [ 78.25834370800419, 35.642506175068775 ], [ 78.282824453294893, 35.660133927548529 ], [ 78.278001191023506, 35.71591292558638 ], [ 78.40018921311264, 35.730828427815595 ], [ 78.435134721507325, 35.778190923024738 ], [ 78.526854467324029, 35.756465691058956 ], [ 78.646815477788934, 35.817779673165923 ], [ 78.675027718768547, 35.851510187271685 ], [ 78.781377730034635, 35.863497938288418 ], [ 78.82742249509316, 35.848214934175864 ], [ 78.967847974841547, 35.884264433711628 ], [ 79.053726741730316, 35.841068450692489 ], [ 79.156108755147486, 35.832018682629879 ], [ 79.220204010606892, 35.888781696583443 ], [ 79.203090997544834, 35.925398183227294 ], [ 79.213437746274963, 35.95356268886416 ], [ 79.26173575106894, 35.984288941412991 ], [ 79.406834020787002, 35.985531685776088 ], [ 79.43513176251713, 35.892702443451405 ], [ 79.536359773170943, 35.874482689190735 ], [ 79.748088769881733, 35.791562194050634 ], [ 79.892124532942944, 35.771811956811021 ], [ 79.951049025439815, 35.8184981868515 ], [ 80.008095800939202, 35.828331452260869 ], [ 80.05567054245347, 35.783042962609613 ], [ 80.122916044087219, 35.663645714408226 ], [ 80.236476556356124, 35.632367451868944 ], [ 80.307152053916823, 35.589480966456044 ], [ 80.342148079071407, 35.461505969512913 ], [ 80.29137231950115, 35.427538714962402 ], [ 80.291716314966152, 35.359262220444165 ], [ 80.268387318565871, 35.294759716700931 ], [ 80.229620318562127, 35.20040771684959 ], [ 80.186049544338914, 35.148256468868055 ], [ 80.187423315445017, 35.011703476254006 ], [ 80.116407050066286, 34.862455468277666 ], [ 80.074208552152527, 34.824714466790496 ], [ 80.063231309161992, 34.706688729396255 ], [ 79.948861047411228, 34.666438481129084 ], [ 79.864192797198868, 34.676426468903664 ], [ 79.775368803039896, 34.610660974997359 ], [ 79.792038061826361, 34.572895477929642 ], [ 79.765112048433366, 34.562527237653008 ], [ 79.759453317913483, 34.537570726209118 ], [ 79.816946554312551, 34.507375717894433 ], [ 79.813421559747837, 34.480941725887938 ], [ 79.788484795482745, 34.465702977715289 ], [ 79.662780302942664, 34.468306227913772 ], [ 79.597106802750488, 34.485735480484252 ], [ 79.513756801471615, 34.460266715787213 ], [ 79.529843547712005, 34.40581521926088 ], [ 79.567840790331843, 34.394985981245775 ], [ 79.564564310198804, 34.317863975164201 ], [ 79.596268299094675, 34.264009740025763 ], [ 79.568537052949011, 34.20630373704352 ], [ 79.497631795983068, 34.188519476264609 ], [ 79.490102545768138, 34.120199487881223 ], [ 79.420627536092056, 34.077688743376015 ], [ 79.413674533572191, 34.046610486438681 ], [ 79.439723045646062, 34.023479978588618 ], [ 79.434089792245956, 34.01296047675384 ], [ 79.143553278204251, 34.057733974286471 ], [ 79.136733788691743, 34.018656479517844 ], [ 79.077272031789619, 34.013609977307631 ], [ 79.011122781128208, 34.043998737662477 ], [ 78.912099415844636, 34.010080254832218 ], [ 78.891194376813075, 33.974411883188971 ], [ 78.962389331474867, 33.875424008232343 ], [ 79.004749544106176, 33.772319216893543 ], [ 79.056972794128001, 33.758528587481237 ], [ 79.028181272740525, 33.749252850626355 ], [ 79.014121215612761, 33.684675880968811 ], [ 79.067457599544241, 33.663805141900788 ], [ 79.093513506549584, 33.633936381986871 ], [ 79.086769004803841, 33.617210389819597 ], [ 79.006884632923914, 33.607922327097619 ], [ 78.907887548752399, 33.620146795239926 ], [ 78.888220673846703, 33.573843516014506 ], [ 78.91419958085919, 33.562376809510575 ], [ 78.944050280645101, 33.51197648246238 ], [ 78.928299984919704, 33.441423783748164 ], [ 78.941563375856731, 33.389543362167885 ], [ 79.085416866926266, 33.288669222608291 ], [ 79.233470099855694, 33.289219982497343 ], [ 79.437340623681152, 33.251501221328155 ], [ 79.415466308593849, 33.147659301758047 ], [ 79.367958389345517, 33.062048270477703 ], [ 79.377622112999518, 33.03835999252891 ], [ 79.351697183951217, 33.015742945727489 ], [ 79.351969488932824, 32.982547662377989 ], [ 79.432573548336009, 32.925238597534985 ], [ 79.541162692194348, 32.782598970306488 ], [ 79.582452662775779, 32.77155629517523 ], [ 79.605240252639192, 32.735543365887864 ], [ 79.560825601207853, 32.685880788259396 ], [ 79.545356750488381, 32.607360839843807 ], [ 79.445640828734199, 32.571662732581217 ], [ 79.41822124588991, 32.524171323590565 ], [ 79.36222076416027, 32.537559509277393 ], [ 79.312217712402386, 32.487091064453288 ], [ 79.258407592773651, 32.523380279541129 ], [ 79.225743422925802, 32.516633551196598 ], [ 79.184703182568228, 32.479446742786237 ], [ 79.126525878906406, 32.464309692382862 ], [ 79.128633131802459, 32.426783495187671 ], [ 79.104469299316634, 32.371711730957202 ], [ 79.049217224121193, 32.383369445800952 ], [ 78.962745703029555, 32.33746179905323 ], [ 78.807902068934879, 32.439860410883277 ], [ 78.781181335449432, 32.475299835205192 ], [ 78.756187869929974, 32.565342022149594 ], [ 78.77985681567236, 32.600111334693494 ], [ 78.740140715139262, 32.655506170116944 ], [ 78.752270907688526, 32.690813676362893 ], [ 78.742324650485955, 32.696021169427397 ], [ 78.710406031873788, 32.663149005943531 ], [ 78.654426574707145, 32.649230957031413 ], [ 78.625671386718906, 32.607051849365469 ], [ 78.544929504394645, 32.612308502197436 ], [ 78.485610961914176, 32.57321929931647 ], [ 78.452720642090057, 32.579502105713054 ], [ 78.418535067809884, 32.558935374422219 ], [ 78.404944044194565, 32.52948346002443 ], [ 78.416526794433636, 32.515098571777443 ], [ 78.397452062611706, 32.525740670617829 ], [ 78.316315975519899, 32.444559188293255 ], [ 78.285691856817152, 32.463088464431031 ], [ 78.278518676757983, 32.507930755615334 ], [ 78.299171447754077, 32.529270172119247 ], [ 78.296623229980582, 32.577510833740277 ], [ 78.388816833496264, 32.623229980468857 ], [ 78.363151550293082, 32.671989440918175 ], [ 78.372117367401188, 32.755536190654766 ], [ 78.308991140541011, 32.736206916533874 ], [ 78.312233586202851, 32.709128716422569 ], [ 78.253025226076261, 32.691017665160516 ], [ 78.245488574641627, 32.671384952162775 ], [ 78.200313262895463, 32.660219585474351 ], [ 78.160817510007519, 32.673005132612666 ], [ 78.137792337310813, 32.638728753013716 ], [ 78.103051221840929, 32.654955476235656 ], [ 78.081554377943789, 32.620699180812949 ], [ 78.048819808855157, 32.627492455963917 ], [ 78.051944138294786, 32.588361432547515 ], [ 77.98255920410179, 32.586528778076278 ], [ 77.903251647949261, 32.693099975586101 ], [ 77.915130615234474, 32.766059875488345 ], [ 77.880897521972884, 32.775409698486484 ], [ 77.847602844238381, 32.828411102295071 ], [ 77.761428833007926, 32.864830017090064 ], [ 77.790168762207074, 32.90542984008799 ], [ 77.712486267090071, 32.971801757812727 ], [ 77.681304053246492, 32.978040921446265 ], [ 77.670016902578695, 32.956623085346045 ], [ 77.601973487665191, 32.938847433647695 ], [ 77.538337049432116, 32.885144267703829 ], [ 77.498354503915024, 32.88203775532898 ], [ 77.468499527318158, 32.857644161665561 ], [ 77.403574091666073, 32.881242293185224 ], [ 77.374662473038029, 32.854004127734811 ], [ 77.373282953612375, 32.822642014927055 ], [ 77.338881738939961, 32.815970339319392 ], [ 77.308631996763381, 32.850388756754967 ], [ 77.238876342773594, 32.865161895752067 ], [ 77.228256225585994, 32.895568847656307 ], [ 77.178624680194616, 32.921720995142643 ], [ 77.146186828613494, 32.914020538330185 ], [ 77.136280056432199, 32.97921574735993 ], [ 77.094864649871127, 32.970553651835928 ], [ 77.040377282120403, 32.997072204656199 ], [ 76.998466491699318, 32.989570617675994 ], [ 76.917510986328352, 33.033679962158367 ], [ 76.877197265625171, 33.114238739013722 ], [ 76.844436645507969, 33.112300872802962 ], [ 76.803459167480682, 33.155689239502074 ], [ 76.821165842156844, 33.235008116556102 ], [ 76.809331352211515, 33.243492713822839 ] ], [ [ 76.828872680664176, 33.242549896240455 ], [ 76.828497733932167, 33.245291354593014 ], [ 76.824322894651687, 33.238406777929242 ], [ 76.828872680664176, 33.242549896240455 ] ] ] } },
{ "type": "Feature", "properties": { "Name": "Jammu and Kashmir" }, "geometry": { "type": "Polygon", "coordinates": [ [ [ 76.809331352211515, 33.243492713822839 ], [ 76.773614720095452, 33.250509045895676 ], [ 76.777358772435605, 33.219570955354854 ], [ 76.748301806966694, 33.17935987323289 ], [ 76.649539948448876, 33.162434987948302 ], [ 76.599586486816449, 33.173759460449354 ], [ 76.582015424355632, 33.206800621261706 ], [ 76.486069436049661, 33.179347010491085 ], [ 76.410113263956532, 33.186470984128228 ], [ 76.291825720542931, 33.103173202277603 ], [ 76.296046405497862, 33.06058803593605 ], [ 76.278436829797997, 33.037799989862251 ], [ 76.247456797681295, 33.021559867619189 ], [ 76.112328157648776, 33.006314186215334 ], [ 76.088125135511405, 32.956217320667456 ], [ 75.953959806568776, 32.873390323157651 ], [ 75.903282875618117, 32.91346528356214 ], [ 75.842370464832925, 32.929306345200416 ], [ 75.801353110482239, 32.885665273215068 ], [ 75.883822267811126, 32.812213077733759 ], [ 75.926120303549965, 32.745613765010596 ], [ 75.900617983338293, 32.680943833517169 ], [ 75.92365608835901, 32.643897324311581 ], [ 75.936752066160182, 32.647883794526628 ], [ 75.930477181186959, 32.631881179571735 ], [ 75.88112537945652, 32.586008864539309 ], [ 75.876149956395409, 32.550460425675155 ], [ 75.820569526087112, 32.492302214654629 ], [ 75.734902092423795, 32.453970658959335 ], [ 75.729612775136673, 32.438952760911015 ], [ 75.743764329269482, 32.432040137555873 ], [ 75.728450829469509, 32.432506124366043 ], [ 75.722514401847718, 32.405457843217469 ], [ 75.5966888730009, 32.377680215106736 ], [ 75.550930728908654, 32.349390681408956 ], [ 75.533447815663905, 32.277659767008522 ], [ 75.494720458984489, 32.276908874511896 ], [ 75.490226745605696, 32.310211181640724 ], [ 75.467758178710994, 32.317562103271591 ], [ 75.47339477459667, 32.339285644513716 ], [ 75.431042489168306, 32.315950476176674 ], [ 75.338555254696587, 32.342212309138858 ], [ 75.327769201462218, 32.326122415900429 ], [ 75.324246824020065, 32.341335803755207 ], [ 75.24620260228987, 32.386946083276946 ], [ 75.193952603902744, 32.400474739050182 ], [ 75.188529968261761, 32.424480438232592 ], [ 75.131418517999293, 32.408869981206919 ], [ 75.093060687677848, 32.470537220108355 ], [ 75.034126119543373, 32.491949357077829 ], [ 75.01929934721386, 32.466167888557948 ], [ 74.97934722900402, 32.447769165039148 ], [ 74.94864767566952, 32.447811262100494 ], [ 74.933631896972813, 32.467571258545107 ], [ 74.899658203125171, 32.466129302978572 ], [ 74.856204095315491, 32.49270857163873 ], [ 74.818572998046989, 32.496059417724666 ], [ 74.79477091628155, 32.476408939655045 ], [ 74.687914946897934, 32.486880096507186 ], [ 74.681179513690097, 32.535910516189546 ], [ 74.652397155761832, 32.560161590576236 ], [ 74.639043426185481, 32.614647946714626 ], [ 74.676208496093821, 32.658000946044979 ], [ 74.650138854980582, 32.718410491943594 ], [ 74.697021484375057, 32.83971405029304 ], [ 74.640519425570901, 32.818950195265529 ], [ 74.658355171906635, 32.787660060432678 ], [ 74.632291087537055, 32.77640297239639 ], [ 74.634256078559247, 32.749546316871317 ], [ 74.619194449297026, 32.760688723128155 ], [ 74.531532287597813, 32.740730285644631 ], [ 74.44977936502805, 32.784551418418118 ], [ 74.415258845224287, 32.784564504840539 ], [ 74.391001008786404, 32.763169106916621 ], [ 74.355045855996252, 32.767004155043679 ], [ 74.275192260742344, 32.812751770019744 ], [ 74.25602114968973, 32.843178919728352 ], [ 74.183486938476733, 32.86569595336919 ], [ 74.153911670433786, 32.892615862948901 ], [ 74.068950090797784, 32.909561447554651 ], [ 73.999678696857188, 32.935405760564826 ], [ 74.00462915557921, 32.948199132773034 ], [ 73.963821411132869, 32.943370819091918 ], [ 73.942670101331473, 32.982661290580495 ], [ 73.911567517114008, 32.998660203591037 ], [ 73.825660603871427, 33.004017140901681 ], [ 73.825968115159469, 32.977245145624472 ], [ 73.793374105124471, 32.965772901855793 ], [ 73.787005267168112, 33.005686358722365 ], [ 73.762054443359489, 32.975749969482472 ], [ 73.74379730224625, 33.034973144531293 ], [ 73.694999694824375, 33.071933746338011 ], [ 73.590934753418026, 33.101165771484418 ], [ 73.583984375000171, 33.143970489502173 ], [ 73.605827331543026, 33.218116760254013 ], [ 73.579208374023608, 33.314830780029432 ], [ 73.539176940918125, 33.387851715088033 ], [ 73.582992553711051, 33.46397399902353 ], [ 73.575263977051009, 33.508419036865405 ], [ 73.596603393554858, 33.544052124023501 ], [ 73.536727905273665, 33.657295227050952 ], [ 73.563888549804787, 33.728572845459198 ], [ 73.524253845214957, 33.812259674072443 ], [ 73.54099273681652, 33.906906127929801 ], [ 73.491630554199332, 33.983322143554709 ], [ 73.511389121396121, 34.049447228676726 ], [ 73.478218078613324, 34.221958160400554 ], [ 73.447059631347813, 34.287563323974759 ], [ 73.409713745117401, 34.323051452636825 ], [ 73.396094476149869, 34.371613364678289 ], [ 73.442749023437557, 34.554992675781357 ], [ 73.453836361728065, 34.571069784378658 ], [ 73.526092529296918, 34.573608398437699 ], [ 73.556129134708371, 34.589842129505364 ], [ 73.641098022460994, 34.566940307617422 ], [ 73.674423217773608, 34.645828247070462 ], [ 73.663604736328168, 34.69443511962902 ], [ 73.703598022461108, 34.724708557128963 ], [ 73.732208251953281, 34.781105041504034 ], [ 73.833877563476719, 34.826942443847706 ], [ 73.90776062011723, 34.826660156250163 ], [ 73.986373901367287, 34.870544433593899 ], [ 74.051651000976733, 34.955551147461051 ], [ 74.055816650390724, 34.996101379394766 ], [ 74.085266113281421, 35.018325805664247 ], [ 74.060256958007983, 35.074714660644588 ], [ 74.102203369140781, 35.117767333984602 ], [ 74.202187039516673, 35.140918731689595 ], [ 74.293220975063605, 35.140007019043068 ], [ 74.419868924282355, 35.115001678467017 ], [ 74.446526028774471, 35.08440017700206 ], [ 74.487755276821403, 35.078937530517734 ], [ 74.637405850552, 35.154968261718977 ], [ 74.704880215786318, 35.097061157226683 ], [ 74.81394241061048, 35.04671096801777 ], [ 74.792732693813605, 35.001361846923871 ], [ 74.790222623012752, 34.914779663086122 ], [ 74.808624722622255, 34.941112518310653 ], [ 74.841240384243349, 34.933944702148501 ], [ 74.902939297817468, 34.88882827758794 ], [ 75.009758450649485, 34.862075805664176 ], [ 75.064285733364486, 34.797199249267742 ], [ 75.177200772427, 34.870960235595817 ], [ 75.188789822719912, 34.85466766357434 ], [ 75.207497098110537, 34.859066009521548 ], [ 75.257256009243349, 34.906845092773501 ], [ 75.357841946743235, 34.782356262207138 ], [ 75.34316299166511, 34.679668426513793 ], [ 75.352684476040281, 34.643795013427841 ], [ 75.394836880825423, 34.59054183959973 ], [ 75.463982083462042, 34.54987716674826 ], [ 75.440079190395565, 34.487251281738331 ], [ 75.481308438442511, 34.392169952392621 ], [ 75.476318814419017, 34.373760223388835 ], [ 75.632889248989315, 34.231460571289126 ], [ 75.737236477993235, 34.203220367431811 ], [ 75.768280484341048, 34.176959991455298 ], [ 75.833588101528449, 34.071609497070533 ], [ 75.937057950161304, 33.9806518554688 ], [ 75.997910000942568, 33.961978912353665 ], [ 76.095436551235409, 33.986431121826392 ], [ 76.130379178188605, 33.964019775390845 ], [ 76.227127530239443, 33.864471435547117 ], [ 76.325203396938662, 33.729209899902564 ], [ 76.332260586880068, 33.671878814697436 ], [ 76.305656888149542, 33.561801910400568 ], [ 76.36617324557146, 33.569568634033303 ], [ 76.399162747524585, 33.594921112060646 ], [ 76.420296170376105, 33.591979980468849 ], [ 76.489227749966005, 33.525772094726655 ], [ 76.532776333950252, 33.534778594970923 ], [ 76.633400418423037, 33.439540863037266 ], [ 76.705566861294187, 33.409671783447301 ], [ 76.713402249477596, 33.357028961181697 ], [ 76.768806912563647, 33.324680328369254 ], [ 76.773163296840934, 33.280269622802891 ], [ 76.809331352211515, 33.243492713822839 ] ] ] } },
{ "type": "Feature", "properties": { "Name": "Odisha" }, "geometry": { "type": "Polygon", "coordinates": [ [ [ 87.476389830004948, 21.64342837681043 ], [ 87.473618230136282, 21.605983162926279 ], [ 87.443805081510334, 21.596249047425047 ], [ 87.412719539568485, 21.550618776742404 ], [ 87.259188395307874, 21.554482947719169 ], [ 87.117062396641757, 21.517271729826014 ], [ 87.103911279172834, 21.490982605143873 ], [ 87.059948457701751, 21.472764517239057 ], [ 86.944950328364513, 21.355744585357815 ], [ 86.84130025938039, 21.203711448839908 ], [ 86.861322311081452, 21.203617315521349 ], [ 86.84656050891823, 21.173080241928183 ], [ 86.855785618489634, 21.085341358488254 ], [ 86.98595679154063, 20.854874848405426 ], [ 86.971377069800681, 20.786696561397683 ], [ 86.944439840043046, 20.766285691922668 ], [ 87.023951823406662, 20.76955460980421 ], [ 87.058528275136467, 20.716561878738535 ], [ 86.775518070225402, 20.520552276535671 ], [ 86.734532728238207, 20.463898422661721 ], [ 86.724645368062951, 20.393640289750969 ], [ 86.739508281899589, 20.400608787108379 ], [ 86.746713512486664, 20.378401743951052 ], [ 86.776464440885619, 20.405216170993089 ], [ 86.781177198698856, 20.37841309536039 ], [ 86.797533899461911, 20.375549910824819 ], [ 86.779058305607279, 20.356408653445659 ], [ 86.798285752523796, 20.363189283850279 ], [ 86.74761523867393, 20.306965755455778 ], [ 86.679840162213949, 20.264163421678564 ], [ 86.669253848068948, 20.275665029236318 ], [ 86.680188775019516, 20.25988988733716 ], [ 86.595571446707325, 20.22441096339913 ], [ 86.520439716042716, 20.170072654712126 ], [ 86.433965096626125, 20.052087810195225 ], [ 86.414024358627927, 19.997263047412883 ], [ 86.375138007557211, 19.962777330998453 ], [ 86.414092556029331, 19.974036963479481 ], [ 86.393495054337066, 19.954473353518612 ], [ 86.312067268102979, 19.939546258776453 ], [ 86.146118894926317, 19.871758461187486 ], [ 85.783270213961615, 19.779160199443183 ], [ 85.348812945469305, 19.582703290089718 ], [ 85.172589543258198, 19.467147009750917 ], [ 85.080735703224136, 19.375689657634435 ], [ 84.932049530820265, 19.278174533328958 ], [ 84.814747242542197, 19.162903479210517 ], [ 84.765178109943065, 19.077608813203017 ], [ 84.70397428254995, 19.117280135472615 ], [ 84.699287580371532, 19.143485315590368 ], [ 84.715325087256261, 19.155865091472592 ], [ 84.668832407824112, 19.16686749692445 ], [ 84.665247904363341, 19.130669235563758 ], [ 84.593439695908231, 19.133268378849575 ], [ 84.623425830198045, 19.085729088009291 ], [ 84.656903454587479, 19.09522958075938 ], [ 84.6687908948782, 19.07712922463206 ], [ 84.659072726098501, 19.063845445529033 ], [ 84.616246692975039, 19.066695225593921 ], [ 84.601074295149985, 19.024474340468021 ], [ 84.579614029899219, 19.03093086497687 ], [ 84.570792757065504, 19.074555375269313 ], [ 84.514310454144493, 19.049280385008114 ], [ 84.473995300275007, 18.990222036113671 ], [ 84.419088227340694, 19.022831449536582 ], [ 84.450032336727546, 18.978513344236397 ], [ 84.422239502086001, 18.948346478430974 ], [ 84.43608239329059, 18.921736888985233 ], [ 84.426309123647982, 18.910164853586547 ], [ 84.416962970583597, 18.918935842052576 ], [ 84.416075727933702, 18.898396420246193 ], [ 84.378903714564672, 18.903781738971794 ], [ 84.395667304540709, 18.891217557597791 ], [ 84.39015408402895, 18.877454503162742 ], [ 84.358160154892033, 18.895474636634262 ], [ 84.382230582100291, 18.875351957725776 ], [ 84.372354270304712, 18.862648655388426 ], [ 84.330694060875501, 18.882969684928202 ], [ 84.333220986735412, 18.860267446994509 ], [ 84.362944867759509, 18.839898861526567 ], [ 84.328880051499752, 18.818847836379994 ], [ 84.34249421725994, 18.802966717036853 ], [ 84.319018017527313, 18.78788332191937 ], [ 84.286985147321118, 18.804862015964474 ], [ 84.258479228210405, 18.783998443827063 ], [ 84.224324451064874, 18.799639368530976 ], [ 84.089276103350812, 18.758407708434824 ], [ 84.036516636359451, 18.817265955173639 ], [ 83.948224155591191, 18.806052878954901 ], [ 83.913863620228142, 18.828831329019209 ], [ 83.892971465732757, 18.815661204444886 ], [ 83.846147497505328, 18.868855071637398 ], [ 83.845930470820889, 18.913342192220874 ], [ 83.826719393005476, 18.916043330821257 ], [ 83.794829680119591, 19.017740760137936 ], [ 83.744993039110312, 18.987741835534692 ], [ 83.784596583544271, 18.93335580661773 ], [ 83.778383658969531, 18.911123142712615 ], [ 83.753998182709665, 18.924891508697467 ], [ 83.733151793784742, 18.987474883811736 ], [ 83.709773554435529, 19.001919369111175 ], [ 83.730156175518587, 19.021719843755875 ], [ 83.700277070104988, 19.025215960598931 ], [ 83.626170606437114, 19.162437155554425 ], [ 83.599261666424397, 19.12993111298967 ], [ 83.610749517212128, 19.095831566692258 ], [ 83.585723038199831, 19.086323437539136 ], [ 83.584589192733034, 19.057332752459391 ], [ 83.563552453494353, 19.057617516903818 ], [ 83.560307166461314, 19.086836728312267 ], [ 83.549178401937041, 19.080285759088795 ], [ 83.55770051511989, 19.055969406827167 ], [ 83.536837110306863, 19.009260430823709 ], [ 83.501066434645068, 19.020427628391392 ], [ 83.496597023255831, 19.035236054639469 ], [ 83.519433076330486, 19.038831621857835 ], [ 83.511846166850546, 19.070083327558311 ], [ 83.500734971576605, 19.060399564575128 ], [ 83.483526405616146, 19.092024871539515 ], [ 83.468106716864753, 19.092887066071519 ], [ 83.478502322268199, 19.079042416491969 ], [ 83.462537825059854, 19.063863645707343 ], [ 83.483477566010791, 19.033313364370425 ], [ 83.479809903707533, 19.008233010963362 ], [ 83.450069888940959, 19.009424628488357 ], [ 83.467964616861522, 18.990848179961993 ], [ 83.461957632862251, 18.954545080268989 ], [ 83.398725228097916, 19.010219159712499 ], [ 83.369669627169898, 19.003504232299957 ], [ 83.348583989037053, 19.019387355820864 ], [ 83.338780557560469, 18.996972509667525 ], [ 83.310641951484598, 18.998640526802237 ], [ 83.339012480108963, 18.952745644258222 ], [ 83.326493258272151, 18.931949511434542 ], [ 83.348432920254041, 18.926253895557966 ], [ 83.353973482788092, 18.967227527456235 ], [ 83.387372977104022, 18.932945665603242 ], [ 83.370599476913767, 18.926003453793722 ], [ 83.370142278451581, 18.941683646752313 ], [ 83.352479359891788, 18.943430534890414 ], [ 83.357823545314858, 18.915586528787653 ], [ 83.389518894214277, 18.910093011382376 ], [ 83.376417417647971, 18.897845240325413 ], [ 83.412849318935898, 18.874422163656401 ], [ 83.403961134189927, 18.84320658450557 ], [ 83.377522296938437, 18.831719852472087 ], [ 83.363898600053062, 18.844016694295135 ], [ 83.328820758139003, 18.807084107746782 ], [ 83.282686965544357, 18.798700590020147 ], [ 83.269479827337705, 18.765282488873201 ], [ 83.222749163525577, 18.775959866880218 ], [ 83.21058435042454, 18.7314582747406 ], [ 83.204681512607777, 18.752314382153425 ], [ 83.137177563870196, 18.786239942937591 ], [ 83.113292902872814, 18.768971800374121 ], [ 83.120940233937048, 18.759307303392443 ], [ 83.056174399592848, 18.6662208642203 ], [ 83.011292601586092, 18.646937934323216 ], [ 82.999039321497577, 18.608552900512809 ], [ 83.023783304607534, 18.589616737846363 ], [ 83.051011222902886, 18.600150410938575 ], [ 83.027963768394102, 18.574473488817279 ], [ 83.043160683039901, 18.545366196949484 ], [ 83.093179364946579, 18.547551628651451 ], [ 83.019108380240823, 18.45713177471514 ], [ 83.040684974625904, 18.425115507828384 ], [ 83.065459743898998, 18.430983064423479 ], [ 83.05558562758597, 18.420262374849944 ], [ 83.075312108405711, 18.404020174386631 ], [ 83.052753636550477, 18.380649691462789 ], [ 83.020196231965073, 18.392365789783636 ], [ 82.968749352724146, 18.36068280629139 ], [ 82.938000885626366, 18.361498273870922 ], [ 82.894185429184361, 18.381538678992911 ], [ 82.894991729135583, 18.424073098800672 ], [ 82.85111641614958, 18.420952548974643 ], [ 82.801433107677809, 18.449921382213514 ], [ 82.780457940765359, 18.431456879066591 ], [ 82.797827720183307, 18.407421580090187 ], [ 82.772560824153203, 18.341101527970583 ], [ 82.665064933588781, 18.298703535806847 ], [ 82.640948032937615, 18.302706893717399 ], [ 82.650810906834877, 18.250687559505799 ], [ 82.635989946118627, 18.237389835209751 ], [ 82.586089346857747, 18.276741465457128 ], [ 82.596952545129497, 18.304858208488284 ], [ 82.57960117039508, 18.315836991112928 ], [ 82.608933379667093, 18.327099175532293 ], [ 82.602036546106945, 18.352248704381939 ], [ 82.621219477009546, 18.359680587243627 ], [ 82.59478769692295, 18.389201399460692 ], [ 82.535520795385906, 18.406143367050404 ], [ 82.561388430779147, 18.448462738234536 ], [ 82.540684220909156, 18.458293395815325 ], [ 82.538533345098529, 18.444409633044131 ], [ 82.519412718649093, 18.465569503234079 ], [ 82.534182901195578, 18.477707202504888 ], [ 82.532154161229315, 18.510960986934599 ], [ 82.503910399264583, 18.51418500651565 ], [ 82.481072513626714, 18.549381421317541 ], [ 82.362521827615154, 18.422213008982595 ], [ 82.383855055813342, 18.368179291902251 ], [ 82.336529934556879, 18.327383320097884 ], [ 82.354184933569144, 18.31659820355728 ], [ 82.387274759742013, 18.32918276956508 ], [ 82.390654648540618, 18.298627646508724 ], [ 82.374817565677247, 18.281358861336809 ], [ 82.342987728200001, 18.281227186661184 ], [ 82.322750512022083, 18.231892007313593 ], [ 82.335393882827773, 18.224986491993736 ], [ 82.309192652663896, 18.204773660703161 ], [ 82.313808732887935, 18.184708115086863 ], [ 82.370670432980987, 18.148844591384286 ], [ 82.361606500036203, 18.13549071347418 ], [ 82.338115045113398, 18.150514417347516 ], [ 82.334140115863832, 18.106537958133835 ], [ 82.350127674622115, 18.077268688265502 ], [ 82.339078380457764, 18.055478589443407 ], [ 82.320596417547776, 18.06058717839413 ], [ 82.306520334475223, 18.045587555714238 ], [ 82.302745725042456, 18.068793120691886 ], [ 82.289727541167622, 18.069583331020826 ], [ 82.259951599179558, 18.042528036834838 ], [ 82.264557338896353, 17.995563997514523 ], [ 82.185918142493122, 18.015797137221121 ], [ 82.167172211433552, 18.052630880274641 ], [ 82.135514455232112, 18.044615901042118 ], [ 82.13182543368633, 18.060566862142462 ], [ 82.074964576213034, 18.075886909353077 ], [ 82.059898383509051, 18.056121723730499 ], [ 82.030664411301586, 18.069985706310778 ], [ 82.005745572918173, 18.056988946383704 ], [ 82.007700428248967, 18.030742798759231 ], [ 81.962215316307507, 18.000922233155165 ], [ 81.808179071820533, 17.956389021319453 ], [ 81.725875968970243, 17.879022890999021 ], [ 81.710430278482889, 17.873855963483901 ], [ 81.70089965008674, 17.902787519841457 ], [ 81.671569126054209, 17.888012038498452 ], [ 81.617228599010005, 17.823087248071989 ], [ 81.574411449326391, 17.838707260375205 ], [ 81.492354183928356, 17.812673699714829 ], [ 81.476565775380351, 17.83842516839972 ], [ 81.390992527316428, 17.816491004335777 ], [ 81.400186432109805, 17.893548937519704 ], [ 81.44462148894263, 17.885733370498539 ], [ 81.449104036396292, 17.931914300200091 ], [ 81.482940018515492, 17.976794562715156 ], [ 81.480809692565288, 18.051307643140746 ], [ 81.513285102524861, 18.099990963170342 ], [ 81.525806747117983, 18.153380937663922 ], [ 81.506993423547456, 18.186176876314853 ], [ 81.525466050266701, 18.25807715468925 ], [ 81.597588921497845, 18.308886955612785 ], [ 81.662221181749203, 18.32120428184804 ], [ 81.64965614223965, 18.336883011895878 ], [ 81.659132968736799, 18.346538999338943 ], [ 81.750289764619438, 18.353575698865857 ], [ 81.769535910866907, 18.41889202851409 ], [ 81.854741442552381, 18.490241231288319 ], [ 81.868241249183654, 18.524897816877012 ], [ 81.909179635332592, 18.537890356817591 ], [ 81.910684498486461, 18.570611314062099 ], [ 81.950566230502673, 18.569998637220905 ], [ 81.963634932934156, 18.590419262841813 ], [ 81.894751079393714, 18.629099435868142 ], [ 81.893763816523432, 18.657435718091097 ], [ 81.948937695385339, 18.643686073423236 ], [ 81.970979237998563, 18.698612977608082 ], [ 82.030917888026991, 18.723762897558508 ], [ 82.084969226720006, 18.718568456563681 ], [ 82.091574527326003, 18.765705953914605 ], [ 82.133412624741041, 18.765339249601713 ], [ 82.133489741514921, 18.780420712797508 ], [ 82.16543062513432, 18.798599528071115 ], [ 82.160408198279754, 18.878887267905103 ], [ 82.176142336906494, 18.902644080319067 ], [ 82.246049909646388, 18.919085381505006 ], [ 82.232757753982952, 19.017911212036157 ], [ 82.202251070240479, 19.066613400040445 ], [ 82.218412271546583, 19.097243100174797 ], [ 82.204909444779332, 19.097115154958843 ], [ 82.205813423042997, 19.12410428602826 ], [ 82.182526098590415, 19.13129312816007 ], [ 82.173967738385812, 19.118196281922579 ], [ 82.166093005095604, 19.132673805071821 ], [ 82.18092958481968, 19.150791150751559 ], [ 82.169654926706784, 19.160973524907192 ], [ 82.186137139182989, 19.166322043773405 ], [ 82.161703516817141, 19.202220444917788 ], [ 82.158423944682937, 19.265141934515988 ], [ 82.194120803082868, 19.325909738482164 ], [ 82.147109270217356, 19.365306384309129 ], [ 82.178833907788331, 19.379025273634518 ], [ 82.189442558542879, 19.427503767524055 ], [ 82.126141113757384, 19.429060510894917 ], [ 82.102820781607988, 19.466081305637193 ], [ 82.10025504762946, 19.516564110555287 ], [ 82.029057609125928, 19.507638867629769 ], [ 82.050710506411249, 19.548793960823918 ], [ 82.039883700688236, 19.597611325410973 ], [ 82.059018792708699, 19.62815040395494 ], [ 82.044752024250798, 19.708852214077766 ], [ 82.065549567282133, 19.790632858233796 ], [ 81.985949447511047, 19.801089315592879 ], [ 81.968133992321071, 19.859870411595018 ], [ 81.853158635276301, 19.918454188189315 ], [ 81.845278552518536, 19.959509073595211 ], [ 81.870920827556461, 20.044147760661257 ], [ 81.895284058834946, 20.048213813657021 ], [ 81.946385824208292, 20.105108768241081 ], [ 81.995348768263824, 20.053541577779274 ], [ 82.017680254711379, 20.048977077215103 ], [ 82.032561375602214, 20.015720887943093 ], [ 82.070469351734047, 20.056947947428956 ], [ 82.126785991841942, 20.014796347740297 ], [ 82.171234894408229, 20.005510900223719 ], [ 82.184256998530969, 19.984163883283621 ], [ 82.237480560350917, 20.003453096852461 ], [ 82.269172677111968, 19.975234879079956 ], [ 82.303122359894985, 19.889358991017072 ], [ 82.343954922706871, 19.835062260301303 ], [ 82.394873061656355, 19.887987991010558 ], [ 82.445993623378712, 19.910164260036723 ], [ 82.603431782456781, 19.866961623124119 ], [ 82.575789983360565, 19.833366323266986 ], [ 82.594738285989067, 19.774272331508186 ], [ 82.652161157351912, 19.832137139234813 ], [ 82.707332325996617, 19.835009570685418 ], [ 82.724586595543798, 19.875508517490022 ], [ 82.707410592614067, 19.902011859069308 ], [ 82.715549842924517, 19.99463483608433 ], [ 82.642535714472459, 20.005079544721013 ], [ 82.596743718267021, 19.989931400543021 ], [ 82.551102479129156, 20.016144262441728 ], [ 82.510090408669001, 20.016535275712037 ], [ 82.399227435688672, 20.056568741270336 ], [ 82.386729643162965, 20.144861620687827 ], [ 82.421754603951186, 20.204268871247734 ], [ 82.411359243787814, 20.264285997858661 ], [ 82.437909711984716, 20.293380544030846 ], [ 82.40030088113069, 20.340770964849082 ], [ 82.438029397224966, 20.434165218833986 ], [ 82.418582564648077, 20.480300602938858 ], [ 82.39699901730269, 20.458120742648532 ], [ 82.389577384360337, 20.516903591187148 ], [ 82.358365914785296, 20.528068334434348 ], [ 82.332142159365688, 20.562005408732105 ], [ 82.376558294983695, 20.632377007473437 ], [ 82.345660380561966, 20.731559021816487 ], [ 82.350838173739888, 20.889474833490809 ], [ 82.365542157636469, 20.869385831177233 ], [ 82.406398050594561, 20.868900869473801 ], [ 82.420909584814581, 20.830259319665718 ], [ 82.465415761268432, 20.827724216318092 ], [ 82.487662763858495, 20.860355240215821 ], [ 82.488100014331451, 20.908623894304888 ], [ 82.560158746749636, 20.946679757837742 ], [ 82.629363050911451, 21.038414055647287 ], [ 82.611828774693606, 21.073641036743652 ], [ 82.650020408249461, 21.106321933040526 ], [ 82.640492195423107, 21.154707548872782 ], [ 82.75591808453234, 21.166859527761581 ], [ 82.793816373232147, 21.14264458568169 ], [ 82.851005410431611, 21.168487677274857 ], [ 82.882300531125864, 21.14828472010856 ], [ 82.902231946408051, 21.166848498491319 ], [ 82.947810098660113, 21.161632752781269 ], [ 82.943971498636373, 21.177708697068233 ], [ 82.96506208558813, 21.193130417232307 ], [ 82.965686585390529, 21.17518586358846 ], [ 82.988213530870851, 21.182667031268021 ], [ 82.980690750322424, 21.169880602912688 ], [ 83.003893291778496, 21.166784608122551 ], [ 82.990522076285217, 21.139662171745126 ], [ 83.016126325637131, 21.1461598604673 ], [ 83.077944518937898, 21.111801163466804 ], [ 83.13162521993118, 21.105665579474582 ], [ 83.16704973339148, 21.138640050714852 ], [ 83.198240125794968, 21.145295366858186 ], [ 83.223092420575412, 21.265625642743288 ], [ 83.250730193422513, 21.282240350689253 ], [ 83.271444873157094, 21.272796062571899 ], [ 83.279410040745276, 21.29481293299477 ], [ 83.257484096936111, 21.320357914946172 ], [ 83.268869237947499, 21.378450564108658 ], [ 83.379026789088073, 21.344411534224857 ], [ 83.406892848103396, 21.351283196940596 ], [ 83.399073265981713, 21.405203442318541 ], [ 83.354516288900228, 21.447933276175625 ], [ 83.338027242939631, 21.501965208807356 ], [ 83.373308586503185, 21.55802938125181 ], [ 83.365119651272693, 21.575943549275888 ], [ 83.38283213347998, 21.619999225632593 ], [ 83.442799085829719, 21.655277125379079 ], [ 83.456257790045186, 21.609864514167256 ], [ 83.489763559550781, 21.631333742533158 ], [ 83.418173544691655, 21.679809576225523 ], [ 83.433011029917537, 21.698935233170335 ], [ 83.460852519111526, 21.69757998074013 ], [ 83.490703067082222, 21.744440234469472 ], [ 83.470775116602141, 21.786626492012417 ], [ 83.494296740545437, 21.817442798662544 ], [ 83.542453845485454, 21.798381687885751 ], [ 83.533277304228207, 21.830039804300082 ], [ 83.578336945305054, 21.830379759088697 ], [ 83.591044660637905, 21.850978305970774 ], [ 83.576102989703642, 21.882915598596774 ], [ 83.605771238062189, 21.91403371520498 ], [ 83.556877374452014, 21.935225611363979 ], [ 83.561718224838231, 21.94799542522853 ], [ 83.539166916149043, 21.965870044420836 ], [ 83.555594688922426, 22.006923675983121 ], [ 83.53658028556039, 22.039434894383394 ], [ 83.547965826322127, 22.059037926896153 ], [ 83.58686755295723, 22.048616052632219 ], [ 83.606634694221711, 22.066573323298368 ], [ 83.56273957967187, 22.102908123741226 ], [ 83.649675401341881, 22.223231674326161 ], [ 83.704110501222559, 22.246606446224121 ], [ 83.75791778741582, 22.240230688213767 ], [ 83.79501390302481, 22.285840922630289 ], [ 83.826529502629128, 22.292714615292518 ], [ 83.821674638524485, 22.312745089125208 ], [ 83.864248546887026, 22.343240971488079 ], [ 83.890507750726115, 22.336439210675795 ], [ 83.923458250893319, 22.358304861076213 ], [ 84.010470133816767, 22.371478890951856 ], [ 84.047426566788943, 22.438130001721383 ], [ 84.047427366289554, 22.469119022059544 ], [ 83.980116165469255, 22.502290273492317 ], [ 83.981794884969915, 22.522791612155022 ], [ 84.002864719041995, 22.532120966600836 ], [ 84.059896059688256, 22.516331674806217 ], [ 84.111753458234219, 22.476997522590025 ], [ 84.134002164030036, 22.478081638574917 ], [ 84.156316616623187, 22.407629972987657 ], [ 84.196873044503221, 22.378026145081936 ], [ 84.250444450170846, 22.378902033772714 ], [ 84.291495989011295, 22.342794665096324 ], [ 84.429442046710349, 22.352428220439226 ], [ 84.430995281447323, 22.372925238187534 ], [ 84.48528398647943, 22.389246281373548 ], [ 84.480222901524897, 22.413247800920782 ], [ 84.535289704798217, 22.426977224350274 ], [ 84.628850676248803, 22.434445363542135 ], [ 84.666598782802751, 22.419469002721502 ], [ 84.749950054299603, 22.418879815297963 ], [ 84.759076338409969, 22.44658833511274 ], [ 84.81024589963782, 22.453243290304464 ], [ 84.836895729589969, 22.431392713365238 ], [ 84.88011086169054, 22.448840196450181 ], [ 84.886209902345158, 22.420079952793131 ], [ 84.95435914329066, 22.45866514482325 ], [ 84.958990410432875, 22.44496339576073 ], [ 85.067195777832254, 22.484193697069792 ], [ 85.076945937415886, 22.463625145659488 ], [ 85.059713157366929, 22.448576640944381 ], [ 85.087835820143169, 22.387490562063814 ], [ 85.07658031141716, 22.356067710556662 ], [ 85.095667418130063, 22.344616548138223 ], [ 85.092013743494121, 22.315980210124174 ], [ 85.118038849963369, 22.31748772011764 ], [ 85.116995790934141, 22.294381980679415 ], [ 85.070220203272967, 22.27332168721415 ], [ 85.078223480988768, 22.257247310589591 ], [ 85.054310876097801, 22.183622456619243 ], [ 85.029855037496688, 22.162319194004553 ], [ 85.028449547776205, 22.122130891636829 ], [ 84.984683292062314, 22.095464771705114 ], [ 84.986912313217815, 22.08257428095278 ], [ 85.03928954795407, 22.11543592123564 ], [ 85.098525241119845, 22.10583213744469 ], [ 85.121915008549109, 22.070749931964727 ], [ 85.154817185642273, 22.078414286917205 ], [ 85.174089534848264, 22.051506431759343 ], [ 85.167646526576405, 22.069079624654112 ], [ 85.181054173246054, 22.072746427096636 ], [ 85.238142125721495, 22.009265167832655 ], [ 85.310595639859301, 22.118737047888402 ], [ 85.36653976119527, 22.122878801078208 ], [ 85.371080878805472, 22.160906419883592 ], [ 85.423301423999987, 22.157961341235534 ], [ 85.545181865630781, 22.089620748035017 ], [ 85.599405759910084, 22.078265731719636 ], [ 85.651625340313984, 22.095359525402522 ], [ 85.685280902096579, 22.054443932661716 ], [ 85.749393844485581, 22.073481390328418 ], [ 85.807427499274695, 22.116026425192327 ], [ 85.838357171836677, 22.079436762688484 ], [ 85.795647855919739, 22.080659638449692 ], [ 85.76604514594942, 21.994832992414612 ], [ 85.825760226863167, 21.974982836403743 ], [ 85.896744142111885, 21.983765759554313 ], [ 85.909172259507514, 21.96924119200602 ], [ 85.91915181827197, 22.008053786284783 ], [ 85.946419359457863, 22.021822719264435 ], [ 86.009255691623551, 22.115736351192247 ], [ 85.996763874691126, 22.132365283326816 ], [ 86.031305120546619, 22.189918145888825 ], [ 85.973884409632063, 22.246991674363731 ], [ 86.0171382797826, 22.297187942860713 ], [ 86.048792638555625, 22.307908948150835 ], [ 86.015780345076635, 22.312303683138261 ], [ 86.029070860416368, 22.334236267393607 ], [ 85.99804369189998, 22.341530731181773 ], [ 86.02400516890107, 22.364204529688344 ], [ 86.027080074270842, 22.39503293688977 ], [ 86.018115824678162, 22.425657390711923 ], [ 85.957129478517032, 22.464736893135555 ], [ 85.9734077123383, 22.505769699104004 ], [ 86.028553529627388, 22.523973464742223 ], [ 86.024048659937236, 22.544555811026669 ], [ 86.046917846472823, 22.56725493803 ], [ 86.118503786573811, 22.486611746474512 ], [ 86.283427986003474, 22.447750342982868 ], [ 86.359576135259246, 22.348689856716828 ], [ 86.432787425949897, 22.306414913107488 ], [ 86.444590080549162, 22.305684359842136 ], [ 86.446879107369014, 22.327580644833677 ], [ 86.496924756700523, 22.347131501956788 ], [ 86.534412792894898, 22.301059818804745 ], [ 86.584894501533313, 22.300522096510655 ], [ 86.595697543223764, 22.277557520110999 ], [ 86.646684679075292, 22.267600885265178 ], [ 86.656102958772109, 22.235711372895782 ], [ 86.725343329394306, 22.218688343695103 ], [ 86.721856082936085, 22.146670751775048 ], [ 86.794854220477788, 22.157107273102767 ], [ 86.808914881273537, 22.119084118248779 ], [ 86.828377370587503, 22.117668792329308 ], [ 86.837868243142452, 22.097616795259505 ], [ 86.965038222982642, 22.085791397576099 ], [ 87.028123751401381, 22.036624053530179 ], [ 87.03093826571299, 21.985464019749344 ], [ 87.001741584369611, 21.913830649514527 ], [ 87.037786931607599, 21.86805086157089 ], [ 87.098662653834765, 21.865731989911659 ], [ 87.096419812996928, 21.913880827369688 ], [ 87.161555152265251, 21.935497878100126 ], [ 87.170203122114387, 21.979330289319851 ], [ 87.196217677870635, 21.959414856741908 ], [ 87.235919287790935, 21.956977609265476 ], [ 87.255184032758038, 21.92663254832916 ], [ 87.238705205133797, 21.901682161333607 ], [ 87.263952845775819, 21.818785754036377 ], [ 87.337743733979337, 21.784834457014345 ], [ 87.354778031266235, 21.792450089648845 ], [ 87.369333575748627, 21.765175289835 ], [ 87.385315054709096, 21.776506245037666 ], [ 87.444367298419124, 21.769152684621268 ], [ 87.445039054995306, 21.733886484917875 ], [ 87.469541838654891, 21.732462108310077 ], [ 87.461379431573008, 21.657058670105855 ], [ 87.476389830004948, 21.64342837681043 ] ] ] } }
]
}
